
Convert + check images:   0%|          | 0/70000 [00:00<?, ?it/s]
Convert + check images:   0%|          | 15/70000 [00:00<08:09, 142.89it/s]
Convert + check images:   0%|          | 32/70000 [00:00<07:30, 155.31it/s]
Convert + check images:   0%|          | 48/70000 [00:00<07:32, 154.47it/s]
Convert + check images:   0%|          | 66/70000 [00:00<07:16, 160.31it/s]
Convert + check images:   0%|          | 83/70000 [00:00<07:10, 162.30it/s]
Convert + check images:   0%|          | 101/70000 [00:00<07:00, 166.38it/s]
Convert + check images:   0%|          | 118/70000 [00:00<07:03, 164.86it/s]
Convert + check images:   0%|          | 135/70000 [00:01<15:30, 75.09it/s] 
Convert + check images:   0%|          | 151/70000 [00:01<13:08, 88.60it/s]
Convert + check images:   0%|          | 168/70000 [00:01<11:20, 102.55it/s]
Convert + check images:   0%|          | 186/70000 [00:01<09:49, 118.34it/s]
Convert + check images:   0%|          | 202/70000 [00:01<10:39, 109.08it/s]
Convert + check images:   0%|          | 219/70000 [00:01<09:32, 121.88it/s]
Convert + check images:   0%|          | 237/70000 [00:01<08:39, 134.29it/s]
Convert + check images:   0%|          | 254/70000 [00:02<08:16, 140.56it/s]
Convert + check images:   0%|          | 270/70000 [00:02<07:59, 145.51it/s]
Convert + check images:   0%|          | 286/70000 [00:02<07:50, 148.25it/s]
Convert + check images:   0%|          | 303/70000 [00:02<07:34, 153.30it/s]
Convert + check images:   0%|          | 319/70000 [00:02<07:37, 152.47it/s]
Convert + check images:   0%|          | 336/70000 [00:02<07:22, 157.37it/s]
Convert + check images:   1%|          | 354/70000 [00:02<07:10, 161.81it/s]
Convert + check images:   1%|          | 372/70000 [00:02<07:11, 161.36it/s]
Convert + check images:   1%|          | 389/70000 [00:02<07:09, 161.89it/s]
Convert + check images:   1%|          | 407/70000 [00:02<07:00, 165.32it/s]
Convert + check images:   1%|          | 425/70000 [00:03<06:54, 167.85it/s]
Convert + check images:   1%|          | 442/70000 [00:03<08:16, 140.04it/s]
Convert + check images:   1%|          | 457/70000 [00:03<08:15, 140.47it/s]
Convert + check images:   1%|          | 474/70000 [00:03<07:52, 147.19it/s]
Convert + check images:   1%|          | 492/70000 [00:03<07:29, 154.67it/s]
Convert + check images:   1%|          | 508/70000 [00:03<08:19, 139.08it/s]
Convert + check images:   1%|          | 524/70000 [00:03<08:01, 144.17it/s]
Convert + check images:   1%|          | 541/70000 [00:03<07:42, 150.10it/s]
Convert + check images:   1%|          | 557/70000 [00:04<08:56, 129.33it/s]
Convert + check images:   1%|          | 571/70000 [00:04<08:54, 129.96it/s]
Convert + check images:   1%|          | 588/70000 [00:04<08:21, 138.48it/s]
Convert + check images:   1%|          | 606/70000 [00:04<07:51, 147.11it/s]
Convert + check images:   1%|          | 622/70000 [00:04<08:39, 133.61it/s]
Convert + check images:   1%|          | 636/70000 [00:04<08:36, 134.27it/s]
Convert + check images:   1%|          | 653/70000 [00:04<08:04, 143.17it/s]
Convert + check images:   1%|          | 670/70000 [00:04<07:48, 148.10it/s]
Convert + check images:   1%|          | 686/70000 [00:04<08:43, 132.37it/s]
Convert + check images:   1%|          | 701/70000 [00:05<08:34, 134.76it/s]
Convert + check images:   1%|          | 718/70000 [00:05<08:06, 142.29it/s]
Convert + check images:   1%|          | 733/70000 [00:05<08:40, 133.05it/s]
Convert + check images:   1%|          | 750/70000 [00:05<08:14, 140.16it/s]
Convert + check images:   1%|          | 769/70000 [00:05<07:37, 151.40it/s]
Convert + check images:   1%|          | 785/70000 [00:05<07:36, 151.57it/s]
Convert + check images:   1%|          | 801/70000 [00:05<07:52, 146.40it/s]
Convert + check images:   1%|          | 819/70000 [00:05<07:30, 153.49it/s]
Convert + check images:   1%|          | 836/70000 [00:05<07:21, 156.78it/s]
Convert + check images:   1%|          | 852/70000 [00:06<07:28, 154.21it/s]
Convert + check images:   1%|          | 869/70000 [00:06<07:17, 158.05it/s]
Convert + check images:   1%|▏         | 885/70000 [00:06<07:20, 157.00it/s]
Convert + check images:   1%|▏         | 901/70000 [00:06<07:36, 151.33it/s]
Convert + check images:   1%|▏         | 918/70000 [00:06<07:27, 154.23it/s]
Convert + check images:   1%|▏         | 936/70000 [00:06<07:12, 159.66it/s]
Convert + check images:   1%|▏         | 953/70000 [00:06<07:08, 161.17it/s]
Convert + check images:   1%|▏         | 970/70000 [00:06<07:08, 160.99it/s]
Convert + check images:   1%|▏         | 987/70000 [00:06<07:02, 163.38it/s]
Convert + check images:   1%|▏         | 1004/70000 [00:07<08:16, 138.95it/s]
Convert + check images:   1%|▏         | 1019/70000 [00:07<09:32, 120.45it/s]
Convert + check images:   1%|▏         | 1033/70000 [00:07<09:13, 124.53it/s]
Convert + check images:   2%|▏         | 1051/70000 [00:07<08:22, 137.28it/s]
Convert + check images:   2%|▏         | 1069/70000 [00:07<07:53, 145.72it/s]
Convert + check images:   2%|▏         | 1085/70000 [00:07<09:38, 119.21it/s]
Convert + check images:   2%|▏         | 1101/70000 [00:07<09:09, 125.50it/s]
Convert + check images:   2%|▏         | 1117/70000 [00:07<08:39, 132.63it/s]
Convert + check images:   2%|▏         | 1134/70000 [00:08<08:13, 139.57it/s]
Convert + check images:   2%|▏         | 1150/70000 [00:08<08:01, 143.00it/s]
Convert + check images:   2%|▏         | 1168/70000 [00:08<07:36, 150.73it/s]
Convert + check images:   2%|▏         | 1186/70000 [00:08<07:17, 157.41it/s]
Convert + check images:   2%|▏         | 1203/70000 [00:08<08:10, 140.27it/s]
Convert + check images:   2%|▏         | 1221/70000 [00:08<07:40, 149.41it/s]
Convert + check images:   2%|▏         | 1238/70000 [00:08<07:24, 154.61it/s]
Convert + check images:   2%|▏         | 1254/70000 [00:08<07:48, 146.80it/s]
Convert + check images:   2%|▏         | 1271/70000 [00:08<07:31, 152.22it/s]
Convert + check images:   2%|▏         | 1288/70000 [00:09<07:23, 154.84it/s]
Convert + check images:   2%|▏         | 1306/70000 [00:09<07:08, 160.18it/s]
Convert + check images:   2%|▏         | 1325/70000 [00:09<07:04, 161.68it/s]
Convert + check images:   2%|▏         | 1342/70000 [00:09<07:12, 158.74it/s]
Convert + check images:   2%|▏         | 1358/70000 [00:09<08:19, 137.48it/s]
Convert + check images:   2%|▏         | 1376/70000 [00:09<07:43, 147.99it/s]
Convert + check images:   2%|▏         | 1394/70000 [00:09<07:30, 152.43it/s]
Convert + check images:   2%|▏         | 1410/70000 [00:09<08:06, 140.97it/s]
Convert + check images:   2%|▏         | 1427/70000 [00:10<07:43, 147.96it/s]
Convert + check images:   2%|▏         | 1443/70000 [00:10<08:44, 130.64it/s]
Convert + check images:   2%|▏         | 1461/70000 [00:10<08:09, 140.13it/s]
Convert + check images:   2%|▏         | 1476/70000 [00:10<08:12, 139.26it/s]
Convert + check images:   2%|▏         | 1491/70000 [00:11<19:48, 57.65it/s] 
Convert + check images:   2%|▏         | 1505/70000 [00:11<16:48, 67.93it/s]
Convert + check images:   2%|▏         | 1523/70000 [00:11<13:24, 85.10it/s]
Convert + check images:   2%|▏         | 1540/70000 [00:11<11:30, 99.13it/s]
Convert + check images:   2%|▏         | 1554/70000 [00:11<10:47, 105.74it/s]
Convert + check images:   2%|▏         | 1571/70000 [00:11<09:29, 120.08it/s]
Convert + check images:   2%|▏         | 1590/70000 [00:11<08:29, 134.28it/s]
Convert + check images:   2%|▏         | 1607/70000 [00:11<08:01, 142.14it/s]
Convert + check images:   2%|▏         | 1623/70000 [00:11<07:58, 142.81it/s]
Convert + check images:   2%|▏         | 1639/70000 [00:12<08:11, 139.20it/s]
Convert + check images:   2%|▏         | 1654/70000 [00:12<08:10, 139.48it/s]
Convert + check images:   2%|▏         | 1669/70000 [00:12<08:11, 139.12it/s]
Convert + check images:   2%|▏         | 1686/70000 [00:12<07:50, 145.24it/s]
Convert + check images:   2%|▏         | 1701/70000 [00:12<07:54, 143.79it/s]
Convert + check images:   2%|▏         | 1719/70000 [00:12<07:32, 151.06it/s]
Convert + check images:   2%|▏         | 1735/70000 [00:12<08:01, 141.81it/s]
Convert + check images:   3%|▎         | 1752/70000 [00:12<07:38, 148.96it/s]
Convert + check images:   3%|▎         | 1771/70000 [00:12<07:11, 158.17it/s]
Convert + check images:   3%|▎         | 1788/70000 [00:13<08:03, 140.96it/s]
Convert + check images:   3%|▎         | 1806/70000 [00:13<07:43, 147.23it/s]
Convert + check images:   3%|▎         | 1822/70000 [00:13<07:35, 149.67it/s]
Convert + check images:   3%|▎         | 1839/70000 [00:13<07:24, 153.37it/s]
Convert + check images:   3%|▎         | 1855/70000 [00:13<07:19, 155.22it/s]
Convert + check images:   3%|▎         | 1871/70000 [00:13<07:48, 145.57it/s]
Convert + check images:   3%|▎         | 1889/70000 [00:13<07:22, 153.97it/s]
Convert + check images:   3%|▎         | 1907/70000 [00:13<07:03, 160.71it/s]
Convert + check images:   3%|▎         | 1924/70000 [00:13<07:15, 156.46it/s]
Convert + check images:   3%|▎         | 1940/70000 [00:14<09:19, 121.58it/s]
Convert + check images:   3%|▎         | 1957/70000 [00:14<08:37, 131.51it/s]
Convert + check images:   3%|▎         | 1974/70000 [00:14<08:11, 138.44it/s]
Convert + check images:   3%|▎         | 1989/70000 [00:14<09:43, 116.64it/s]
Convert + check images:   3%|▎         | 2002/70000 [00:14<09:27, 119.77it/s]
Convert + check images:   3%|▎         | 2019/70000 [00:14<08:35, 131.79it/s]
Convert + check images:   3%|▎         | 2038/70000 [00:14<07:46, 145.67it/s]
Convert + check images:   3%|▎         | 2055/70000 [00:14<07:29, 151.06it/s]
Convert + check images:   3%|▎         | 2071/70000 [00:15<07:24, 152.70it/s]
Convert + check images:   3%|▎         | 2088/70000 [00:15<07:14, 156.27it/s]
Convert + check images:   3%|▎         | 2104/70000 [00:15<07:28, 151.48it/s]
Convert + check images:   3%|▎         | 2121/70000 [00:15<07:15, 155.73it/s]
Convert + check images:   3%|▎         | 2137/70000 [00:15<07:16, 155.43it/s]
Convert + check images:   3%|▎         | 2155/70000 [00:15<07:12, 156.96it/s]
Convert + check images:   3%|▎         | 2171/70000 [00:15<08:23, 134.73it/s]
Convert + check images:   3%|▎         | 2188/70000 [00:15<07:57, 141.96it/s]
Convert + check images:   3%|▎         | 2205/70000 [00:15<07:35, 148.70it/s]
Convert + check images:   3%|▎         | 2221/70000 [00:16<07:30, 150.46it/s]
Convert + check images:   3%|▎         | 2239/70000 [00:16<07:20, 153.93it/s]
Convert + check images:   3%|▎         | 2255/70000 [00:16<07:27, 151.30it/s]
Convert + check images:   3%|▎         | 2273/70000 [00:16<07:15, 155.57it/s]
Convert + check images:   3%|▎         | 2289/70000 [00:16<07:12, 156.39it/s]
Convert + check images:   3%|▎         | 2305/70000 [00:16<07:19, 153.90it/s]
Convert + check images:   3%|▎         | 2324/70000 [00:16<07:02, 160.23it/s]
Convert + check images:   3%|▎         | 2342/70000 [00:16<06:52, 164.12it/s]
Convert + check images:   3%|▎         | 2359/70000 [00:16<06:53, 163.54it/s]
Convert + check images:   3%|▎         | 2376/70000 [00:17<07:23, 152.34it/s]
Convert + check images:   3%|▎         | 2392/70000 [00:17<07:17, 154.40it/s]
Convert + check images:   3%|▎         | 2410/70000 [00:17<07:06, 158.42it/s]
Convert + check images:   3%|▎         | 2426/70000 [00:17<07:16, 154.72it/s]
Convert + check images:   3%|▎         | 2446/70000 [00:17<06:56, 162.17it/s]
Convert + check images:   4%|▎         | 2463/70000 [00:17<07:01, 160.29it/s]
Convert + check images:   4%|▎         | 2480/70000 [00:17<08:15, 136.23it/s]
Convert + check images:   4%|▎         | 2497/70000 [00:17<07:51, 143.17it/s]
Convert + check images:   4%|▎         | 2512/70000 [00:17<08:49, 127.37it/s]
Convert + check images:   4%|▎         | 2529/70000 [00:18<08:09, 137.73it/s]
Convert + check images:   4%|▎         | 2546/70000 [00:18<07:49, 143.63it/s]
Convert + check images:   4%|▎         | 2561/70000 [00:18<12:37, 89.08it/s] 
Convert + check images:   4%|▎         | 2577/70000 [00:18<11:06, 101.15it/s]
Convert + check images:   4%|▎         | 2594/70000 [00:18<09:45, 115.14it/s]
Convert + check images:   4%|▎         | 2612/70000 [00:18<08:53, 126.29it/s]
Convert + check images:   4%|▍         | 2629/70000 [00:18<08:13, 136.46it/s]
Convert + check images:   4%|▍         | 2648/70000 [00:19<07:43, 145.18it/s]
Convert + check images:   4%|▍         | 2666/70000 [00:19<07:21, 152.38it/s]
Convert + check images:   4%|▍         | 2683/70000 [00:19<07:13, 155.12it/s]
Convert + check images:   4%|▍         | 2700/70000 [00:19<07:07, 157.26it/s]
Convert + check images:   4%|▍         | 2718/70000 [00:19<06:54, 162.35it/s]
Convert + check images:   4%|▍         | 2737/70000 [00:19<06:47, 164.99it/s]
Convert + check images:   4%|▍         | 2754/70000 [00:19<07:09, 156.58it/s]
Convert + check images:   4%|▍         | 2770/70000 [00:19<07:41, 145.59it/s]
Convert + check images:   4%|▍         | 2785/70000 [00:19<07:38, 146.64it/s]
Convert + check images:   4%|▍         | 2802/70000 [00:20<07:19, 152.84it/s]
Convert + check images:   4%|▍         | 2818/70000 [00:20<07:36, 147.06it/s]
Convert + check images:   4%|▍         | 2834/70000 [00:20<07:29, 149.40it/s]
Convert + check images:   4%|▍         | 2850/70000 [00:20<07:21, 152.19it/s]
Convert + check images:   4%|▍         | 2868/70000 [00:20<07:11, 155.75it/s]
Convert + check images:   4%|▍         | 2889/70000 [00:20<06:49, 163.83it/s]
Convert + check images:   4%|▍         | 2906/70000 [00:20<07:07, 156.78it/s]
Convert + check images:   4%|▍         | 2927/70000 [00:20<06:48, 164.19it/s]
Convert + check images:   4%|▍         | 2946/70000 [00:20<06:44, 165.61it/s]
Convert + check images:   4%|▍         | 2963/70000 [00:21<06:52, 162.60it/s]
Convert + check images:   4%|▍         | 2980/70000 [00:21<07:37, 146.58it/s]
Convert + check images:   4%|▍         | 2997/70000 [00:21<07:21, 151.70it/s]
Convert + check images:   4%|▍         | 3013/70000 [00:21<07:26, 149.89it/s]
Convert + check images:   4%|▍         | 3029/70000 [00:21<07:44, 144.24it/s]
Convert + check images:   4%|▍         | 3045/70000 [00:21<07:35, 147.05it/s]
Convert + check images:   4%|▍         | 3065/70000 [00:21<07:10, 155.54it/s]
Convert + check images:   4%|▍         | 3081/70000 [00:21<07:08, 156.10it/s]
Convert + check images:   4%|▍         | 3099/70000 [00:21<06:58, 160.04it/s]
Convert + check images:   4%|▍         | 3119/70000 [00:22<06:43, 165.82it/s]
Convert + check images:   4%|▍         | 3136/70000 [00:22<06:42, 165.99it/s]
Convert + check images:   5%|▍         | 3157/70000 [00:22<06:29, 171.65it/s]
Convert + check images:   5%|▍         | 3175/70000 [00:22<06:38, 167.52it/s]
Convert + check images:   5%|▍         | 3192/70000 [00:22<06:48, 163.61it/s]
Convert + check images:   5%|▍         | 3209/70000 [00:22<06:54, 161.00it/s]
Convert + check images:   5%|▍         | 3226/70000 [00:22<06:59, 159.15it/s]
Convert + check images:   5%|▍         | 3243/70000 [00:22<07:00, 158.70it/s]
Convert + check images:   5%|▍         | 3261/70000 [00:22<06:47, 163.82it/s]
Convert + check images:   5%|▍         | 3278/70000 [00:23<07:15, 153.21it/s]
Convert + check images:   5%|▍         | 3294/70000 [00:23<07:24, 150.11it/s]
Convert + check images:   5%|▍         | 3311/70000 [00:23<07:14, 153.58it/s]
Convert + check images:   5%|▍         | 3328/70000 [00:23<07:05, 156.84it/s]
Convert + check images:   5%|▍         | 3344/70000 [00:23<08:28, 131.01it/s]
Convert + check images:   5%|▍         | 3361/70000 [00:23<07:55, 140.07it/s]
Convert + check images:   5%|▍         | 3381/70000 [00:23<07:18, 151.95it/s]
Convert + check images:   5%|▍         | 3400/70000 [00:23<07:06, 156.25it/s]
Convert + check images:   5%|▍         | 3418/70000 [00:23<06:50, 162.16it/s]
Convert + check images:   5%|▍         | 3436/70000 [00:24<06:51, 161.66it/s]
Convert + check images:   5%|▍         | 3453/70000 [00:24<06:49, 162.52it/s]
Convert + check images:   5%|▍         | 3470/70000 [00:24<07:18, 151.74it/s]
Convert + check images:   5%|▍         | 3486/70000 [00:24<07:26, 149.08it/s]
Convert + check images:   5%|▌         | 3504/70000 [00:24<07:07, 155.42it/s]
Convert + check images:   5%|▌         | 3521/70000 [00:24<06:59, 158.63it/s]
Convert + check images:   5%|▌         | 3537/70000 [00:24<07:01, 157.79it/s]
Convert + check images:   5%|▌         | 3555/70000 [00:24<06:54, 160.39it/s]
Convert + check images:   5%|▌         | 3572/70000 [00:24<06:51, 161.26it/s]
Convert + check images:   5%|▌         | 3590/70000 [00:25<06:47, 162.95it/s]
Convert + check images:   5%|▌         | 3612/70000 [00:25<06:21, 174.17it/s]
Convert + check images:   5%|▌         | 3630/70000 [00:25<06:36, 167.51it/s]
Convert + check images:   5%|▌         | 3647/70000 [00:25<07:10, 154.12it/s]
Convert + check images:   5%|▌         | 3663/70000 [00:25<07:15, 152.38it/s]
Convert + check images:   5%|▌         | 3683/70000 [00:25<06:49, 162.08it/s]
Convert + check images:   5%|▌         | 3700/70000 [00:25<07:18, 151.03it/s]
Convert + check images:   5%|▌         | 3718/70000 [00:25<07:02, 157.00it/s]
Convert + check images:   5%|▌         | 3735/70000 [00:25<06:53, 160.31it/s]
Convert + check images:   5%|▌         | 3752/70000 [00:26<07:02, 156.88it/s]
Convert + check images:   5%|▌         | 3772/70000 [00:26<06:43, 163.98it/s]
Convert + check images:   5%|▌         | 3789/70000 [00:26<06:40, 165.36it/s]
Convert + check images:   5%|▌         | 3806/70000 [00:26<08:15, 133.63it/s]
Convert + check images:   5%|▌         | 3821/70000 [00:26<08:09, 135.27it/s]
Convert + check images:   5%|▌         | 3837/70000 [00:26<07:47, 141.42it/s]
Convert + check images:   6%|▌         | 3857/70000 [00:26<07:13, 152.54it/s]
Convert + check images:   6%|▌         | 3875/70000 [00:26<06:57, 158.56it/s]
Convert + check images:   6%|▌         | 3892/70000 [00:27<06:50, 161.08it/s]
Convert + check images:   6%|▌         | 3910/70000 [00:27<06:43, 163.89it/s]
Convert + check images:   6%|▌         | 3927/70000 [00:27<06:48, 161.89it/s]
Convert + check images:   6%|▌         | 3945/70000 [00:27<06:35, 166.84it/s]
Convert + check images:   6%|▌         | 3964/70000 [00:27<06:40, 164.74it/s]
Convert + check images:   6%|▌         | 3981/70000 [00:27<07:05, 155.20it/s]
Convert + check images:   6%|▌         | 3997/70000 [00:27<07:06, 154.77it/s]
Convert + check images:   6%|▌         | 4013/70000 [00:27<07:33, 145.64it/s]
Convert + check images:   6%|▌         | 4030/70000 [00:27<07:14, 151.94it/s]
Convert + check images:   6%|▌         | 4046/70000 [00:28<08:19, 131.95it/s]
Convert + check images:   6%|▌         | 4066/70000 [00:28<07:34, 144.91it/s]
Convert + check images:   6%|▌         | 4083/70000 [00:28<07:19, 150.00it/s]
Convert + check images:   6%|▌         | 4099/70000 [00:28<07:15, 151.43it/s]
Convert + check images:   6%|▌         | 4119/70000 [00:28<06:47, 161.51it/s]
Convert + check images:   6%|▌         | 4136/70000 [00:28<06:43, 163.39it/s]
Convert + check images:   6%|▌         | 4153/70000 [00:28<08:06, 135.28it/s]
Convert + check images:   6%|▌         | 4168/70000 [00:28<09:41, 113.21it/s]
Convert + check images:   6%|▌         | 4181/70000 [00:29<09:42, 112.96it/s]
Convert + check images:   6%|▌         | 4194/70000 [00:29<09:50, 111.49it/s]
Convert + check images:   6%|▌         | 4207/70000 [00:29<09:34, 114.49it/s]
Convert + check images:   6%|▌         | 4219/70000 [00:29<09:52, 110.99it/s]
Convert + check images:   6%|▌         | 4235/70000 [00:29<09:09, 119.71it/s]
Convert + check images:   6%|▌         | 4252/70000 [00:29<08:25, 130.13it/s]
Convert + check images:   6%|▌         | 4269/70000 [00:29<07:54, 138.65it/s]
Convert + check images:   6%|▌         | 4287/70000 [00:29<07:28, 146.48it/s]
Convert + check images:   6%|▌         | 4302/70000 [00:30<09:53, 110.61it/s]
Convert + check images:   6%|▌         | 4319/70000 [00:30<08:49, 123.98it/s]
Convert + check images:   6%|▌         | 4333/70000 [00:30<09:35, 114.17it/s]
Convert + check images:   6%|▌         | 4348/70000 [00:30<08:59, 121.74it/s]
Convert + check images:   6%|▌         | 4364/70000 [00:30<08:20, 131.07it/s]
Convert + check images:   6%|▋         | 4386/70000 [00:30<07:18, 149.69it/s]
Convert + check images:   6%|▋         | 4402/70000 [00:30<07:18, 149.63it/s]
Convert + check images:   6%|▋         | 4420/70000 [00:30<07:02, 155.07it/s]
Convert + check images:   6%|▋         | 4438/70000 [00:30<06:48, 160.68it/s]
Convert + check images:   6%|▋         | 4455/70000 [00:31<07:38, 142.80it/s]
Convert + check images:   6%|▋         | 4474/70000 [00:31<07:04, 154.21it/s]
Convert + check images:   6%|▋         | 4493/70000 [00:31<06:53, 158.35it/s]
Convert + check images:   6%|▋         | 4510/70000 [00:31<06:58, 156.45it/s]
Convert + check images:   6%|▋         | 4527/70000 [00:31<06:59, 156.00it/s]
Convert + check images:   6%|▋         | 4546/70000 [00:31<06:36, 165.28it/s]
Convert + check images:   7%|▋         | 4564/70000 [00:31<06:45, 161.46it/s]
Convert + check images:   7%|▋         | 4581/70000 [00:31<07:11, 151.53it/s]
Convert + check images:   7%|▋         | 4600/70000 [00:32<07:00, 155.59it/s]
Convert + check images:   7%|▋         | 4617/70000 [00:32<06:50, 159.38it/s]
Convert + check images:   7%|▋         | 4635/70000 [00:32<06:38, 164.15it/s]
Convert + check images:   7%|▋         | 4653/70000 [00:32<06:33, 166.27it/s]
Convert + check images:   7%|▋         | 4672/70000 [00:32<06:20, 171.76it/s]
Convert + check images:   7%|▋         | 4690/70000 [00:32<06:22, 170.60it/s]
Convert + check images:   7%|▋         | 4708/70000 [00:32<06:32, 166.49it/s]
Convert + check images:   7%|▋         | 4725/70000 [00:32<06:44, 161.33it/s]
Convert + check images:   7%|▋         | 4742/70000 [00:32<07:02, 154.51it/s]
Convert + check images:   7%|▋         | 4758/70000 [00:32<07:00, 155.20it/s]
Convert + check images:   7%|▋         | 4777/70000 [00:33<06:51, 158.54it/s]
Convert + check images:   7%|▋         | 4793/70000 [00:33<07:11, 150.97it/s]
Convert + check images:   7%|▋         | 4809/70000 [00:33<07:22, 147.28it/s]
Convert + check images:   7%|▋         | 4826/70000 [00:33<07:08, 151.93it/s]
Convert + check images:   7%|▋         | 4842/70000 [00:33<07:38, 142.19it/s]
Convert + check images:   7%|▋         | 4857/70000 [00:33<07:32, 144.03it/s]
Convert + check images:   7%|▋         | 4876/70000 [00:33<07:03, 153.62it/s]
Convert + check images:   7%|▋         | 4893/70000 [00:33<06:51, 158.09it/s]
Convert + check images:   7%|▋         | 4909/70000 [00:33<07:03, 153.63it/s]
Convert + check images:   7%|▋         | 4925/70000 [00:34<07:08, 151.69it/s]
Convert + check images:   7%|▋         | 4941/70000 [00:34<08:09, 132.83it/s]
Convert + check images:   7%|▋         | 4957/70000 [00:34<07:45, 139.59it/s]
Convert + check images:   7%|▋         | 4977/70000 [00:34<07:14, 149.67it/s]
Convert + check images:   7%|▋         | 4997/70000 [00:34<06:47, 159.58it/s]
Convert + check images:   7%|▋         | 5014/70000 [00:34<06:52, 157.64it/s]
Convert + check images:   7%|▋         | 5030/70000 [00:34<08:08, 133.11it/s]
Convert + check images:   7%|▋         | 5050/70000 [00:34<07:31, 143.91it/s]
Convert + check images:   7%|▋         | 5069/70000 [00:35<07:06, 152.38it/s]
Convert + check images:   7%|▋         | 5085/70000 [00:35<08:12, 131.92it/s]
Convert + check images:   7%|▋         | 5103/70000 [00:35<07:37, 141.95it/s]
Convert + check images:   7%|▋         | 5118/70000 [00:35<07:31, 143.81it/s]
Convert + check images:   7%|▋         | 5133/70000 [00:35<08:12, 131.73it/s]
Convert + check images:   7%|▋         | 5153/70000 [00:35<07:21, 146.96it/s]
Convert + check images:   7%|▋         | 5171/70000 [00:35<07:02, 153.35it/s]
Convert + check images:   7%|▋         | 5190/70000 [00:35<06:39, 162.17it/s]
Convert + check images:   7%|▋         | 5209/70000 [00:36<06:33, 164.83it/s]
Convert + check images:   7%|▋         | 5231/70000 [00:36<06:13, 173.23it/s]
Convert + check images:   7%|▋         | 5249/70000 [00:36<06:49, 158.21it/s]
Convert + check images:   8%|▊         | 5267/70000 [00:36<06:40, 161.70it/s]
Convert + check images:   8%|▊         | 5287/70000 [00:36<06:22, 169.40it/s]
Convert + check images:   8%|▊         | 5305/70000 [00:36<06:15, 172.12it/s]
Convert + check images:   8%|▊         | 5323/70000 [00:36<06:37, 162.83it/s]
Convert + check images:   8%|▊         | 5342/70000 [00:36<06:23, 168.69it/s]
Convert + check images:   8%|▊         | 5361/70000 [00:36<06:16, 171.77it/s]
Convert + check images:   8%|▊         | 5379/70000 [00:37<06:12, 173.70it/s]
Convert + check images:   8%|▊         | 5397/70000 [00:37<06:25, 167.44it/s]
Convert + check images:   8%|▊         | 5414/70000 [00:37<06:26, 166.95it/s]
Convert + check images:   8%|▊         | 5431/70000 [00:37<06:37, 162.59it/s]
Convert + check images:   8%|▊         | 5448/70000 [00:37<06:36, 162.86it/s]
Convert + check images:   8%|▊         | 5466/70000 [00:37<06:31, 164.94it/s]
Convert + check images:   8%|▊         | 5483/70000 [00:37<06:40, 161.24it/s]
Convert + check images:   8%|▊         | 5500/70000 [00:37<06:55, 155.16it/s]
Convert + check images:   8%|▊         | 5516/70000 [00:37<07:36, 141.40it/s]
Convert + check images:   8%|▊         | 5535/70000 [00:38<07:02, 152.62it/s]
Convert + check images:   8%|▊         | 5556/70000 [00:38<06:23, 168.09it/s]
Convert + check images:   8%|▊         | 5574/70000 [00:38<06:57, 154.28it/s]
Convert + check images:   8%|▊         | 5596/70000 [00:38<06:28, 165.75it/s]
Convert + check images:   8%|▊         | 5613/70000 [00:38<06:31, 164.47it/s]
Convert + check images:   8%|▊         | 5630/70000 [00:38<06:40, 160.70it/s]
Convert + check images:   8%|▊         | 5647/70000 [00:38<06:39, 161.28it/s]
Convert + check images:   8%|▊         | 5666/70000 [00:38<06:32, 163.95it/s]
Convert + check images:   8%|▊         | 5686/70000 [00:38<06:14, 171.95it/s]
Convert + check images:   8%|▊         | 5704/70000 [00:39<06:09, 173.93it/s]
Convert + check images:   8%|▊         | 5722/70000 [00:39<06:49, 157.12it/s]
Convert + check images:   8%|▊         | 5739/70000 [00:39<06:49, 156.77it/s]
Convert + check images:   8%|▊         | 5758/70000 [00:39<06:40, 160.28it/s]
Convert + check images:   8%|▊         | 5775/70000 [00:39<07:12, 148.50it/s]
Convert + check images:   8%|▊         | 5791/70000 [00:39<09:08, 117.12it/s]
Convert + check images:   8%|▊         | 5809/70000 [00:39<08:13, 130.17it/s]
Convert + check images:   8%|▊         | 5828/70000 [00:39<07:37, 140.22it/s]
Convert + check images:   8%|▊         | 5847/70000 [00:40<07:04, 151.08it/s]
Convert + check images:   8%|▊         | 5868/70000 [00:40<06:35, 161.95it/s]
Convert + check images:   8%|▊         | 5886/70000 [00:40<06:27, 165.25it/s]
Convert + check images:   8%|▊         | 5904/70000 [00:40<06:54, 154.82it/s]
Convert + check images:   8%|▊         | 5920/70000 [00:40<06:55, 154.32it/s]
Convert + check images:   8%|▊         | 5937/70000 [00:40<06:55, 154.06it/s]
Convert + check images:   9%|▊         | 5954/70000 [00:40<06:49, 156.44it/s]
Convert + check images:   9%|▊         | 5975/70000 [00:40<06:27, 165.10it/s]
Convert + check images:   9%|▊         | 5993/70000 [00:40<06:32, 162.98it/s]
Convert + check images:   9%|▊         | 6010/70000 [00:41<06:36, 161.24it/s]
Convert + check images:   9%|▊         | 6027/70000 [00:41<07:03, 151.23it/s]
Convert + check images:   9%|▊         | 6044/70000 [00:41<06:53, 154.56it/s]
Convert + check images:   9%|▊         | 6060/70000 [00:41<07:02, 151.42it/s]
Convert + check images:   9%|▊         | 6076/70000 [00:41<07:04, 150.47it/s]
Convert + check images:   9%|▊         | 6095/70000 [00:41<06:36, 161.03it/s]
Convert + check images:   9%|▊         | 6114/70000 [00:41<06:24, 166.09it/s]
Convert + check images:   9%|▉         | 6135/70000 [00:41<06:10, 172.46it/s]
Convert + check images:   9%|▉         | 6153/70000 [00:41<06:33, 162.18it/s]
Convert + check images:   9%|▉         | 6170/70000 [00:42<07:00, 151.77it/s]
Convert + check images:   9%|▉         | 6189/70000 [00:42<06:37, 160.39it/s]
Convert + check images:   9%|▉         | 6210/70000 [00:42<06:18, 168.66it/s]
Convert + check images:   9%|▉         | 6228/70000 [00:42<06:49, 155.79it/s]
Convert + check images:   9%|▉         | 6245/70000 [00:42<06:43, 157.86it/s]
Convert + check images:   9%|▉         | 6264/70000 [00:42<06:34, 161.53it/s]
Convert + check images:   9%|▉         | 6286/70000 [00:42<06:08, 173.11it/s]
Convert + check images:   9%|▉         | 6306/70000 [00:42<05:56, 178.60it/s]
Convert + check images:   9%|▉         | 6326/70000 [00:42<05:45, 184.36it/s]
Convert + check images:   9%|▉         | 6346/70000 [00:43<05:55, 178.84it/s]
Convert + check images:   9%|▉         | 6365/70000 [00:43<05:49, 181.92it/s]
Convert + check images:   9%|▉         | 6384/70000 [00:43<05:45, 183.90it/s]
Convert + check images:   9%|▉         | 6403/70000 [00:43<06:24, 165.27it/s]
Convert + check images:   9%|▉         | 6420/70000 [00:43<06:37, 160.08it/s]
Convert + check images:   9%|▉         | 6439/70000 [00:43<06:23, 165.95it/s]
Convert + check images:   9%|▉         | 6456/70000 [00:43<06:23, 165.74it/s]
Convert + check images:   9%|▉         | 6473/70000 [00:43<07:32, 140.53it/s]
Convert + check images:   9%|▉         | 6493/70000 [00:44<06:51, 154.37it/s]
Convert + check images:   9%|▉         | 6512/70000 [00:44<06:38, 159.19it/s]
Convert + check images:   9%|▉         | 6529/70000 [00:44<12:04, 87.57it/s] 
Convert + check images:   9%|▉         | 6549/70000 [00:44<09:58, 106.00it/s]
Convert + check images:   9%|▉         | 6568/70000 [00:44<08:47, 120.33it/s]
Convert + check images:   9%|▉         | 6584/70000 [00:44<08:28, 124.62it/s]
Convert + check images:   9%|▉         | 6604/70000 [00:44<07:34, 139.44it/s]
Convert + check images:   9%|▉         | 6622/70000 [00:45<07:04, 149.26it/s]
Convert + check images:   9%|▉         | 6640/70000 [00:45<06:47, 155.48it/s]
Convert + check images:  10%|▉         | 6657/70000 [00:45<08:12, 128.53it/s]
Convert + check images:  10%|▉         | 6672/70000 [00:45<07:58, 132.31it/s]
Convert + check images:  10%|▉         | 6690/70000 [00:45<07:25, 142.06it/s]
Convert + check images:  10%|▉         | 6708/70000 [00:45<07:00, 150.52it/s]
Convert + check images:  10%|▉         | 6725/70000 [00:45<06:47, 155.42it/s]
Convert + check images:  10%|▉         | 6743/70000 [00:45<06:32, 161.34it/s]
Convert + check images:  10%|▉         | 6760/70000 [00:45<06:32, 160.97it/s]
Convert + check images:  10%|▉         | 6777/70000 [00:46<06:33, 160.56it/s]
Convert + check images:  10%|▉         | 6795/70000 [00:46<06:21, 165.67it/s]
Convert + check images:  10%|▉         | 6813/70000 [00:46<06:35, 159.65it/s]
Convert + check images:  10%|▉         | 6830/70000 [00:46<06:52, 153.09it/s]
Convert + check images:  10%|▉         | 6851/70000 [00:46<06:24, 164.25it/s]
Convert + check images:  10%|▉         | 6869/70000 [00:46<06:39, 158.02it/s]
Convert + check images:  10%|▉         | 6885/70000 [00:46<08:02, 130.88it/s]
Convert + check images:  10%|▉         | 6905/70000 [00:46<07:18, 144.04it/s]
Convert + check images:  10%|▉         | 6923/70000 [00:47<07:04, 148.63it/s]
Convert + check images:  10%|▉         | 6939/70000 [00:47<07:59, 131.53it/s]
Convert + check images:  10%|▉         | 6956/70000 [00:47<07:31, 139.61it/s]
Convert + check images:  10%|▉         | 6976/70000 [00:47<06:57, 150.79it/s]
Convert + check images:  10%|▉         | 6995/70000 [00:47<06:33, 159.96it/s]
Convert + check images:  10%|█         | 7012/70000 [00:47<06:28, 162.01it/s]
Convert + check images:  10%|█         | 7030/70000 [00:47<06:27, 162.65it/s]
Convert + check images:  10%|█         | 7047/70000 [00:47<06:45, 155.42it/s]
Convert + check images:  10%|█         | 7068/70000 [00:48<06:24, 163.81it/s]
Convert + check images:  10%|█         | 7086/70000 [00:48<06:21, 165.01it/s]
Convert + check images:  10%|█         | 7103/70000 [00:48<06:30, 161.23it/s]
Convert + check images:  10%|█         | 7125/70000 [00:48<06:07, 171.12it/s]
Convert + check images:  10%|█         | 7143/70000 [00:48<06:14, 167.72it/s]
Convert + check images:  10%|█         | 7161/70000 [00:48<06:09, 169.95it/s]
Convert + check images:  10%|█         | 7179/70000 [00:48<06:06, 171.41it/s]
Convert + check images:  10%|█         | 7197/70000 [00:48<06:12, 168.44it/s]
Convert + check images:  10%|█         | 7214/70000 [00:48<06:12, 168.78it/s]
Convert + check images:  10%|█         | 7231/70000 [00:48<06:19, 165.60it/s]
Convert + check images:  10%|█         | 7252/70000 [00:49<05:52, 177.81it/s]
Convert + check images:  10%|█         | 7271/70000 [00:49<05:46, 181.28it/s]
Convert + check images:  10%|█         | 7290/70000 [00:49<05:41, 183.53it/s]
Convert + check images:  10%|█         | 7309/70000 [00:49<05:45, 181.34it/s]
Convert + check images:  10%|█         | 7328/70000 [00:49<05:44, 181.75it/s]
Convert + check images:  10%|█         | 7347/70000 [00:49<06:12, 168.32it/s]
Convert + check images:  11%|█         | 7365/70000 [00:49<06:10, 169.23it/s]
Convert + check images:  11%|█         | 7383/70000 [00:49<06:04, 171.72it/s]
Convert + check images:  11%|█         | 7402/70000 [00:49<06:06, 170.85it/s]
Convert + check images:  11%|█         | 7420/70000 [00:50<06:04, 171.71it/s]
Convert + check images:  11%|█         | 7438/70000 [00:50<06:05, 171.16it/s]
Convert + check images:  11%|█         | 7456/70000 [00:50<06:30, 160.35it/s]
Convert + check images:  11%|█         | 7476/70000 [00:50<06:17, 165.67it/s]
Convert + check images:  11%|█         | 7493/70000 [00:50<06:16, 166.09it/s]
Convert + check images:  11%|█         | 7512/70000 [00:50<06:29, 160.33it/s]
Convert + check images:  11%|█         | 7529/70000 [00:50<06:41, 155.67it/s]
Convert + check images:  11%|█         | 7545/70000 [00:50<06:42, 155.11it/s]
Convert + check images:  11%|█         | 7561/70000 [00:50<06:47, 153.41it/s]
Convert + check images:  11%|█         | 7581/70000 [00:51<06:28, 160.61it/s]
Convert + check images:  11%|█         | 7598/70000 [00:51<06:37, 156.81it/s]
Convert + check images:  11%|█         | 7620/70000 [00:51<06:13, 166.84it/s]
Convert + check images:  11%|█         | 7637/70000 [00:51<06:13, 167.06it/s]
Convert + check images:  11%|█         | 7654/70000 [00:51<06:23, 162.51it/s]
Convert + check images:  11%|█         | 7673/70000 [00:51<06:08, 169.36it/s]
Convert + check images:  11%|█         | 7690/70000 [00:51<06:11, 167.76it/s]
Convert + check images:  11%|█         | 7707/70000 [00:51<06:51, 151.49it/s]
Convert + check images:  11%|█         | 7726/70000 [00:51<06:26, 161.28it/s]
Convert + check images:  11%|█         | 7745/70000 [00:52<06:08, 168.88it/s]
Convert + check images:  11%|█         | 7764/70000 [00:52<06:06, 169.92it/s]
Convert + check images:  11%|█         | 7782/70000 [00:52<06:33, 158.27it/s]
Convert + check images:  11%|█         | 7800/70000 [00:52<06:23, 162.36it/s]
Convert + check images:  11%|█         | 7818/70000 [00:52<06:12, 167.01it/s]
Convert + check images:  11%|█         | 7836/70000 [00:52<06:09, 168.39it/s]
Convert + check images:  11%|█         | 7853/70000 [00:52<06:13, 166.32it/s]
Convert + check images:  11%|█         | 7873/70000 [00:52<05:59, 173.03it/s]
Convert + check images:  11%|█▏        | 7891/70000 [00:52<06:19, 163.70it/s]
Convert + check images:  11%|█▏        | 7908/70000 [00:53<06:24, 161.38it/s]
Convert + check images:  11%|█▏        | 7927/70000 [00:53<06:19, 163.72it/s]
Convert + check images:  11%|█▏        | 7944/70000 [00:53<06:24, 161.30it/s]
Convert + check images:  11%|█▏        | 7962/70000 [00:53<06:15, 165.19it/s]
Convert + check images:  11%|█▏        | 7980/70000 [00:53<06:12, 166.64it/s]
Convert + check images:  11%|█▏        | 7999/70000 [00:53<05:57, 173.28it/s]
Convert + check images:  11%|█▏        | 8017/70000 [00:53<07:02, 146.71it/s]
Convert + check images:  11%|█▏        | 8036/70000 [00:53<06:37, 155.72it/s]
Convert + check images:  12%|█▏        | 8059/70000 [00:53<05:59, 172.48it/s]
Convert + check images:  12%|█▏        | 8080/70000 [00:54<05:53, 175.03it/s]
Convert + check images:  12%|█▏        | 8098/70000 [00:54<06:17, 163.87it/s]
Convert + check images:  12%|█▏        | 8116/70000 [00:54<06:12, 166.32it/s]
Convert + check images:  12%|█▏        | 8133/70000 [00:54<06:25, 160.29it/s]
Convert + check images:  12%|█▏        | 8150/70000 [00:54<08:17, 124.44it/s]
Convert + check images:  12%|█▏        | 8164/70000 [00:54<08:17, 124.19it/s]
Convert + check images:  12%|█▏        | 8183/70000 [00:54<07:26, 138.53it/s]
Convert + check images:  12%|█▏        | 8199/70000 [00:54<07:09, 143.80it/s]
Convert + check images:  12%|█▏        | 8216/70000 [00:55<06:56, 148.31it/s]
Convert + check images:  12%|█▏        | 8232/70000 [00:55<07:44, 133.12it/s]
Convert + check images:  12%|█▏        | 8248/70000 [00:55<07:38, 134.62it/s]
Convert + check images:  12%|█▏        | 8271/70000 [00:55<06:39, 154.34it/s]
Convert + check images:  12%|█▏        | 8288/70000 [00:55<06:37, 155.33it/s]
Convert + check images:  12%|█▏        | 8305/70000 [00:55<06:29, 158.30it/s]
Convert + check images:  12%|█▏        | 8324/70000 [00:55<06:09, 166.81it/s]
Convert + check images:  12%|█▏        | 8345/70000 [00:55<06:13, 165.00it/s]
Convert + check images:  12%|█▏        | 8362/70000 [00:55<06:16, 163.56it/s]
Convert + check images:  12%|█▏        | 8381/70000 [00:56<06:01, 170.47it/s]
Convert + check images:  12%|█▏        | 8399/70000 [00:56<05:56, 172.66it/s]
Convert + check images:  12%|█▏        | 8418/70000 [00:56<05:52, 174.52it/s]
Convert + check images:  12%|█▏        | 8436/70000 [00:56<05:56, 172.77it/s]
Convert + check images:  12%|█▏        | 8454/70000 [00:56<06:00, 170.52it/s]
Convert + check images:  12%|█▏        | 8472/70000 [00:56<06:05, 168.32it/s]
Convert + check images:  12%|█▏        | 8494/70000 [00:56<05:40, 180.63it/s]
Convert + check images:  12%|█▏        | 8517/70000 [00:56<05:20, 191.60it/s]
Convert + check images:  12%|█▏        | 8537/70000 [00:56<05:30, 185.94it/s]
Convert + check images:  12%|█▏        | 8556/70000 [00:57<05:40, 180.69it/s]
Convert + check images:  12%|█▏        | 8580/70000 [00:57<05:13, 196.02it/s]
Convert + check images:  12%|█▏        | 8600/70000 [00:57<05:23, 189.68it/s]
Convert + check images:  12%|█▏        | 8620/70000 [00:57<05:20, 191.64it/s]
Convert + check images:  12%|█▏        | 8640/70000 [00:57<05:22, 190.38it/s]
Convert + check images:  12%|█▏        | 8660/70000 [00:57<06:02, 169.15it/s]
Convert + check images:  12%|█▏        | 8678/70000 [00:57<06:05, 167.93it/s]
Convert + check images:  12%|█▏        | 8696/70000 [00:57<06:03, 168.62it/s]
Convert + check images:  12%|█▏        | 8714/70000 [00:58<06:53, 148.18it/s]
Convert + check images:  12%|█▏        | 8730/70000 [00:58<06:47, 150.49it/s]
Convert + check images:  12%|█▏        | 8746/70000 [00:58<06:44, 151.38it/s]
Convert + check images:  13%|█▎        | 8762/70000 [00:58<06:53, 148.19it/s]
Convert + check images:  13%|█▎        | 8778/70000 [00:58<07:05, 143.82it/s]
Convert + check images:  13%|█▎        | 8797/70000 [00:58<06:34, 155.14it/s]
Convert + check images:  13%|█▎        | 8816/70000 [00:58<06:22, 160.07it/s]
Convert + check images:  13%|█▎        | 8833/70000 [00:58<06:59, 145.75it/s]
Convert + check images:  13%|█▎        | 8850/70000 [00:58<06:49, 149.21it/s]
Convert + check images:  13%|█▎        | 8866/70000 [00:59<06:48, 149.52it/s]
Convert + check images:  13%|█▎        | 8884/70000 [00:59<06:32, 155.56it/s]
Convert + check images:  13%|█▎        | 8904/70000 [00:59<06:13, 163.43it/s]
Convert + check images:  13%|█▎        | 8924/70000 [00:59<06:02, 168.34it/s]
Convert + check images:  13%|█▎        | 8942/70000 [00:59<06:12, 163.83it/s]
Convert + check images:  13%|█▎        | 8959/70000 [00:59<07:01, 144.92it/s]
Convert + check images:  13%|█▎        | 8974/70000 [00:59<07:00, 145.24it/s]
Convert + check images:  13%|█▎        | 8993/70000 [00:59<06:37, 153.41it/s]
Convert + check images:  13%|█▎        | 9009/70000 [00:59<06:46, 149.89it/s]
Convert + check images:  13%|█▎        | 9031/70000 [01:00<06:07, 165.93it/s]
Convert + check images:  13%|█▎        | 9049/70000 [01:00<05:59, 169.36it/s]
Convert + check images:  13%|█▎        | 9067/70000 [01:00<06:10, 164.66it/s]
Convert + check images:  13%|█▎        | 9084/70000 [01:00<06:07, 165.82it/s]
Convert + check images:  13%|█▎        | 9101/70000 [01:00<06:05, 166.59it/s]
Convert + check images:  13%|█▎        | 9118/70000 [01:00<06:09, 164.63it/s]
Convert + check images:  13%|█▎        | 9135/70000 [01:00<06:51, 147.76it/s]
Convert + check images:  13%|█▎        | 9152/70000 [01:00<06:37, 152.92it/s]
Convert + check images:  13%|█▎        | 9174/70000 [01:00<06:09, 164.41it/s]
Convert + check images:  13%|█▎        | 9191/70000 [01:01<07:12, 140.46it/s]
Convert + check images:  13%|█▎        | 9206/70000 [01:01<07:27, 135.82it/s]
Convert + check images:  13%|█▎        | 9226/70000 [01:01<06:43, 150.51it/s]
Convert + check images:  13%|█▎        | 9245/70000 [01:01<06:19, 160.14it/s]
Convert + check images:  13%|█▎        | 9262/70000 [01:01<06:36, 153.01it/s]
Convert + check images:  13%|█▎        | 9283/70000 [01:01<06:15, 161.61it/s]
Convert + check images:  13%|█▎        | 9300/70000 [01:01<06:18, 160.45it/s]
Convert + check images:  13%|█▎        | 9317/70000 [01:01<06:53, 146.81it/s]
Convert + check images:  13%|█▎        | 9332/70000 [01:02<06:51, 147.61it/s]
Convert + check images:  13%|█▎        | 9350/70000 [01:02<06:32, 154.49it/s]
Convert + check images:  13%|█▎        | 9366/70000 [01:02<08:03, 125.40it/s]
Convert + check images:  13%|█▎        | 9384/70000 [01:02<08:02, 125.75it/s]
Convert + check images:  13%|█▎        | 9398/70000 [01:02<11:00, 91.79it/s] 
Convert + check images:  13%|█▎        | 9414/70000 [01:02<09:38, 104.68it/s]
Convert + check images:  13%|█▎        | 9433/70000 [01:02<08:13, 122.75it/s]
Convert + check images:  14%|█▎        | 9454/70000 [01:03<07:07, 141.54it/s]
Convert + check images:  14%|█▎        | 9470/70000 [01:03<07:56, 127.13it/s]
Convert + check images:  14%|█▎        | 9487/70000 [01:03<07:31, 134.04it/s]
Convert + check images:  14%|█▎        | 9502/70000 [01:03<09:04, 111.12it/s]
Convert + check images:  14%|█▎        | 9515/70000 [01:03<09:32, 105.71it/s]
Convert + check images:  14%|█▎        | 9527/70000 [01:03<09:37, 104.66it/s]
Convert + check images:  14%|█▎        | 9541/70000 [01:03<08:56, 112.61it/s]
Convert + check images:  14%|█▎        | 9561/70000 [01:03<07:36, 132.49it/s]
Convert + check images:  14%|█▎        | 9575/70000 [01:04<08:08, 123.80it/s]
Convert + check images:  14%|█▎        | 9593/70000 [01:04<07:22, 136.41it/s]
Convert + check images:  14%|█▎        | 9611/70000 [01:04<06:48, 147.74it/s]
Convert + check images:  14%|█▍        | 9629/70000 [01:04<06:37, 151.84it/s]
Convert + check images:  14%|█▍        | 9649/70000 [01:04<06:08, 163.80it/s]
Convert + check images:  14%|█▍        | 9669/70000 [01:04<05:50, 172.15it/s]
Convert + check images:  14%|█▍        | 9687/70000 [01:04<09:25, 106.65it/s]
Convert + check images:  14%|█▍        | 9707/70000 [01:05<08:06, 124.04it/s]
Convert + check images:  14%|█▍        | 9723/70000 [01:05<09:41, 103.58it/s]
Convert + check images:  14%|█▍        | 9744/70000 [01:05<08:14, 121.85it/s]
Convert + check images:  14%|█▍        | 9764/70000 [01:05<07:21, 136.48it/s]
Convert + check images:  14%|█▍        | 9780/70000 [01:05<07:25, 135.27it/s]
Convert + check images:  14%|█▍        | 9800/70000 [01:05<06:39, 150.73it/s]
Convert + check images:  14%|█▍        | 9820/70000 [01:05<06:12, 161.65it/s]
Convert + check images:  14%|█▍        | 9838/70000 [01:05<06:01, 166.38it/s]
Convert + check images:  14%|█▍        | 9857/70000 [01:06<05:52, 170.72it/s]
Convert + check images:  14%|█▍        | 9877/70000 [01:06<05:43, 174.98it/s]
Convert + check images:  14%|█▍        | 9895/70000 [01:06<05:43, 174.95it/s]
Convert + check images:  14%|█▍        | 9913/70000 [01:06<05:51, 171.10it/s]
Convert + check images:  14%|█▍        | 9932/70000 [01:06<05:42, 175.38it/s]
Convert + check images:  14%|█▍        | 9950/70000 [01:06<05:43, 174.81it/s]
Convert + check images:  14%|█▍        | 9968/70000 [01:06<06:21, 157.39it/s]
Convert + check images:  14%|█▍        | 9987/70000 [01:06<06:03, 165.29it/s]
Convert + check images:  14%|█▍        | 10005/70000 [01:06<05:54, 169.24it/s]
Convert + check images:  14%|█▍        | 10023/70000 [01:06<05:51, 170.83it/s]
Convert + check images:  14%|█▍        | 10044/70000 [01:07<05:32, 180.08it/s]
Convert + check images:  14%|█▍        | 10064/70000 [01:07<05:36, 178.29it/s]
Convert + check images:  14%|█▍        | 10082/70000 [01:07<05:56, 167.95it/s]
Convert + check images:  14%|█▍        | 10100/70000 [01:07<05:55, 168.41it/s]
Convert + check images:  14%|█▍        | 10119/70000 [01:07<05:47, 172.53it/s]
Convert + check images:  14%|█▍        | 10138/70000 [01:07<05:38, 176.97it/s]
Convert + check images:  15%|█▍        | 10156/70000 [01:07<05:40, 175.99it/s]
Convert + check images:  15%|█▍        | 10174/70000 [01:07<05:49, 171.08it/s]
Convert + check images:  15%|█▍        | 10192/70000 [01:07<05:45, 173.23it/s]
Convert + check images:  15%|█▍        | 10210/70000 [01:08<05:46, 172.39it/s]
Convert + check images:  15%|█▍        | 10229/70000 [01:08<05:44, 173.53it/s]
Convert + check images:  15%|█▍        | 10247/70000 [01:08<08:38, 115.26it/s]
Convert + check images:  15%|█▍        | 10264/70000 [01:08<07:52, 126.47it/s]
Convert + check images:  15%|█▍        | 10282/70000 [01:08<07:12, 138.12it/s]
Convert + check images:  15%|█▍        | 10298/70000 [01:08<07:20, 135.46it/s]
Convert + check images:  15%|█▍        | 10317/70000 [01:08<06:41, 148.50it/s]
Convert + check images:  15%|█▍        | 10337/70000 [01:08<06:13, 159.64it/s]
Convert + check images:  15%|█▍        | 10354/70000 [01:09<06:09, 161.33it/s]
Convert + check images:  15%|█▍        | 10376/70000 [01:09<05:55, 167.80it/s]
Convert + check images:  15%|█▍        | 10395/70000 [01:09<05:45, 172.41it/s]
Convert + check images:  15%|█▍        | 10415/70000 [01:09<05:51, 169.51it/s]
Convert + check images:  15%|█▍        | 10433/70000 [01:09<07:36, 130.61it/s]
Convert + check images:  15%|█▍        | 10451/70000 [01:09<07:00, 141.65it/s]
Convert + check images:  15%|█▍        | 10472/70000 [01:09<06:19, 157.05it/s]
Convert + check images:  15%|█▍        | 10490/70000 [01:09<06:06, 162.19it/s]
Convert + check images:  15%|█▌        | 10508/70000 [01:10<05:58, 166.12it/s]
Convert + check images:  15%|█▌        | 10526/70000 [01:10<05:55, 167.08it/s]
Convert + check images:  15%|█▌        | 10544/70000 [01:10<06:03, 163.45it/s]
Convert + check images:  15%|█▌        | 10562/70000 [01:10<05:54, 167.85it/s]
Convert + check images:  15%|█▌        | 10581/70000 [01:10<05:45, 171.77it/s]
Convert + check images:  15%|█▌        | 10599/70000 [01:10<06:27, 153.38it/s]
Convert + check images:  15%|█▌        | 10617/70000 [01:10<06:11, 159.91it/s]
Convert + check images:  15%|█▌        | 10636/70000 [01:10<05:57, 166.05it/s]
Convert + check images:  15%|█▌        | 10653/70000 [01:10<05:57, 165.89it/s]
Convert + check images:  15%|█▌        | 10671/70000 [01:11<05:51, 168.55it/s]
Convert + check images:  15%|█▌        | 10689/70000 [01:11<06:03, 163.26it/s]
Convert + check images:  15%|█▌        | 10706/70000 [01:11<06:25, 153.92it/s]
Convert + check images:  15%|█▌        | 10725/70000 [01:11<06:08, 160.93it/s]
Convert + check images:  15%|█▌        | 10743/70000 [01:11<06:00, 164.18it/s]
Convert + check images:  15%|█▌        | 10761/70000 [01:11<06:02, 163.62it/s]
Convert + check images:  15%|█▌        | 10778/70000 [01:11<08:10, 120.68it/s]
Convert + check images:  15%|█▌        | 10796/70000 [01:11<07:30, 131.52it/s]
Convert + check images:  15%|█▌        | 10811/70000 [01:12<07:25, 132.84it/s]
Convert + check images:  15%|█▌        | 10828/70000 [01:12<07:06, 138.71it/s]
Convert + check images:  15%|█▌        | 10845/70000 [01:12<06:45, 145.77it/s]
Convert + check images:  16%|█▌        | 10861/70000 [01:12<07:33, 130.52it/s]
Convert + check images:  16%|█▌        | 10876/70000 [01:12<08:02, 122.51it/s]
Convert + check images:  16%|█▌        | 10889/70000 [01:12<08:42, 113.14it/s]
Convert + check images:  16%|█▌        | 10908/70000 [01:12<07:33, 130.25it/s]
Convert + check images:  16%|█▌        | 10926/70000 [01:12<06:54, 142.54it/s]
Convert + check images:  16%|█▌        | 10944/70000 [01:13<06:36, 148.94it/s]
Convert + check images:  16%|█▌        | 10965/70000 [01:13<05:57, 165.24it/s]
Convert + check images:  16%|█▌        | 10985/70000 [01:13<05:39, 173.66it/s]
Convert + check images:  16%|█▌        | 11003/70000 [01:13<05:49, 168.74it/s]
Convert + check images:  16%|█▌        | 11023/70000 [01:13<05:32, 177.11it/s]
Convert + check images:  16%|█▌        | 11045/70000 [01:13<05:18, 185.20it/s]
Convert + check images:  16%|█▌        | 11064/70000 [01:13<06:19, 155.34it/s]
Convert + check images:  16%|█▌        | 11083/70000 [01:13<05:59, 164.09it/s]
Convert + check images:  16%|█▌        | 11101/70000 [01:13<05:53, 166.56it/s]
Convert + check images:  16%|█▌        | 11120/70000 [01:14<05:44, 170.72it/s]
Convert + check images:  16%|█▌        | 11138/70000 [01:14<06:17, 155.72it/s]
Convert + check images:  16%|█▌        | 11155/70000 [01:14<06:10, 158.88it/s]
Convert + check images:  16%|█▌        | 11174/70000 [01:14<05:54, 166.10it/s]
Convert + check images:  16%|█▌        | 11191/70000 [01:14<06:16, 156.20it/s]
Convert + check images:  16%|█▌        | 11208/70000 [01:14<06:13, 157.57it/s]
Convert + check images:  16%|█▌        | 11227/70000 [01:14<05:53, 166.48it/s]
Convert + check images:  16%|█▌        | 11247/70000 [01:14<05:46, 169.32it/s]
Convert + check images:  16%|█▌        | 11267/70000 [01:14<05:32, 176.51it/s]
Convert + check images:  16%|█▌        | 11289/70000 [01:15<05:11, 188.72it/s]
Convert + check images:  16%|█▌        | 11309/70000 [01:15<05:45, 169.94it/s]
Convert + check images:  16%|█▌        | 11327/70000 [01:15<06:42, 145.95it/s]
Convert + check images:  16%|█▌        | 11346/70000 [01:15<06:21, 153.72it/s]
Convert + check images:  16%|█▌        | 11363/70000 [01:15<06:14, 156.47it/s]
Convert + check images:  16%|█▋        | 11381/70000 [01:15<06:04, 160.91it/s]
Convert + check images:  16%|█▋        | 11400/70000 [01:15<05:51, 166.64it/s]
Convert + check images:  16%|█▋        | 11419/70000 [01:15<05:42, 170.91it/s]
Convert + check images:  16%|█▋        | 11437/70000 [01:15<05:50, 167.10it/s]
Convert + check images:  16%|█▋        | 11454/70000 [01:16<06:30, 150.11it/s]
Convert + check images:  16%|█▋        | 11472/70000 [01:16<06:13, 156.73it/s]
Convert + check images:  16%|█▋        | 11489/70000 [01:16<06:23, 152.52it/s]
Convert + check images:  16%|█▋        | 11505/70000 [01:16<08:12, 118.84it/s]
Convert + check images:  16%|█▋        | 11528/70000 [01:16<06:53, 141.26it/s]
Convert + check images:  16%|█▋        | 11546/70000 [01:16<06:36, 147.50it/s]
Convert + check images:  17%|█▋        | 11562/70000 [01:16<08:31, 114.35it/s]
Convert + check images:  17%|█▋        | 11583/70000 [01:17<07:18, 133.10it/s]
Convert + check images:  17%|█▋        | 11599/70000 [01:17<07:18, 133.27it/s]
Convert + check images:  17%|█▋        | 11617/70000 [01:17<06:44, 144.38it/s]
Convert + check images:  17%|█▋        | 11633/70000 [01:17<08:23, 115.94it/s]
Convert + check images:  17%|█▋        | 11650/70000 [01:17<07:37, 127.53it/s]
Convert + check images:  17%|█▋        | 11670/70000 [01:17<06:47, 143.24it/s]
Convert + check images:  17%|█▋        | 11688/70000 [01:17<06:38, 146.20it/s]
Convert + check images:  17%|█▋        | 11704/70000 [01:17<06:45, 143.67it/s]
Convert + check images:  17%|█▋        | 11724/70000 [01:18<06:13, 155.99it/s]
Convert + check images:  17%|█▋        | 11741/70000 [01:18<06:44, 143.91it/s]
Convert + check images:  17%|█▋        | 11756/70000 [01:18<07:15, 133.74it/s]
Convert + check images:  17%|█▋        | 11772/70000 [01:18<06:57, 139.30it/s]
Convert + check images:  17%|█▋        | 11791/70000 [01:18<06:35, 147.00it/s]
Convert + check images:  17%|█▋        | 11810/70000 [01:18<06:08, 157.91it/s]
Convert + check images:  17%|█▋        | 11833/70000 [01:18<05:39, 171.14it/s]
Convert + check images:  17%|█▋        | 11851/70000 [01:18<05:38, 172.03it/s]
Convert + check images:  17%|█▋        | 11869/70000 [01:18<05:33, 174.12it/s]
Convert + check images:  17%|█▋        | 11889/70000 [01:19<05:20, 181.37it/s]
Convert + check images:  17%|█▋        | 11911/70000 [01:19<05:14, 184.63it/s]
Convert + check images:  17%|█▋        | 11930/70000 [01:19<05:18, 182.06it/s]
Convert + check images:  17%|█▋        | 11949/70000 [01:19<05:21, 180.53it/s]
Convert + check images:  17%|█▋        | 11968/70000 [01:19<05:20, 181.19it/s]
Convert + check images:  17%|█▋        | 11988/70000 [01:19<05:15, 183.64it/s]
Convert + check images:  17%|█▋        | 12007/70000 [01:19<05:14, 184.21it/s]
Convert + check images:  17%|█▋        | 12027/70000 [01:19<05:07, 188.75it/s]
Convert + check images:  17%|█▋        | 12046/70000 [01:20<06:09, 156.85it/s]
Convert + check images:  17%|█▋        | 12063/70000 [01:20<06:34, 146.92it/s]
Convert + check images:  17%|█▋        | 12083/70000 [01:20<06:05, 158.24it/s]
Convert + check images:  17%|█▋        | 12102/70000 [01:20<05:48, 166.06it/s]
Convert + check images:  17%|█▋        | 12120/70000 [01:20<05:44, 167.82it/s]
Convert + check images:  17%|█▋        | 12138/70000 [01:20<05:39, 170.51it/s]
Convert + check images:  17%|█▋        | 12157/70000 [01:20<05:31, 174.55it/s]
Convert + check images:  17%|█▋        | 12175/70000 [01:20<06:56, 138.68it/s]
Convert + check images:  17%|█▋        | 12194/70000 [01:20<06:27, 149.12it/s]
Convert + check images:  17%|█▋        | 12213/70000 [01:21<06:06, 157.86it/s]
Convert + check images:  17%|█▋        | 12230/70000 [01:21<06:12, 155.03it/s]
Convert + check images:  17%|█▋        | 12247/70000 [01:21<07:53, 122.01it/s]
Convert + check images:  18%|█▊        | 12262/70000 [01:21<07:36, 126.58it/s]
Convert + check images:  18%|█▊        | 12279/70000 [01:21<07:04, 136.08it/s]
Convert + check images:  18%|█▊        | 12294/70000 [01:21<07:58, 120.53it/s]
Convert + check images:  18%|█▊        | 12313/70000 [01:21<07:00, 137.06it/s]
Convert + check images:  18%|█▊        | 12334/70000 [01:21<06:11, 155.22it/s]
Convert + check images:  18%|█▊        | 12357/70000 [01:22<05:37, 170.83it/s]
Convert + check images:  18%|█▊        | 12375/70000 [01:22<05:40, 169.15it/s]
Convert + check images:  18%|█▊        | 12397/70000 [01:22<05:17, 181.29it/s]
Convert + check images:  18%|█▊        | 12417/70000 [01:22<05:11, 185.09it/s]
Convert + check images:  18%|█▊        | 12436/70000 [01:22<05:31, 173.74it/s]
Convert + check images:  18%|█▊        | 12454/70000 [01:22<05:31, 173.78it/s]
Convert + check images:  18%|█▊        | 12473/70000 [01:22<05:26, 176.19it/s]
Convert + check images:  18%|█▊        | 12491/70000 [01:22<05:27, 175.85it/s]
Convert + check images:  18%|█▊        | 12511/70000 [01:22<05:18, 180.57it/s]
Convert + check images:  18%|█▊        | 12530/70000 [01:23<05:19, 179.99it/s]
Convert + check images:  18%|█▊        | 12550/70000 [01:23<05:14, 182.56it/s]
Convert + check images:  18%|█▊        | 12569/70000 [01:23<05:30, 173.89it/s]
Convert + check images:  18%|█▊        | 12587/70000 [01:23<05:40, 168.58it/s]
Convert + check images:  18%|█▊        | 12604/70000 [01:23<05:54, 161.91it/s]
Convert + check images:  18%|█▊        | 12621/70000 [01:23<05:50, 163.48it/s]
Convert + check images:  18%|█▊        | 12641/70000 [01:23<05:34, 171.57it/s]
Convert + check images:  18%|█▊        | 12659/70000 [01:23<05:33, 172.13it/s]
Convert + check images:  18%|█▊        | 12677/70000 [01:24<07:26, 128.38it/s]
Convert + check images:  18%|█▊        | 12692/70000 [01:24<07:24, 129.00it/s]
Convert + check images:  18%|█▊        | 12707/70000 [01:24<16:35, 57.58it/s] 
Convert + check images:  18%|█▊        | 12725/70000 [01:24<13:11, 72.39it/s]
Convert + check images:  18%|█▊        | 12738/70000 [01:25<13:47, 69.17it/s]
Convert + check images:  18%|█▊        | 12749/70000 [01:25<14:22, 66.39it/s]
Convert + check images:  18%|█▊        | 12761/70000 [01:25<12:48, 74.46it/s]
Convert + check images:  18%|█▊        | 12780/70000 [01:25<10:15, 93.03it/s]
Convert + check images:  18%|█▊        | 12795/70000 [01:25<09:06, 104.68it/s]
Convert + check images:  18%|█▊        | 12813/70000 [01:25<07:51, 121.25it/s]
Convert + check images:  18%|█▊        | 12833/70000 [01:25<06:49, 139.72it/s]
Convert + check images:  18%|█▊        | 12849/70000 [01:26<07:44, 123.01it/s]
Convert + check images:  18%|█▊        | 12863/70000 [01:26<08:13, 115.86it/s]
Convert + check images:  18%|█▊        | 12876/70000 [01:26<08:10, 116.45it/s]
Convert + check images:  18%|█▊        | 12895/70000 [01:26<07:06, 133.75it/s]
Convert + check images:  18%|█▊        | 12911/70000 [01:26<06:50, 138.96it/s]
Convert + check images:  18%|█▊        | 12926/70000 [01:26<07:15, 131.06it/s]
Convert + check images:  18%|█▊        | 12941/70000 [01:26<07:01, 135.33it/s]
Convert + check images:  19%|█▊        | 12959/70000 [01:26<06:29, 146.42it/s]
Convert + check images:  19%|█▊        | 12979/70000 [01:26<05:55, 160.33it/s]
Convert + check images:  19%|█▊        | 12996/70000 [01:27<08:07, 116.91it/s]
Convert + check images:  19%|█▊        | 13010/70000 [01:27<10:10, 93.33it/s] 
Convert + check images:  19%|█▊        | 13028/70000 [01:27<08:50, 107.41it/s]
Convert + check images:  19%|█▊        | 13044/70000 [01:27<08:11, 115.95it/s]
Convert + check images:  19%|█▊        | 13058/70000 [01:27<08:10, 116.15it/s]
Convert + check images:  19%|█▊        | 13071/70000 [01:27<10:48, 87.82it/s] 
Convert + check images:  19%|█▊        | 13089/70000 [01:28<08:58, 105.71it/s]
Convert + check images:  19%|█▊        | 13106/70000 [01:28<07:57, 119.26it/s]
Convert + check images:  19%|█▉        | 13126/70000 [01:28<06:51, 138.35it/s]
Convert + check images:  19%|█▉        | 13142/70000 [01:28<07:57, 119.04it/s]
Convert + check images:  19%|█▉        | 13162/70000 [01:28<07:13, 131.09it/s]
Convert + check images:  19%|█▉        | 13177/70000 [01:28<08:47, 107.74it/s]
Convert + check images:  19%|█▉        | 13193/70000 [01:28<08:00, 118.13it/s]
Convert + check images:  19%|█▉        | 13211/70000 [01:28<07:12, 131.22it/s]
Convert + check images:  19%|█▉        | 13226/70000 [01:29<08:20, 113.45it/s]
Convert + check images:  19%|█▉        | 13239/70000 [01:29<13:13, 71.52it/s] 
Convert + check images:  19%|█▉        | 13249/70000 [01:29<12:26, 76.01it/s]
Convert + check images:  19%|█▉        | 13266/70000 [01:29<10:06, 93.55it/s]
Convert + check images:  19%|█▉        | 13285/70000 [01:29<08:32, 110.75it/s]
Convert + check images:  19%|█▉        | 13300/70000 [01:29<08:02, 117.40it/s]
Convert + check images:  19%|█▉        | 13317/70000 [01:30<07:40, 123.17it/s]
Convert + check images:  19%|█▉        | 13331/70000 [01:30<07:45, 121.82it/s]
Convert + check images:  19%|█▉        | 13351/70000 [01:30<06:44, 139.88it/s]
Convert + check images:  19%|█▉        | 13371/70000 [01:30<06:07, 153.96it/s]
Convert + check images:  19%|█▉        | 13389/70000 [01:30<05:56, 158.63it/s]
Convert + check images:  19%|█▉        | 13406/70000 [01:30<06:26, 146.40it/s]
Convert + check images:  19%|█▉        | 13427/70000 [01:30<05:57, 158.25it/s]
Convert + check images:  19%|█▉        | 13446/70000 [01:30<05:42, 164.95it/s]
Convert + check images:  19%|█▉        | 13463/70000 [01:30<05:40, 166.08it/s]
Convert + check images:  19%|█▉        | 13483/70000 [01:31<05:53, 159.85it/s]
Convert + check images:  19%|█▉        | 13506/70000 [01:31<05:23, 174.46it/s]
Convert + check images:  19%|█▉        | 13524/70000 [01:31<06:04, 154.90it/s]
Convert + check images:  19%|█▉        | 13543/70000 [01:31<05:47, 162.53it/s]
Convert + check images:  19%|█▉        | 13564/70000 [01:31<05:26, 173.09it/s]
Convert + check images:  19%|█▉        | 13582/70000 [01:31<05:43, 164.36it/s]
Convert + check images:  19%|█▉        | 13602/70000 [01:31<05:30, 170.56it/s]
Convert + check images:  19%|█▉        | 13620/70000 [01:31<05:43, 164.23it/s]
Convert + check images:  19%|█▉        | 13637/70000 [01:32<05:51, 160.25it/s]
Convert + check images:  20%|█▉        | 13659/70000 [01:32<05:21, 175.30it/s]
Convert + check images:  20%|█▉        | 13681/70000 [01:32<05:05, 184.53it/s]
Convert + check images:  20%|█▉        | 13701/70000 [01:32<05:04, 185.04it/s]
Convert + check images:  20%|█▉        | 13722/70000 [01:32<05:06, 183.90it/s]
Convert + check images:  20%|█▉        | 13743/70000 [01:32<04:54, 190.79it/s]
Convert + check images:  20%|█▉        | 13763/70000 [01:32<05:12, 180.07it/s]
Convert + check images:  20%|█▉        | 13782/70000 [01:32<05:08, 182.06it/s]
Convert + check images:  20%|█▉        | 13802/70000 [01:32<05:05, 183.88it/s]
Convert + check images:  20%|█▉        | 13821/70000 [01:33<06:41, 139.78it/s]
Convert + check images:  20%|█▉        | 13837/70000 [01:33<08:03, 116.22it/s]
Convert + check images:  20%|█▉        | 13852/70000 [01:33<07:37, 122.60it/s]
Convert + check images:  20%|█▉        | 13866/70000 [01:33<07:45, 120.68it/s]
Convert + check images:  20%|█▉        | 13880/70000 [01:33<08:28, 110.26it/s]
Convert + check images:  20%|█▉        | 13892/70000 [01:33<08:25, 111.04it/s]
Convert + check images:  20%|█▉        | 13913/70000 [01:33<06:55, 134.83it/s]
Convert + check images:  20%|█▉        | 13932/70000 [01:34<06:22, 146.63it/s]
Convert + check images:  20%|█▉        | 13948/70000 [01:34<06:49, 136.84it/s]
Convert + check images:  20%|█▉        | 13969/70000 [01:34<06:02, 154.48it/s]
Convert + check images:  20%|█▉        | 13987/70000 [01:34<05:49, 160.17it/s]
Convert + check images:  20%|██        | 14004/70000 [01:34<06:33, 142.27it/s]
Convert + check images:  20%|██        | 14021/70000 [01:34<06:20, 147.08it/s]
Convert + check images:  20%|██        | 14038/70000 [01:34<06:05, 153.06it/s]
Convert + check images:  20%|██        | 14057/70000 [01:34<05:55, 157.55it/s]
Convert + check images:  20%|██        | 14074/70000 [01:35<07:51, 118.58it/s]
Convert + check images:  20%|██        | 14093/70000 [01:35<07:03, 132.06it/s]
Convert + check images:  20%|██        | 14113/70000 [01:35<06:27, 144.10it/s]
Convert + check images:  20%|██        | 14129/70000 [01:35<06:42, 138.64it/s]
Convert + check images:  20%|██        | 14146/70000 [01:35<06:24, 145.25it/s]
Convert + check images:  20%|██        | 14166/70000 [01:35<05:53, 158.09it/s]
Convert + check images:  20%|██        | 14183/70000 [01:35<06:01, 154.59it/s]
Convert + check images:  20%|██        | 14199/70000 [01:35<07:00, 132.55it/s]
Convert + check images:  20%|██        | 14216/70000 [01:36<06:34, 141.27it/s]
Convert + check images:  20%|██        | 14234/70000 [01:36<06:12, 149.60it/s]
Convert + check images:  20%|██        | 14250/70000 [01:36<07:15, 127.97it/s]
Convert + check images:  20%|██        | 14268/70000 [01:36<06:39, 139.40it/s]
Convert + check images:  20%|██        | 14283/70000 [01:36<06:54, 134.50it/s]
Convert + check images:  20%|██        | 14298/70000 [01:36<08:45, 106.08it/s]
Convert + check images:  20%|██        | 14310/70000 [01:36<08:36, 107.91it/s]
Convert + check images:  20%|██        | 14330/70000 [01:36<07:21, 126.21it/s]
Convert + check images:  20%|██        | 14350/70000 [01:37<06:27, 143.52it/s]
Convert + check images:  21%|██        | 14369/70000 [01:37<05:58, 155.00it/s]
Convert + check images:  21%|██        | 14392/70000 [01:37<05:20, 173.36it/s]
Convert + check images:  21%|██        | 14415/70000 [01:37<04:56, 187.68it/s]
Convert + check images:  21%|██        | 14435/70000 [01:37<04:53, 189.51it/s]
Convert + check images:  21%|██        | 14455/70000 [01:37<04:58, 185.77it/s]
Convert + check images:  21%|██        | 14474/70000 [01:37<04:57, 186.91it/s]
Convert + check images:  21%|██        | 14493/70000 [01:37<07:08, 129.43it/s]
Convert + check images:  21%|██        | 14509/70000 [01:38<07:48, 118.46it/s]
Convert + check images:  21%|██        | 14529/70000 [01:38<06:48, 135.69it/s]
Convert + check images:  21%|██        | 14550/70000 [01:38<06:06, 151.45it/s]
Convert + check images:  21%|██        | 14567/70000 [01:38<05:59, 154.06it/s]
Convert + check images:  21%|██        | 14586/70000 [01:38<05:43, 161.53it/s]
Convert + check images:  21%|██        | 14605/70000 [01:38<05:28, 168.46it/s]
Convert + check images:  21%|██        | 14625/70000 [01:38<05:12, 177.13it/s]
Convert + check images:  21%|██        | 14644/70000 [01:38<05:08, 179.29it/s]
Convert + check images:  21%|██        | 14663/70000 [01:38<05:17, 174.40it/s]
Convert + check images:  21%|██        | 14681/70000 [01:39<05:30, 167.63it/s]
Convert + check images:  21%|██        | 14702/70000 [01:39<05:11, 177.60it/s]
Convert + check images:  21%|██        | 14720/70000 [01:39<05:15, 174.99it/s]
Convert + check images:  21%|██        | 14738/70000 [01:39<05:16, 174.38it/s]
Convert + check images:  21%|██        | 14756/70000 [01:39<05:22, 171.49it/s]
Convert + check images:  21%|██        | 14774/70000 [01:39<05:22, 171.24it/s]
Convert + check images:  21%|██        | 14795/70000 [01:39<05:16, 174.17it/s]
Convert + check images:  21%|██        | 14816/70000 [01:39<05:10, 177.55it/s]
Convert + check images:  21%|██        | 14834/70000 [01:39<05:21, 171.85it/s]
Convert + check images:  21%|██        | 14852/70000 [01:40<06:04, 151.40it/s]
Convert + check images:  21%|██        | 14868/70000 [01:40<06:28, 141.90it/s]
Convert + check images:  21%|██▏       | 14885/70000 [01:40<06:12, 147.90it/s]
Convert + check images:  21%|██▏       | 14903/70000 [01:40<05:57, 153.93it/s]
Convert + check images:  21%|██▏       | 14919/70000 [01:40<07:27, 123.20it/s]
Convert + check images:  21%|██▏       | 14938/70000 [01:40<06:37, 138.56it/s]
Convert + check images:  21%|██▏       | 14958/70000 [01:40<05:59, 153.15it/s]
Convert + check images:  21%|██▏       | 14975/70000 [01:41<07:05, 129.31it/s]
Convert + check images:  21%|██▏       | 14994/70000 [01:41<06:28, 141.52it/s]
Convert + check images:  21%|██▏       | 15014/70000 [01:41<05:53, 155.53it/s]
Convert + check images:  21%|██▏       | 15033/70000 [01:41<05:40, 161.31it/s]
Convert + check images:  22%|██▏       | 15050/70000 [01:41<06:30, 140.65it/s]
Convert + check images:  22%|██▏       | 15072/70000 [01:41<05:47, 158.25it/s]
Convert + check images:  22%|██▏       | 15094/70000 [01:41<05:20, 171.53it/s]
Convert + check images:  22%|██▏       | 15112/70000 [01:41<05:23, 169.51it/s]
Convert + check images:  22%|██▏       | 15131/70000 [01:41<05:16, 173.51it/s]
Convert + check images:  22%|██▏       | 15149/70000 [01:42<05:15, 174.01it/s]
Convert + check images:  22%|██▏       | 15167/70000 [01:42<06:05, 150.03it/s]
Convert + check images:  22%|██▏       | 15187/70000 [01:42<05:43, 159.43it/s]
Convert + check images:  22%|██▏       | 15204/70000 [01:42<05:40, 160.76it/s]
Convert + check images:  22%|██▏       | 15221/70000 [01:42<06:29, 140.57it/s]
Convert + check images:  22%|██▏       | 15243/70000 [01:42<05:45, 158.42it/s]
Convert + check images:  22%|██▏       | 15262/70000 [01:42<05:33, 164.19it/s]
Convert + check images:  22%|██▏       | 15281/70000 [01:42<05:21, 170.23it/s]
Convert + check images:  22%|██▏       | 15301/70000 [01:42<05:08, 177.43it/s]
Convert + check images:  22%|██▏       | 15322/70000 [01:43<04:57, 183.54it/s]
Convert + check images:  22%|██▏       | 15341/70000 [01:43<05:02, 180.83it/s]
Convert + check images:  22%|██▏       | 15360/70000 [01:43<05:00, 181.73it/s]
Convert + check images:  22%|██▏       | 15379/70000 [01:43<05:13, 174.27it/s]
Convert + check images:  22%|██▏       | 15397/70000 [01:43<05:23, 168.87it/s]
Convert + check images:  22%|██▏       | 15415/70000 [01:43<05:18, 171.12it/s]
Convert + check images:  22%|██▏       | 15433/70000 [01:43<05:47, 156.98it/s]
Convert + check images:  22%|██▏       | 15453/70000 [01:43<05:28, 166.24it/s]
Convert + check images:  22%|██▏       | 15473/70000 [01:43<05:11, 175.29it/s]
Convert + check images:  22%|██▏       | 15491/70000 [01:44<06:16, 144.60it/s]
Convert + check images:  22%|██▏       | 15510/70000 [01:44<06:02, 150.20it/s]
Convert + check images:  22%|██▏       | 15528/70000 [01:44<05:45, 157.51it/s]
Convert + check images:  22%|██▏       | 15545/70000 [01:44<06:22, 142.53it/s]
Convert + check images:  22%|██▏       | 15560/70000 [01:44<07:58, 113.89it/s]
Convert + check images:  22%|██▏       | 15579/70000 [01:44<06:58, 130.07it/s]
Convert + check images:  22%|██▏       | 15597/70000 [01:44<06:27, 140.51it/s]
Convert + check images:  22%|██▏       | 15613/70000 [01:45<06:15, 144.82it/s]
Convert + check images:  22%|██▏       | 15629/70000 [01:45<07:15, 124.89it/s]
Convert + check images:  22%|██▏       | 15648/70000 [01:45<06:29, 139.38it/s]
Convert + check images:  22%|██▏       | 15668/70000 [01:45<05:51, 154.49it/s]
Convert + check images:  22%|██▏       | 15685/70000 [01:45<06:09, 147.16it/s]
Convert + check images:  22%|██▏       | 15704/70000 [01:45<05:45, 157.24it/s]
Convert + check images:  22%|██▏       | 15725/70000 [01:45<05:18, 170.15it/s]
Convert + check images:  22%|██▏       | 15743/70000 [01:45<05:20, 169.12it/s]
Convert + check images:  23%|██▎       | 15762/70000 [01:45<05:11, 173.93it/s]
Convert + check images:  23%|██▎       | 15783/70000 [01:46<04:55, 183.52it/s]
Convert + check images:  23%|██▎       | 15802/70000 [01:46<06:00, 150.41it/s]
Convert + check images:  23%|██▎       | 15819/70000 [01:46<06:04, 148.82it/s]
Convert + check images:  23%|██▎       | 15841/70000 [01:46<05:39, 159.70it/s]
Convert + check images:  23%|██▎       | 15858/70000 [01:46<05:34, 161.81it/s]
Convert + check images:  23%|██▎       | 15875/70000 [01:46<05:32, 162.97it/s]
Convert + check images:  23%|██▎       | 15895/70000 [01:46<05:13, 172.38it/s]
Convert + check images:  23%|██▎       | 15913/70000 [01:46<05:18, 169.57it/s]
Convert + check images:  23%|██▎       | 15931/70000 [01:47<07:42, 116.97it/s]
Convert + check images:  23%|██▎       | 15946/70000 [01:47<08:46, 102.75it/s]
Convert + check images:  23%|██▎       | 15963/70000 [01:47<07:58, 112.89it/s]
Convert + check images:  23%|██▎       | 15981/70000 [01:47<07:06, 126.61it/s]
Convert + check images:  23%|██▎       | 16004/70000 [01:47<06:06, 147.48it/s]
Convert + check images:  23%|██▎       | 16021/70000 [01:47<05:56, 151.21it/s]
Convert + check images:  23%|██▎       | 16042/70000 [01:47<05:27, 164.93it/s]
Convert + check images:  23%|██▎       | 16060/70000 [01:47<05:36, 160.43it/s]
Convert + check images:  23%|██▎       | 16077/70000 [01:48<05:37, 159.90it/s]
Convert + check images:  23%|██▎       | 16095/70000 [01:48<05:28, 164.18it/s]
Convert + check images:  23%|██▎       | 16115/70000 [01:48<05:10, 173.50it/s]
Convert + check images:  23%|██▎       | 16133/70000 [01:48<06:14, 143.79it/s]
Convert + check images:  23%|██▎       | 16152/70000 [01:48<05:46, 155.22it/s]
Convert + check images:  23%|██▎       | 16174/70000 [01:48<05:13, 171.77it/s]
Convert + check images:  23%|██▎       | 16193/70000 [01:48<06:04, 147.58it/s]
Convert + check images:  23%|██▎       | 16213/70000 [01:48<05:41, 157.59it/s]
Convert + check images:  23%|██▎       | 16231/70000 [01:49<05:30, 162.45it/s]
Convert + check images:  23%|██▎       | 16249/70000 [01:49<06:08, 145.91it/s]
Convert + check images:  23%|██▎       | 16265/70000 [01:49<06:17, 142.34it/s]
Convert + check images:  23%|██▎       | 16282/70000 [01:49<06:01, 148.54it/s]
Convert + check images:  23%|██▎       | 16300/70000 [01:49<05:44, 156.09it/s]
Convert + check images:  23%|██▎       | 16319/70000 [01:49<05:26, 164.63it/s]
Convert + check images:  23%|██▎       | 16338/70000 [01:49<05:17, 169.01it/s]
Convert + check images:  23%|██▎       | 16356/70000 [01:49<05:16, 169.47it/s]
Convert + check images:  23%|██▎       | 16374/70000 [01:49<05:13, 171.19it/s]
Convert + check images:  23%|██▎       | 16394/70000 [01:50<05:01, 177.58it/s]
Convert + check images:  23%|██▎       | 16412/70000 [01:50<05:01, 177.68it/s]
Convert + check images:  23%|██▎       | 16430/70000 [01:50<05:02, 177.27it/s]
Convert + check images:  24%|██▎       | 16450/70000 [01:50<04:55, 181.49it/s]
Convert + check images:  24%|██▎       | 16469/70000 [01:50<04:53, 182.49it/s]
Convert + check images:  24%|██▎       | 16488/70000 [01:50<04:49, 184.67it/s]
Convert + check images:  24%|██▎       | 16507/70000 [01:50<04:48, 185.11it/s]
Convert + check images:  24%|██▎       | 16526/70000 [01:50<04:46, 186.40it/s]
Convert + check images:  24%|██▎       | 16545/70000 [01:50<04:46, 186.69it/s]
Convert + check images:  24%|██▎       | 16564/70000 [01:51<05:10, 172.06it/s]
Convert + check images:  24%|██▎       | 16582/70000 [01:51<05:17, 168.25it/s]
Convert + check images:  24%|██▎       | 16603/70000 [01:51<04:56, 179.87it/s]
Convert + check images:  24%|██▎       | 16622/70000 [01:51<04:59, 178.19it/s]
Convert + check images:  24%|██▍       | 16640/70000 [01:51<05:35, 159.18it/s]
Convert + check images:  24%|██▍       | 16657/70000 [01:51<06:01, 147.44it/s]
Convert + check images:  24%|██▍       | 16677/70000 [01:51<05:37, 158.15it/s]
Convert + check images:  24%|██▍       | 16696/70000 [01:51<05:22, 165.50it/s]
Convert + check images:  24%|██▍       | 16716/70000 [01:51<05:13, 170.10it/s]
Convert + check images:  24%|██▍       | 16734/70000 [01:52<05:36, 158.45it/s]
Convert + check images:  24%|██▍       | 16753/70000 [01:52<05:19, 166.46it/s]
Convert + check images:  24%|██▍       | 16772/70000 [01:52<05:07, 172.90it/s]
Convert + check images:  24%|██▍       | 16790/70000 [01:52<06:30, 136.39it/s]
Convert + check images:  24%|██▍       | 16811/70000 [01:52<05:47, 153.19it/s]
Convert + check images:  24%|██▍       | 16830/70000 [01:52<05:30, 160.68it/s]
Convert + check images:  24%|██▍       | 16853/70000 [01:52<05:06, 173.49it/s]
Convert + check images:  24%|██▍       | 16872/70000 [01:52<04:59, 177.17it/s]
Convert + check images:  24%|██▍       | 16891/70000 [01:53<06:07, 144.47it/s]
Convert + check images:  24%|██▍       | 16911/70000 [01:53<05:45, 153.78it/s]
Convert + check images:  24%|██▍       | 16928/70000 [01:53<05:41, 155.62it/s]
Convert + check images:  24%|██▍       | 16949/70000 [01:53<05:19, 166.07it/s]
Convert + check images:  24%|██▍       | 16967/70000 [01:53<05:12, 169.74it/s]
Convert + check images:  24%|██▍       | 16985/70000 [01:53<05:21, 164.94it/s]
Convert + check images:  24%|██▍       | 17002/70000 [01:53<05:21, 164.60it/s]
Convert + check images:  24%|██▍       | 17026/70000 [01:53<04:57, 177.91it/s]
Convert + check images:  24%|██▍       | 17046/70000 [01:53<04:52, 180.90it/s]
Convert + check images:  24%|██▍       | 17067/70000 [01:54<04:45, 185.54it/s]
Convert + check images:  24%|██▍       | 17086/70000 [01:54<04:50, 181.93it/s]
Convert + check images:  24%|██▍       | 17108/70000 [01:54<04:42, 187.54it/s]
Convert + check images:  24%|██▍       | 17128/70000 [01:54<04:45, 185.36it/s]
Convert + check images:  24%|██▍       | 17147/70000 [01:54<04:48, 182.97it/s]
Convert + check images:  25%|██▍       | 17167/70000 [01:54<04:55, 178.99it/s]
Convert + check images:  25%|██▍       | 17189/70000 [01:54<04:44, 185.56it/s]
Convert + check images:  25%|██▍       | 17208/70000 [01:54<04:43, 186.13it/s]
Convert + check images:  25%|██▍       | 17227/70000 [01:55<06:45, 130.18it/s]
Convert + check images:  25%|██▍       | 17248/70000 [01:55<05:57, 147.40it/s]
Convert + check images:  25%|██▍       | 17270/70000 [01:55<05:22, 163.52it/s]
Convert + check images:  25%|██▍       | 17289/70000 [01:55<05:39, 155.09it/s]
Convert + check images:  25%|██▍       | 17306/70000 [01:55<05:42, 154.00it/s]
Convert + check images:  25%|██▍       | 17324/70000 [01:55<05:28, 160.26it/s]
Convert + check images:  25%|██▍       | 17345/70000 [01:55<05:10, 169.63it/s]
Convert + check images:  25%|██▍       | 17364/70000 [01:55<05:01, 174.85it/s]
Convert + check images:  25%|██▍       | 17385/70000 [01:55<04:50, 181.22it/s]
Convert + check images:  25%|██▍       | 17405/70000 [01:56<04:47, 182.94it/s]
Convert + check images:  25%|██▍       | 17424/70000 [01:56<05:55, 147.89it/s]
Convert + check images:  25%|██▍       | 17446/70000 [01:56<05:21, 163.28it/s]
Convert + check images:  25%|██▍       | 17468/70000 [01:56<05:00, 174.87it/s]
Convert + check images:  25%|██▍       | 17487/70000 [01:56<04:54, 178.30it/s]
Convert + check images:  25%|██▌       | 17506/70000 [01:56<05:00, 174.64it/s]
Convert + check images:  25%|██▌       | 17528/70000 [01:56<04:42, 185.77it/s]
Convert + check images:  25%|██▌       | 17548/70000 [01:56<04:37, 188.88it/s]
Convert + check images:  25%|██▌       | 17572/70000 [01:56<04:28, 195.33it/s]
Convert + check images:  25%|██▌       | 17592/70000 [01:57<04:32, 192.42it/s]
Convert + check images:  25%|██▌       | 17612/70000 [01:57<05:02, 173.20it/s]
Convert + check images:  25%|██▌       | 17633/70000 [01:57<04:53, 178.54it/s]
Convert + check images:  25%|██▌       | 17652/70000 [01:57<04:48, 181.44it/s]
Convert + check images:  25%|██▌       | 17671/70000 [01:57<05:02, 172.96it/s]
Convert + check images:  25%|██▌       | 17690/70000 [01:57<04:57, 175.76it/s]
Convert + check images:  25%|██▌       | 17710/70000 [01:57<04:55, 176.86it/s]
Convert + check images:  25%|██▌       | 17728/70000 [01:57<06:20, 137.36it/s]
Convert + check images:  25%|██▌       | 17751/70000 [01:58<05:36, 155.47it/s]
Convert + check images:  25%|██▌       | 17769/70000 [01:58<05:25, 160.33it/s]
Convert + check images:  25%|██▌       | 17789/70000 [01:58<05:14, 166.04it/s]
Convert + check images:  25%|██▌       | 17807/70000 [01:58<05:23, 161.39it/s]
Convert + check images:  25%|██▌       | 17829/70000 [01:58<04:56, 175.87it/s]
Convert + check images:  25%|██▌       | 17848/70000 [01:58<04:55, 176.19it/s]
Convert + check images:  26%|██▌       | 17866/70000 [01:58<05:01, 172.65it/s]
Convert + check images:  26%|██▌       | 17884/70000 [01:58<04:59, 173.80it/s]
Convert + check images:  26%|██▌       | 17904/70000 [01:58<04:52, 178.08it/s]
Convert + check images:  26%|██▌       | 17927/70000 [01:59<04:36, 188.40it/s]
Convert + check images:  26%|██▌       | 17946/70000 [01:59<05:29, 157.82it/s]
Convert + check images:  26%|██▌       | 17965/70000 [01:59<05:15, 164.90it/s]
Convert + check images:  26%|██▌       | 17986/70000 [01:59<05:00, 173.16it/s]
Convert + check images:  26%|██▌       | 18006/70000 [01:59<04:52, 177.84it/s]
Convert + check images:  26%|██▌       | 18029/70000 [01:59<04:32, 190.75it/s]
Convert + check images:  26%|██▌       | 18049/70000 [01:59<04:37, 186.97it/s]
Convert + check images:  26%|██▌       | 18068/70000 [01:59<04:55, 175.84it/s]
Convert + check images:  26%|██▌       | 18087/70000 [02:00<04:55, 175.63it/s]
Convert + check images:  26%|██▌       | 18105/70000 [02:00<07:01, 123.09it/s]
Convert + check images:  26%|██▌       | 18126/70000 [02:00<06:07, 141.17it/s]
Convert + check images:  26%|██▌       | 18143/70000 [02:00<06:40, 129.57it/s]
Convert + check images:  26%|██▌       | 18161/70000 [02:00<06:12, 139.26it/s]
Convert + check images:  26%|██▌       | 18181/70000 [02:00<05:40, 152.23it/s]
Convert + check images:  26%|██▌       | 18200/70000 [02:00<05:20, 161.86it/s]
Convert + check images:  26%|██▌       | 18218/70000 [02:00<05:13, 165.04it/s]
Convert + check images:  26%|██▌       | 18242/70000 [02:01<04:48, 179.18it/s]
Convert + check images:  26%|██▌       | 18261/70000 [02:01<05:26, 158.69it/s]
Convert + check images:  26%|██▌       | 18279/70000 [02:01<05:17, 162.81it/s]
Convert + check images:  26%|██▌       | 18302/70000 [02:01<04:48, 178.98it/s]
Convert + check images:  26%|██▌       | 18323/70000 [02:01<04:41, 183.54it/s]
Convert + check images:  26%|██▌       | 18342/70000 [02:01<05:02, 171.04it/s]
Convert + check images:  26%|██▌       | 18362/70000 [02:01<04:52, 176.76it/s]
Convert + check images:  26%|██▋       | 18381/70000 [02:01<04:46, 180.01it/s]
Convert + check images:  26%|██▋       | 18400/70000 [02:02<06:46, 126.90it/s]
Convert + check images:  26%|██▋       | 18419/70000 [02:02<06:08, 139.96it/s]
Convert + check images:  26%|██▋       | 18436/70000 [02:02<06:36, 130.10it/s]
Convert + check images:  26%|██▋       | 18451/70000 [02:02<06:26, 133.35it/s]
Convert + check images:  26%|██▋       | 18471/70000 [02:02<05:56, 144.42it/s]
Convert + check images:  26%|██▋       | 18487/70000 [02:02<06:50, 125.47it/s]
Convert + check images:  26%|██▋       | 18501/70000 [02:02<06:45, 127.09it/s]
Convert + check images:  26%|██▋       | 18522/70000 [02:02<05:51, 146.35it/s]
Convert + check images:  26%|██▋       | 18540/70000 [02:03<05:34, 153.91it/s]
Convert + check images:  27%|██▋       | 18557/70000 [02:03<06:50, 125.31it/s]
Convert + check images:  27%|██▋       | 18571/70000 [02:03<06:51, 124.85it/s]
Convert + check images:  27%|██▋       | 18591/70000 [02:03<06:01, 142.19it/s]
Convert + check images:  27%|██▋       | 18614/70000 [02:03<05:21, 159.60it/s]
Convert + check images:  27%|██▋       | 18631/70000 [02:03<06:37, 129.36it/s]
Convert + check images:  27%|██▋       | 18648/70000 [02:03<06:11, 138.34it/s]
Convert + check images:  27%|██▋       | 18669/70000 [02:04<05:31, 154.88it/s]
Convert + check images:  27%|██▋       | 18690/70000 [02:04<05:05, 167.97it/s]
Convert + check images:  27%|██▋       | 18710/70000 [02:04<04:51, 176.01it/s]
Convert + check images:  27%|██▋       | 18729/70000 [02:04<04:46, 179.23it/s]
Convert + check images:  27%|██▋       | 18754/70000 [02:04<04:27, 191.62it/s]
Convert + check images:  27%|██▋       | 18774/70000 [02:04<04:25, 192.59it/s]
Convert + check images:  27%|██▋       | 18794/70000 [02:04<05:30, 155.10it/s]
Convert + check images:  27%|██▋       | 18816/70000 [02:04<05:04, 168.09it/s]
Convert + check images:  27%|██▋       | 18834/70000 [02:04<05:27, 156.06it/s]
Convert + check images:  27%|██▋       | 18853/70000 [02:05<05:12, 163.87it/s]
Convert + check images:  27%|██▋       | 18873/70000 [02:05<04:57, 171.85it/s]
Convert + check images:  27%|██▋       | 18892/70000 [02:05<05:08, 165.89it/s]
Convert + check images:  27%|██▋       | 18910/70000 [02:05<05:44, 148.42it/s]
Convert + check images:  27%|██▋       | 18929/70000 [02:05<05:36, 151.62it/s]
Convert + check images:  27%|██▋       | 18945/70000 [02:05<05:33, 153.31it/s]
Convert + check images:  27%|██▋       | 18964/70000 [02:05<05:17, 160.74it/s]
Convert + check images:  27%|██▋       | 18984/70000 [02:05<04:57, 171.20it/s]
Convert + check images:  27%|██▋       | 19002/70000 [02:06<06:16, 135.33it/s]
Convert + check images:  27%|██▋       | 19022/70000 [02:06<05:42, 148.65it/s]
Convert + check images:  27%|██▋       | 19040/70000 [02:06<05:36, 151.44it/s]
Convert + check images:  27%|██▋       | 19057/70000 [02:06<05:28, 154.86it/s]
Convert + check images:  27%|██▋       | 19082/70000 [02:06<04:52, 174.29it/s]
Convert + check images:  27%|██▋       | 19100/70000 [02:06<05:38, 150.18it/s]
Convert + check images:  27%|██▋       | 19116/70000 [02:06<05:34, 151.91it/s]
Convert + check images:  27%|██▋       | 19135/70000 [02:06<05:19, 159.23it/s]
Convert + check images:  27%|██▋       | 19154/70000 [02:06<05:16, 160.60it/s]
Convert + check images:  27%|██▋       | 19171/70000 [02:07<05:43, 148.18it/s]
Convert + check images:  27%|██▋       | 19193/70000 [02:07<05:13, 162.23it/s]
Convert + check images:  27%|██▋       | 19213/70000 [02:07<05:00, 169.08it/s]
Convert + check images:  27%|██▋       | 19236/70000 [02:07<04:37, 182.61it/s]
Convert + check images:  28%|██▊       | 19256/70000 [02:07<04:33, 185.41it/s]
Convert + check images:  28%|██▊       | 19275/70000 [02:07<04:56, 170.97it/s]
Convert + check images:  28%|██▊       | 19293/70000 [02:07<06:22, 132.46it/s]
Convert + check images:  28%|██▊       | 19310/70000 [02:08<06:08, 137.42it/s]
Convert + check images:  28%|██▊       | 19325/70000 [02:08<06:19, 133.47it/s]
Convert + check images:  28%|██▊       | 19343/70000 [02:08<05:52, 143.75it/s]
Convert + check images:  28%|██▊       | 19363/70000 [02:08<05:30, 153.01it/s]
Convert + check images:  28%|██▊       | 19379/70000 [02:08<09:49, 85.81it/s] 
Convert + check images:  28%|██▊       | 19395/70000 [02:08<08:37, 97.78it/s]
Convert + check images:  28%|██▊       | 19409/70000 [02:08<07:57, 106.01it/s]
Convert + check images:  28%|██▊       | 19430/70000 [02:09<06:34, 128.18it/s]
Convert + check images:  28%|██▊       | 19446/70000 [02:09<06:46, 124.51it/s]
Convert + check images:  28%|██▊       | 19464/70000 [02:09<06:09, 136.63it/s]
Convert + check images:  28%|██▊       | 19484/70000 [02:09<05:33, 151.57it/s]
Convert + check images:  28%|██▊       | 19501/70000 [02:09<06:14, 134.99it/s]
Convert + check images:  28%|██▊       | 19521/70000 [02:09<05:38, 149.22it/s]
Convert + check images:  28%|██▊       | 19541/70000 [02:09<05:17, 159.01it/s]
Convert + check images:  28%|██▊       | 19558/70000 [02:09<05:16, 159.35it/s]
Convert + check images:  28%|██▊       | 19575/70000 [02:10<06:30, 129.17it/s]
Convert + check images:  28%|██▊       | 19594/70000 [02:10<05:56, 141.44it/s]
Convert + check images:  28%|██▊       | 19618/70000 [02:10<05:12, 161.07it/s]
Convert + check images:  28%|██▊       | 19636/70000 [02:10<05:18, 157.92it/s]
Convert + check images:  28%|██▊       | 19657/70000 [02:10<05:05, 164.60it/s]
Convert + check images:  28%|██▊       | 19678/70000 [02:10<04:54, 170.94it/s]
Convert + check images:  28%|██▊       | 19699/70000 [02:10<04:41, 178.56it/s]
Convert + check images:  28%|██▊       | 19719/70000 [02:10<04:36, 181.85it/s]
Convert + check images:  28%|██▊       | 19738/70000 [02:10<04:39, 179.67it/s]
Convert + check images:  28%|██▊       | 19758/70000 [02:11<04:41, 178.77it/s]
Convert + check images:  28%|██▊       | 19777/70000 [02:11<04:40, 179.09it/s]
Convert + check images:  28%|██▊       | 19797/70000 [02:11<04:42, 177.81it/s]
Convert + check images:  28%|██▊       | 19815/70000 [02:11<05:16, 158.66it/s]
Convert + check images:  28%|██▊       | 19838/70000 [02:11<04:48, 174.07it/s]
Convert + check images:  28%|██▊       | 19856/70000 [02:11<05:17, 157.87it/s]
Convert + check images:  28%|██▊       | 19873/70000 [02:11<05:18, 157.37it/s]
Convert + check images:  28%|██▊       | 19890/70000 [02:11<05:16, 158.35it/s]
Convert + check images:  28%|██▊       | 19909/70000 [02:12<05:00, 166.90it/s]
Convert + check images:  28%|██▊       | 19931/70000 [02:12<04:39, 179.03it/s]
Convert + check images:  28%|██▊       | 19950/70000 [02:12<04:38, 179.87it/s]
Convert + check images:  29%|██▊       | 19970/70000 [02:12<04:38, 179.53it/s]
Convert + check images:  29%|██▊       | 19989/70000 [02:12<05:39, 147.43it/s]
Convert + check images:  29%|██▊       | 20005/70000 [02:12<06:17, 132.44it/s]
Convert + check images:  29%|██▊       | 20026/70000 [02:12<05:42, 146.03it/s]
Convert + check images:  29%|██▊       | 20050/70000 [02:12<05:05, 163.75it/s]
Convert + check images:  29%|██▊       | 20069/70000 [02:13<04:56, 168.38it/s]
Convert + check images:  29%|██▊       | 20090/70000 [02:13<04:47, 173.58it/s]
Convert + check images:  29%|██▊       | 20110/70000 [02:13<04:40, 178.15it/s]
Convert + check images:  29%|██▉       | 20130/70000 [02:13<04:38, 179.23it/s]
Convert + check images:  29%|██▉       | 20150/70000 [02:13<04:29, 184.73it/s]
Convert + check images:  29%|██▉       | 20170/70000 [02:13<04:27, 185.94it/s]
Convert + check images:  29%|██▉       | 20189/70000 [02:13<04:44, 175.34it/s]
Convert + check images:  29%|██▉       | 20210/70000 [02:13<04:36, 180.39it/s]
Convert + check images:  29%|██▉       | 20229/70000 [02:13<04:53, 169.45it/s]
Convert + check images:  29%|██▉       | 20249/70000 [02:14<04:43, 175.32it/s]
Convert + check images:  29%|██▉       | 20270/70000 [02:14<04:38, 178.38it/s]
Convert + check images:  29%|██▉       | 20288/70000 [02:14<05:42, 145.22it/s]
Convert + check images:  29%|██▉       | 20304/70000 [02:14<06:34, 125.86it/s]
Convert + check images:  29%|██▉       | 20324/70000 [02:14<05:55, 139.74it/s]
Convert + check images:  29%|██▉       | 20348/70000 [02:14<05:05, 162.38it/s]
Convert + check images:  29%|██▉       | 20366/70000 [02:14<05:10, 159.96it/s]
Convert + check images:  29%|██▉       | 20388/70000 [02:14<04:46, 173.22it/s]
Convert + check images:  29%|██▉       | 20407/70000 [02:15<04:45, 173.55it/s]
Convert + check images:  29%|██▉       | 20425/70000 [02:15<06:29, 127.34it/s]
Convert + check images:  29%|██▉       | 20444/70000 [02:15<05:56, 138.90it/s]
Convert + check images:  29%|██▉       | 20466/70000 [02:15<05:17, 155.92it/s]
Convert + check images:  29%|██▉       | 20487/70000 [02:15<05:00, 164.63it/s]
Convert + check images:  29%|██▉       | 20505/70000 [02:15<04:53, 168.43it/s]
Convert + check images:  29%|██▉       | 20525/70000 [02:15<04:41, 175.82it/s]
Convert + check images:  29%|██▉       | 20544/70000 [02:15<05:25, 151.81it/s]
Convert + check images:  29%|██▉       | 20564/70000 [02:16<05:04, 162.11it/s]
Convert + check images:  29%|██▉       | 20586/70000 [02:16<04:41, 175.25it/s]
Convert + check images:  29%|██▉       | 20606/70000 [02:16<04:33, 180.49it/s]
Convert + check images:  29%|██▉       | 20625/70000 [02:16<04:58, 165.31it/s]
Convert + check images:  29%|██▉       | 20643/70000 [02:16<04:57, 165.83it/s]
Convert + check images:  30%|██▉       | 20661/70000 [02:16<06:03, 135.55it/s]
Convert + check images:  30%|██▉       | 20679/70000 [02:16<05:41, 144.34it/s]
Convert + check images:  30%|██▉       | 20696/70000 [02:16<05:29, 149.76it/s]
Convert + check images:  30%|██▉       | 20716/70000 [02:17<05:05, 161.22it/s]
Convert + check images:  30%|██▉       | 20733/70000 [02:17<05:03, 162.23it/s]
Convert + check images:  30%|██▉       | 20760/70000 [02:17<04:28, 183.59it/s]
Convert + check images:  30%|██▉       | 20780/70000 [02:17<04:24, 185.77it/s]
Convert + check images:  30%|██▉       | 20799/70000 [02:17<05:07, 160.19it/s]
Convert + check images:  30%|██▉       | 20818/70000 [02:17<04:54, 166.84it/s]
Convert + check images:  30%|██▉       | 20841/70000 [02:17<04:33, 179.43it/s]
Convert + check images:  30%|██▉       | 20863/70000 [02:17<04:20, 188.74it/s]
Convert + check images:  30%|██▉       | 20883/70000 [02:17<04:19, 189.41it/s]
Convert + check images:  30%|██▉       | 20904/70000 [02:18<04:13, 193.68it/s]
Convert + check images:  30%|██▉       | 20924/70000 [02:18<05:09, 158.64it/s]
Convert + check images:  30%|██▉       | 20942/70000 [02:18<05:04, 160.95it/s]
Convert + check images:  30%|██▉       | 20964/70000 [02:18<04:42, 173.36it/s]
Convert + check images:  30%|██▉       | 20984/70000 [02:18<04:33, 179.08it/s]
Convert + check images:  30%|███       | 21003/70000 [02:18<04:52, 167.29it/s]
Convert + check images:  30%|███       | 21021/70000 [02:18<05:06, 159.63it/s]
Convert + check images:  30%|███       | 21039/70000 [02:18<05:01, 162.49it/s]
Convert + check images:  30%|███       | 21059/70000 [02:18<04:48, 169.80it/s]
Convert + check images:  30%|███       | 21077/70000 [02:19<04:56, 165.22it/s]
Convert + check images:  30%|███       | 21094/70000 [02:19<06:37, 123.17it/s]
Convert + check images:  30%|███       | 21115/70000 [02:19<05:43, 142.11it/s]
Convert + check images:  30%|███       | 21133/70000 [02:19<05:24, 150.67it/s]
Convert + check images:  30%|███       | 21153/70000 [02:19<05:00, 162.66it/s]
Convert + check images:  30%|███       | 21172/70000 [02:19<04:50, 168.21it/s]
Convert + check images:  30%|███       | 21190/70000 [02:19<05:50, 139.25it/s]
Convert + check images:  30%|███       | 21208/70000 [02:20<05:30, 147.83it/s]
Convert + check images:  30%|███       | 21228/70000 [02:20<05:05, 159.45it/s]
Convert + check images:  30%|███       | 21247/70000 [02:20<04:53, 166.29it/s]
Convert + check images:  30%|███       | 21265/70000 [02:20<06:16, 129.29it/s]
Convert + check images:  30%|███       | 21284/70000 [02:20<05:53, 137.63it/s]
Convert + check images:  30%|███       | 21300/70000 [02:20<07:04, 114.75it/s]
Convert + check images:  30%|███       | 21322/70000 [02:20<05:59, 135.39it/s]
Convert + check images:  30%|███       | 21341/70000 [02:20<05:30, 147.37it/s]
Convert + check images:  31%|███       | 21358/70000 [02:21<06:33, 123.51it/s]
Convert + check images:  31%|███       | 21374/70000 [02:21<06:09, 131.53it/s]
Convert + check images:  31%|███       | 21394/70000 [02:21<05:28, 148.02it/s]
Convert + check images:  31%|███       | 21412/70000 [02:21<05:11, 156.15it/s]
Convert + check images:  31%|███       | 21429/70000 [02:21<05:06, 158.34it/s]
Convert + check images:  31%|███       | 21447/70000 [02:21<04:58, 162.64it/s]
Convert + check images:  31%|███       | 21470/70000 [02:21<04:34, 176.48it/s]
Convert + check images:  31%|███       | 21489/70000 [02:22<05:46, 140.09it/s]
Convert + check images:  31%|███       | 21505/70000 [02:22<05:44, 140.87it/s]
Convert + check images:  31%|███       | 21528/70000 [02:22<05:05, 158.41it/s]
Convert + check images:  31%|███       | 21545/70000 [02:22<06:18, 128.06it/s]
Convert + check images:  31%|███       | 21560/70000 [02:22<06:08, 131.42it/s]
Convert + check images:  31%|███       | 21575/70000 [02:22<06:16, 128.49it/s]
Convert + check images:  31%|███       | 21597/70000 [02:22<05:23, 149.81it/s]
Convert + check images:  31%|███       | 21616/70000 [02:22<05:04, 159.08it/s]
Convert + check images:  31%|███       | 21633/70000 [02:23<05:41, 141.67it/s]
Convert + check images:  31%|███       | 21652/70000 [02:23<05:21, 150.41it/s]
Convert + check images:  31%|███       | 21673/70000 [02:23<04:54, 164.09it/s]
Convert + check images:  31%|███       | 21691/70000 [02:23<04:51, 165.72it/s]
Convert + check images:  31%|███       | 21709/70000 [02:23<06:35, 122.14it/s]
Convert + check images:  31%|███       | 21724/70000 [02:23<07:29, 107.36it/s]
Convert + check images:  31%|███       | 21746/70000 [02:23<06:15, 128.52it/s]
Convert + check images:  31%|███       | 21769/70000 [02:23<05:28, 146.84it/s]
Convert + check images:  31%|███       | 21790/70000 [02:24<04:58, 161.49it/s]
Convert + check images:  31%|███       | 21811/70000 [02:24<04:40, 171.61it/s]
Convert + check images:  31%|███       | 21833/70000 [02:24<04:31, 177.63it/s]
Convert + check images:  31%|███       | 21852/70000 [02:24<04:39, 172.30it/s]
Convert + check images:  31%|███       | 21870/70000 [02:24<04:43, 169.63it/s]
Convert + check images:  31%|███▏      | 21888/70000 [02:24<04:50, 165.74it/s]
Convert + check images:  31%|███▏      | 21906/70000 [02:24<04:47, 167.44it/s]
Convert + check images:  31%|███▏      | 21923/70000 [02:24<06:14, 128.40it/s]
Convert + check images:  31%|███▏      | 21943/70000 [02:25<05:32, 144.60it/s]
Convert + check images:  31%|███▏      | 21961/70000 [02:25<05:16, 151.96it/s]
Convert + check images:  31%|███▏      | 21983/70000 [02:25<04:51, 164.49it/s]
Convert + check images:  31%|███▏      | 22004/70000 [02:25<04:31, 176.51it/s]
Convert + check images:  31%|███▏      | 22024/70000 [02:25<04:36, 173.62it/s]
Convert + check images:  31%|███▏      | 22043/70000 [02:25<04:31, 176.53it/s]
Convert + check images:  32%|███▏      | 22064/70000 [02:25<04:18, 185.48it/s]
Convert + check images:  32%|███▏      | 22084/70000 [02:25<04:13, 188.68it/s]
Convert + check images:  32%|███▏      | 22104/70000 [02:25<04:34, 174.80it/s]
Convert + check images:  32%|███▏      | 22124/70000 [02:26<04:32, 175.48it/s]
Convert + check images:  32%|███▏      | 22142/70000 [02:26<04:47, 166.25it/s]
Convert + check images:  32%|███▏      | 22162/70000 [02:26<04:34, 174.47it/s]
Convert + check images:  32%|███▏      | 22180/70000 [02:26<06:10, 129.13it/s]
Convert + check images:  32%|███▏      | 22195/70000 [02:26<06:07, 129.92it/s]
Convert + check images:  32%|███▏      | 22217/70000 [02:26<05:22, 148.14it/s]
Convert + check images:  32%|███▏      | 22237/70000 [02:26<04:57, 160.77it/s]
Convert + check images:  32%|███▏      | 22255/70000 [02:26<04:59, 159.50it/s]
Convert + check images:  32%|███▏      | 22277/70000 [02:27<04:32, 174.89it/s]
Convert + check images:  32%|███▏      | 22296/70000 [02:27<04:28, 177.66it/s]
Convert + check images:  32%|███▏      | 22315/70000 [02:27<04:26, 178.67it/s]
Convert + check images:  32%|███▏      | 22337/70000 [02:27<04:13, 187.89it/s]
Convert + check images:  32%|███▏      | 22357/70000 [02:27<04:15, 186.49it/s]
Convert + check images:  32%|███▏      | 22376/70000 [02:27<04:30, 176.13it/s]
Convert + check images:  32%|███▏      | 22397/70000 [02:27<04:19, 183.54it/s]
Convert + check images:  32%|███▏      | 22417/70000 [02:27<04:15, 186.09it/s]
Convert + check images:  32%|███▏      | 22439/70000 [02:27<04:05, 193.85it/s]
Convert + check images:  32%|███▏      | 22459/70000 [02:28<05:14, 151.07it/s]
Convert + check images:  32%|███▏      | 22483/70000 [02:28<04:43, 167.53it/s]
Convert + check images:  32%|███▏      | 22503/70000 [02:28<04:38, 170.50it/s]
Convert + check images:  32%|███▏      | 22521/70000 [02:28<04:47, 164.90it/s]
Convert + check images:  32%|███▏      | 22541/70000 [02:28<04:35, 172.07it/s]
Convert + check images:  32%|███▏      | 22560/70000 [02:28<04:34, 173.11it/s]
Convert + check images:  32%|███▏      | 22583/70000 [02:28<04:13, 187.25it/s]
Convert + check images:  32%|███▏      | 22603/70000 [02:28<04:08, 190.68it/s]
Convert + check images:  32%|███▏      | 22625/70000 [02:28<03:58, 198.84it/s]
Convert + check images:  32%|███▏      | 22646/70000 [02:29<03:55, 200.82it/s]
Convert + check images:  32%|███▏      | 22667/70000 [02:29<05:18, 148.39it/s]
Convert + check images:  32%|███▏      | 22688/70000 [02:29<04:52, 161.82it/s]
Convert + check images:  32%|███▏      | 22710/70000 [02:29<04:28, 176.12it/s]
Convert + check images:  32%|███▏      | 22730/70000 [02:29<04:51, 162.29it/s]
Convert + check images:  32%|███▏      | 22748/70000 [02:29<04:46, 164.79it/s]
Convert + check images:  33%|███▎      | 22768/70000 [02:29<04:34, 172.04it/s]
Convert + check images:  33%|███▎      | 22788/70000 [02:29<04:28, 175.99it/s]
Convert + check images:  33%|███▎      | 22812/70000 [02:30<04:13, 186.21it/s]
Convert + check images:  33%|███▎      | 22831/70000 [02:30<04:13, 186.01it/s]
Convert + check images:  33%|███▎      | 22850/70000 [02:30<04:13, 186.00it/s]
Convert + check images:  33%|███▎      | 22870/70000 [02:30<04:09, 188.56it/s]
Convert + check images:  33%|███▎      | 22889/70000 [02:30<04:12, 186.83it/s]
Convert + check images:  33%|███▎      | 22908/70000 [02:30<04:34, 171.52it/s]
Convert + check images:  33%|███▎      | 22930/70000 [02:30<04:16, 183.25it/s]
Convert + check images:  33%|███▎      | 22953/70000 [02:30<04:03, 192.90it/s]
Convert + check images:  33%|███▎      | 22973/70000 [02:30<04:04, 192.56it/s]
Convert + check images:  33%|███▎      | 22993/70000 [02:31<04:14, 185.04it/s]
Convert + check images:  33%|███▎      | 23014/70000 [02:31<04:06, 190.89it/s]
Convert + check images:  33%|███▎      | 23035/70000 [02:31<04:05, 191.60it/s]
Convert + check images:  33%|███▎      | 23056/70000 [02:31<04:02, 193.73it/s]
Convert + check images:  33%|███▎      | 23076/70000 [02:31<04:08, 189.04it/s]
Convert + check images:  33%|███▎      | 23095/70000 [02:31<04:13, 184.94it/s]
Convert + check images:  33%|███▎      | 23114/70000 [02:31<04:28, 174.72it/s]
Convert + check images:  33%|███▎      | 23132/70000 [02:31<05:54, 132.20it/s]
Convert + check images:  33%|███▎      | 23153/70000 [02:32<05:14, 149.19it/s]
Convert + check images:  33%|███▎      | 23174/70000 [02:32<04:46, 163.40it/s]
Convert + check images:  33%|███▎      | 23195/70000 [02:32<04:35, 170.02it/s]
Convert + check images:  33%|███▎      | 23214/70000 [02:32<04:31, 172.08it/s]
Convert + check images:  33%|███▎      | 23234/70000 [02:32<04:21, 178.98it/s]
Convert + check images:  33%|███▎      | 23253/70000 [02:32<04:18, 180.95it/s]
Convert + check images:  33%|███▎      | 23276/70000 [02:32<04:00, 194.61it/s]
Convert + check images:  33%|███▎      | 23298/70000 [02:32<03:54, 199.44it/s]
Convert + check images:  33%|███▎      | 23319/70000 [02:32<04:12, 185.22it/s]
Convert + check images:  33%|███▎      | 23339/70000 [02:33<04:08, 187.90it/s]
Convert + check images:  33%|███▎      | 23365/70000 [02:33<03:51, 201.16it/s]
Convert + check images:  33%|███▎      | 23386/70000 [02:33<04:22, 177.26it/s]
Convert + check images:  33%|███▎      | 23409/70000 [02:33<04:06, 188.85it/s]
Convert + check images:  33%|███▎      | 23429/70000 [02:33<04:03, 191.24it/s]
Convert + check images:  33%|███▎      | 23449/70000 [02:33<04:32, 170.61it/s]
Convert + check images:  34%|███▎      | 23468/70000 [02:33<04:25, 175.26it/s]
Convert + check images:  34%|███▎      | 23490/70000 [02:33<04:11, 184.87it/s]
Convert + check images:  34%|███▎      | 23509/70000 [02:34<05:41, 135.94it/s]
Convert + check images:  34%|███▎      | 23530/70000 [02:34<05:05, 152.22it/s]
Convert + check images:  34%|███▎      | 23553/70000 [02:34<04:34, 169.30it/s]
Convert + check images:  34%|███▎      | 23574/70000 [02:34<04:27, 173.79it/s]
Convert + check images:  34%|███▎      | 23595/70000 [02:34<04:17, 180.18it/s]
Convert + check images:  34%|███▎      | 23616/70000 [02:34<04:14, 182.52it/s]
Convert + check images:  34%|███▍      | 23636/70000 [02:34<04:11, 184.07it/s]
Convert + check images:  34%|███▍      | 23657/70000 [02:34<04:04, 189.33it/s]
Convert + check images:  34%|███▍      | 23677/70000 [02:34<04:18, 179.46it/s]
Convert + check images:  34%|███▍      | 23698/70000 [02:35<04:11, 184.07it/s]
Convert + check images:  34%|███▍      | 23722/70000 [02:35<03:53, 198.34it/s]
Convert + check images:  34%|███▍      | 23743/70000 [02:35<04:01, 191.65it/s]
Convert + check images:  34%|███▍      | 23763/70000 [02:35<04:10, 184.54it/s]
Convert + check images:  34%|███▍      | 23782/70000 [02:35<04:28, 171.88it/s]
Convert + check images:  34%|███▍      | 23800/70000 [02:35<04:25, 173.84it/s]
Convert + check images:  34%|███▍      | 23819/70000 [02:35<04:23, 175.49it/s]
Convert + check images:  34%|███▍      | 23837/70000 [02:35<04:34, 168.14it/s]
Convert + check images:  34%|███▍      | 23864/70000 [02:35<04:03, 189.61it/s]
Convert + check images:  34%|███▍      | 23884/70000 [02:36<04:13, 181.58it/s]
Convert + check images:  34%|███▍      | 23904/70000 [02:36<04:07, 186.45it/s]
Convert + check images:  34%|███▍      | 23923/70000 [02:36<04:16, 179.89it/s]
Convert + check images:  34%|███▍      | 23942/70000 [02:36<05:24, 141.82it/s]
Convert + check images:  34%|███▍      | 23961/70000 [02:36<05:03, 151.78it/s]
Convert + check images:  34%|███▍      | 23978/70000 [02:36<05:00, 152.98it/s]
Convert + check images:  34%|███▍      | 24002/70000 [02:36<04:34, 167.30it/s]
Convert + check images:  34%|███▍      | 24020/70000 [02:37<06:23, 119.76it/s]
Convert + check images:  34%|███▍      | 24041/70000 [02:37<05:35, 136.86it/s]
Convert + check images:  34%|███▍      | 24062/70000 [02:37<05:04, 151.06it/s]
Convert + check images:  34%|███▍      | 24080/70000 [02:37<07:36, 100.69it/s]
Convert + check images:  34%|███▍      | 24094/70000 [02:37<07:42, 99.24it/s] 
Convert + check images:  34%|███▍      | 24115/70000 [02:37<06:22, 120.07it/s]
Convert + check images:  34%|███▍      | 24135/70000 [02:37<05:36, 136.13it/s]
Convert + check images:  35%|███▍      | 24155/70000 [02:38<05:14, 145.66it/s]
Convert + check images:  35%|███▍      | 24172/70000 [02:38<06:42, 113.96it/s]
Convert + check images:  35%|███▍      | 24195/70000 [02:38<05:38, 135.42it/s]
Convert + check images:  35%|███▍      | 24213/70000 [02:38<05:16, 144.59it/s]
Convert + check images:  35%|███▍      | 24230/70000 [02:38<05:55, 128.76it/s]
Convert + check images:  35%|███▍      | 24245/70000 [02:38<06:05, 125.17it/s]
Convert + check images:  35%|███▍      | 24262/70000 [02:38<05:46, 132.05it/s]
Convert + check images:  35%|███▍      | 24283/70000 [02:39<05:06, 149.06it/s]
Convert + check images:  35%|███▍      | 24308/70000 [02:39<04:32, 167.49it/s]
Convert + check images:  35%|███▍      | 24330/70000 [02:39<04:15, 178.81it/s]
Convert + check images:  35%|███▍      | 24353/70000 [02:39<03:58, 191.25it/s]
Convert + check images:  35%|███▍      | 24373/70000 [02:39<04:04, 186.33it/s]
Convert + check images:  35%|███▍      | 24393/70000 [02:39<04:51, 156.21it/s]
Convert + check images:  35%|███▍      | 24410/70000 [02:39<06:18, 120.44it/s]
Convert + check images:  35%|███▍      | 24424/70000 [02:40<06:31, 116.56it/s]
Convert + check images:  35%|███▍      | 24445/70000 [02:40<05:37, 134.92it/s]
Convert + check images:  35%|███▍      | 24469/70000 [02:40<04:50, 156.50it/s]
Convert + check images:  35%|███▍      | 24491/70000 [02:40<04:27, 170.38it/s]
Convert + check images:  35%|███▌      | 24511/70000 [02:40<04:17, 176.48it/s]
Convert + check images:  35%|███▌      | 24531/70000 [02:40<04:13, 179.26it/s]
Convert + check images:  35%|███▌      | 24550/70000 [02:40<04:40, 162.07it/s]
Convert + check images:  35%|███▌      | 24572/70000 [02:40<04:20, 174.30it/s]
Convert + check images:  35%|███▌      | 24591/70000 [02:41<05:00, 151.11it/s]
Convert + check images:  35%|███▌      | 24610/70000 [02:41<04:46, 158.48it/s]
Convert + check images:  35%|███▌      | 24632/70000 [02:41<04:29, 168.37it/s]
Convert + check images:  35%|███▌      | 24650/70000 [02:41<04:57, 152.38it/s]
Convert + check images:  35%|███▌      | 24670/70000 [02:41<04:38, 162.73it/s]
Convert + check images:  35%|███▌      | 24688/70000 [02:41<04:32, 166.56it/s]
Convert + check images:  35%|███▌      | 24709/70000 [02:41<04:15, 177.33it/s]
Convert + check images:  35%|███▌      | 24728/70000 [02:41<04:16, 176.72it/s]
Convert + check images:  35%|███▌      | 24747/70000 [02:41<04:13, 178.39it/s]
Convert + check images:  35%|███▌      | 24766/70000 [02:42<04:38, 162.60it/s]
Convert + check images:  35%|███▌      | 24787/70000 [02:42<04:21, 172.89it/s]
Convert + check images:  35%|███▌      | 24807/70000 [02:42<04:12, 179.08it/s]
Convert + check images:  35%|███▌      | 24826/70000 [02:42<04:45, 158.22it/s]
Convert + check images:  36%|███▌      | 24851/70000 [02:42<04:12, 178.65it/s]
Convert + check images:  36%|███▌      | 24875/70000 [02:42<03:55, 191.26it/s]
Convert + check images:  36%|███▌      | 24895/70000 [02:42<04:06, 183.17it/s]
Convert + check images:  36%|███▌      | 24914/70000 [02:42<04:36, 163.33it/s]
Convert + check images:  36%|███▌      | 24939/70000 [02:42<04:05, 183.57it/s]
Convert + check images:  36%|███▌      | 24961/70000 [02:43<03:56, 190.69it/s]
Convert + check images:  36%|███▌      | 24981/70000 [02:43<04:38, 161.88it/s]
Convert + check images:  36%|███▌      | 24999/70000 [02:43<04:45, 157.76it/s]
Convert + check images:  36%|███▌      | 25019/70000 [02:43<04:31, 165.97it/s]
Convert + check images:  36%|███▌      | 25042/70000 [02:43<04:08, 180.85it/s]
Convert + check images:  36%|███▌      | 25061/70000 [02:43<04:57, 151.23it/s]
Convert + check images:  36%|███▌      | 25082/70000 [02:43<04:32, 165.06it/s]
Convert + check images:  36%|███▌      | 25103/70000 [02:43<04:15, 175.47it/s]
Convert + check images:  36%|███▌      | 25123/70000 [02:44<04:15, 175.51it/s]
Convert + check images:  36%|███▌      | 25142/70000 [02:44<05:05, 146.62it/s]
Convert + check images:  36%|███▌      | 25163/70000 [02:44<04:37, 161.74it/s]
Convert + check images:  36%|███▌      | 25182/70000 [02:44<04:28, 166.71it/s]
Convert + check images:  36%|███▌      | 25200/70000 [02:44<05:51, 127.41it/s]
Convert + check images:  36%|███▌      | 25222/70000 [02:44<05:05, 146.72it/s]
Convert + check images:  36%|███▌      | 25242/70000 [02:44<04:45, 156.59it/s]
Convert + check images:  36%|███▌      | 25263/70000 [02:45<04:34, 163.13it/s]
Convert + check images:  36%|███▌      | 25281/70000 [02:45<04:33, 163.76it/s]
Convert + check images:  36%|███▌      | 25306/70000 [02:45<04:12, 177.10it/s]
Convert + check images:  36%|███▌      | 25325/70000 [02:45<04:11, 177.58it/s]
Convert + check images:  36%|███▌      | 25345/70000 [02:45<04:04, 182.61it/s]
Convert + check images:  36%|███▌      | 25366/70000 [02:45<03:57, 187.72it/s]
Convert + check images:  36%|███▋      | 25386/70000 [02:45<04:12, 176.45it/s]
Convert + check images:  36%|███▋      | 25405/70000 [02:45<04:13, 176.05it/s]
Convert + check images:  36%|███▋      | 25426/70000 [02:45<04:02, 183.77it/s]
Convert + check images:  36%|███▋      | 25445/70000 [02:46<04:00, 184.99it/s]
Convert + check images:  36%|███▋      | 25464/70000 [02:46<04:03, 182.74it/s]
Convert + check images:  36%|███▋      | 25483/70000 [02:46<04:05, 181.12it/s]
Convert + check images:  36%|███▋      | 25502/70000 [02:46<04:35, 161.44it/s]
Convert + check images:  36%|███▋      | 25522/70000 [02:46<04:19, 171.20it/s]
Convert + check images:  36%|███▋      | 25545/70000 [02:46<04:02, 183.12it/s]
Convert + check images:  37%|███▋      | 25564/70000 [02:46<05:02, 146.80it/s]
Convert + check images:  37%|███▋      | 25580/70000 [02:46<05:27, 135.83it/s]
Convert + check images:  37%|███▋      | 25595/70000 [02:47<05:34, 132.88it/s]
Convert + check images:  37%|███▋      | 25611/70000 [02:47<05:20, 138.57it/s]
Convert + check images:  37%|███▋      | 25629/70000 [02:47<05:00, 147.59it/s]
Convert + check images:  37%|███▋      | 25646/70000 [02:47<04:49, 153.26it/s]
Convert + check images:  37%|███▋      | 25668/70000 [02:47<04:28, 165.33it/s]
Convert + check images:  37%|███▋      | 25686/70000 [02:47<04:21, 169.30it/s]
Convert + check images:  37%|███▋      | 25704/70000 [02:47<04:27, 165.83it/s]
Convert + check images:  37%|███▋      | 25723/70000 [02:47<04:19, 170.51it/s]
Convert + check images:  37%|███▋      | 25741/70000 [02:47<04:39, 158.15it/s]
Convert + check images:  37%|███▋      | 25763/70000 [02:48<04:15, 172.96it/s]
Convert + check images:  37%|███▋      | 25787/70000 [02:48<04:00, 183.67it/s]
Convert + check images:  37%|███▋      | 25806/70000 [02:48<04:11, 176.02it/s]
Convert + check images:  37%|███▋      | 25824/70000 [02:48<04:28, 164.57it/s]
Convert + check images:  37%|███▋      | 25841/70000 [02:48<04:35, 160.16it/s]
Convert + check images:  37%|███▋      | 25858/70000 [02:48<04:33, 161.14it/s]
Convert + check images:  37%|███▋      | 25880/70000 [02:48<04:10, 175.89it/s]
Convert + check images:  37%|███▋      | 25901/70000 [02:48<03:58, 184.94it/s]
Convert + check images:  37%|███▋      | 25921/70000 [02:48<04:03, 180.88it/s]
Convert + check images:  37%|███▋      | 25943/70000 [02:49<03:50, 191.31it/s]
Convert + check images:  37%|███▋      | 25966/70000 [02:49<03:47, 193.77it/s]
Convert + check images:  37%|███▋      | 25992/70000 [02:49<03:30, 208.61it/s]
Convert + check images:  37%|███▋      | 26013/70000 [02:49<04:06, 178.80it/s]
Convert + check images:  37%|███▋      | 26037/70000 [02:49<03:46, 194.05it/s]
Convert + check images:  37%|███▋      | 26060/70000 [02:49<03:38, 201.37it/s]
Convert + check images:  37%|███▋      | 26081/70000 [02:49<03:42, 197.07it/s]
Convert + check images:  37%|███▋      | 26102/70000 [02:49<03:55, 186.20it/s]
Convert + check images:  37%|███▋      | 26122/70000 [02:49<03:52, 188.41it/s]
Convert + check images:  37%|███▋      | 26142/70000 [02:50<03:53, 187.44it/s]
Convert + check images:  37%|███▋      | 26161/70000 [02:50<04:02, 181.06it/s]
Convert + check images:  37%|███▋      | 26180/70000 [02:50<04:03, 180.10it/s]
Convert + check images:  37%|███▋      | 26200/70000 [02:50<04:00, 182.11it/s]
Convert + check images:  37%|███▋      | 26223/70000 [02:50<03:44, 195.32it/s]
Convert + check images:  37%|███▋      | 26243/70000 [02:50<04:04, 178.84it/s]
Convert + check images:  38%|███▊      | 26264/70000 [02:50<03:56, 184.57it/s]
Convert + check images:  38%|███▊      | 26283/70000 [02:50<03:55, 185.93it/s]
Convert + check images:  38%|███▊      | 26302/70000 [02:51<05:47, 125.59it/s]
Convert + check images:  38%|███▊      | 26320/70000 [02:51<05:19, 136.87it/s]
Convert + check images:  38%|███▊      | 26340/70000 [02:51<04:51, 149.66it/s]
Convert + check images:  38%|███▊      | 26360/70000 [02:51<04:29, 162.00it/s]
Convert + check images:  38%|███▊      | 26379/70000 [02:51<04:19, 168.16it/s]
Convert + check images:  38%|███▊      | 26399/70000 [02:51<04:06, 176.69it/s]
Convert + check images:  38%|███▊      | 26423/70000 [02:51<03:47, 191.24it/s]
Convert + check images:  38%|███▊      | 26443/70000 [02:51<04:18, 168.52it/s]
Convert + check images:  38%|███▊      | 26468/70000 [02:51<03:55, 184.84it/s]
Convert + check images:  38%|███▊      | 26488/70000 [02:52<03:54, 185.95it/s]
Convert + check images:  38%|███▊      | 26508/70000 [02:52<04:33, 159.13it/s]
Convert + check images:  38%|███▊      | 26530/70000 [02:52<04:11, 172.63it/s]
Convert + check images:  38%|███▊      | 26553/70000 [02:52<03:54, 185.00it/s]
Convert + check images:  38%|███▊      | 26576/70000 [02:52<03:43, 194.50it/s]
Convert + check images:  38%|███▊      | 26598/70000 [02:52<03:43, 193.80it/s]
Convert + check images:  38%|███▊      | 26618/70000 [02:52<03:46, 191.35it/s]
Convert + check images:  38%|███▊      | 26642/70000 [02:52<03:36, 200.08it/s]
Convert + check images:  38%|███▊      | 26663/70000 [02:53<03:36, 200.10it/s]
Convert + check images:  38%|███▊      | 26684/70000 [02:53<04:09, 173.82it/s]
Convert + check images:  38%|███▊      | 26706/70000 [02:53<03:54, 184.49it/s]
Convert + check images:  38%|███▊      | 26726/70000 [02:53<05:58, 120.84it/s]
Convert + check images:  38%|███▊      | 26750/70000 [02:53<05:02, 142.87it/s]
Convert + check images:  38%|███▊      | 26771/70000 [02:53<04:37, 155.57it/s]
Convert + check images:  38%|███▊      | 26790/70000 [02:53<04:31, 159.36it/s]
Convert + check images:  38%|███▊      | 26812/70000 [02:54<04:10, 172.21it/s]
Convert + check images:  38%|███▊      | 26834/70000 [02:54<03:56, 182.50it/s]
Convert + check images:  38%|███▊      | 26858/70000 [02:54<03:43, 192.90it/s]
Convert + check images:  38%|███▊      | 26879/70000 [02:54<03:44, 192.32it/s]
Convert + check images:  38%|███▊      | 26899/70000 [02:54<03:46, 190.58it/s]
Convert + check images:  38%|███▊      | 26923/70000 [02:54<03:39, 196.19it/s]
Convert + check images:  38%|███▊      | 26943/70000 [02:54<03:46, 189.99it/s]
Convert + check images:  39%|███▊      | 26964/70000 [02:54<03:41, 193.95it/s]
Convert + check images:  39%|███▊      | 26984/70000 [02:55<09:33, 75.01it/s] 
Convert + check images:  39%|███▊      | 27003/70000 [02:55<08:02, 89.18it/s]
Convert + check images:  39%|███▊      | 27019/70000 [02:55<07:16, 98.39it/s]
Convert + check images:  39%|███▊      | 27041/70000 [02:55<05:56, 120.33it/s]
Convert + check images:  39%|███▊      | 27059/70000 [02:55<05:48, 123.06it/s]
Convert + check images:  39%|███▊      | 27083/70000 [02:56<04:54, 145.91it/s]
Convert + check images:  39%|███▊      | 27101/70000 [02:56<04:45, 150.46it/s]
Convert + check images:  39%|███▊      | 27121/70000 [02:56<04:24, 162.38it/s]
Convert + check images:  39%|███▉      | 27145/70000 [02:56<03:58, 179.90it/s]
Convert + check images:  39%|███▉      | 27167/70000 [02:56<03:45, 189.81it/s]
Convert + check images:  39%|███▉      | 27188/70000 [02:56<03:43, 191.55it/s]
Convert + check images:  39%|███▉      | 27208/70000 [02:56<03:45, 190.05it/s]
Convert + check images:  39%|███▉      | 27228/70000 [02:56<03:49, 186.35it/s]
Convert + check images:  39%|███▉      | 27250/70000 [02:56<03:40, 193.78it/s]
Convert + check images:  39%|███▉      | 27270/70000 [02:56<03:40, 194.00it/s]
Convert + check images:  39%|███▉      | 27292/70000 [02:57<03:36, 197.12it/s]
Convert + check images:  39%|███▉      | 27316/70000 [02:57<03:26, 206.63it/s]
Convert + check images:  39%|███▉      | 27337/70000 [02:57<03:26, 206.11it/s]
Convert + check images:  39%|███▉      | 27361/70000 [02:57<03:22, 210.08it/s]
Convert + check images:  39%|███▉      | 27383/70000 [02:57<03:23, 209.45it/s]
Convert + check images:  39%|███▉      | 27404/70000 [02:57<03:55, 180.51it/s]
Convert + check images:  39%|███▉      | 27423/70000 [02:57<03:55, 180.98it/s]
Convert + check images:  39%|███▉      | 27442/70000 [02:57<04:17, 165.28it/s]
Convert + check images:  39%|███▉      | 27460/70000 [02:58<04:39, 152.26it/s]
Convert + check images:  39%|███▉      | 27476/70000 [02:58<04:59, 142.12it/s]
Convert + check images:  39%|███▉      | 27499/70000 [02:58<04:19, 163.75it/s]
Convert + check images:  39%|███▉      | 27521/70000 [02:58<03:58, 178.20it/s]
Convert + check images:  39%|███▉      | 27540/70000 [02:58<04:12, 168.08it/s]
Convert + check images:  39%|███▉      | 27566/70000 [02:58<03:42, 190.71it/s]
Convert + check images:  39%|███▉      | 27586/70000 [02:58<03:43, 189.94it/s]
Convert + check images:  39%|███▉      | 27610/70000 [02:58<03:32, 199.66it/s]
Convert + check images:  39%|███▉      | 27631/70000 [02:58<03:33, 198.66it/s]
Convert + check images:  40%|███▉      | 27656/70000 [02:59<03:24, 206.94it/s]
Convert + check images:  40%|███▉      | 27680/70000 [02:59<03:18, 213.66it/s]
Convert + check images:  40%|███▉      | 27704/70000 [02:59<03:21, 209.93it/s]
Convert + check images:  40%|███▉      | 27727/70000 [02:59<03:17, 213.75it/s]
Convert + check images:  40%|███▉      | 27749/70000 [02:59<03:25, 205.45it/s]
Convert + check images:  40%|███▉      | 27772/70000 [02:59<03:23, 207.47it/s]
Convert + check images:  40%|███▉      | 27795/70000 [02:59<03:18, 212.32it/s]
Convert + check images:  40%|███▉      | 27818/70000 [02:59<03:22, 207.89it/s]
Convert + check images:  40%|███▉      | 27839/70000 [02:59<03:37, 193.99it/s]
Convert + check images:  40%|███▉      | 27864/70000 [03:00<03:26, 204.08it/s]
Convert + check images:  40%|███▉      | 27890/70000 [03:00<03:18, 212.49it/s]
Convert + check images:  40%|███▉      | 27912/70000 [03:00<03:18, 211.81it/s]
Convert + check images:  40%|███▉      | 27934/70000 [03:00<03:24, 205.54it/s]
Convert + check images:  40%|███▉      | 27957/70000 [03:00<03:27, 202.40it/s]
Convert + check images:  40%|███▉      | 27979/70000 [03:00<03:24, 205.21it/s]
Convert + check images:  40%|████      | 28000/70000 [03:00<03:28, 201.26it/s]
Convert + check images:  40%|████      | 28023/70000 [03:00<03:22, 207.55it/s]
Convert + check images:  40%|████      | 28044/70000 [03:01<04:16, 163.83it/s]
Convert + check images:  40%|████      | 28063/70000 [03:01<04:08, 169.02it/s]
Convert + check images:  40%|████      | 28084/70000 [03:01<03:55, 177.97it/s]
Convert + check images:  40%|████      | 28104/70000 [03:01<03:55, 177.89it/s]
Convert + check images:  40%|████      | 28125/70000 [03:01<03:45, 185.63it/s]
Convert + check images:  40%|████      | 28147/70000 [03:01<03:39, 190.88it/s]
Convert + check images:  40%|████      | 28170/70000 [03:01<03:29, 199.53it/s]
Convert + check images:  40%|████      | 28192/70000 [03:01<03:23, 205.08it/s]
Convert + check images:  40%|████      | 28213/70000 [03:01<03:27, 201.56it/s]
Convert + check images:  40%|████      | 28234/70000 [03:01<03:26, 202.23it/s]
Convert + check images:  40%|████      | 28255/70000 [03:02<03:27, 201.36it/s]
Convert + check images:  40%|████      | 28276/70000 [03:02<03:26, 201.81it/s]
Convert + check images:  40%|████      | 28297/70000 [03:02<03:57, 175.67it/s]
Convert + check images:  40%|████      | 28316/70000 [03:02<04:14, 163.97it/s]
Convert + check images:  40%|████      | 28338/70000 [03:02<03:57, 175.50it/s]
Convert + check images:  41%|████      | 28362/70000 [03:02<03:37, 191.15it/s]
Convert + check images:  41%|████      | 28383/70000 [03:02<03:33, 194.85it/s]
Convert + check images:  41%|████      | 28407/70000 [03:02<03:24, 202.92it/s]
Convert + check images:  41%|████      | 28429/70000 [03:02<03:20, 207.48it/s]
Convert + check images:  41%|████      | 28451/70000 [03:03<03:19, 208.46it/s]
Convert + check images:  41%|████      | 28475/70000 [03:03<03:17, 210.61it/s]
Convert + check images:  41%|████      | 28497/70000 [03:03<03:28, 199.22it/s]
Convert + check images:  41%|████      | 28520/70000 [03:03<03:25, 201.39it/s]
Convert + check images:  41%|████      | 28541/70000 [03:03<03:25, 202.12it/s]
Convert + check images:  41%|████      | 28562/70000 [03:03<04:19, 159.45it/s]
Convert + check images:  41%|████      | 28580/70000 [03:03<04:26, 155.56it/s]
Convert + check images:  41%|████      | 28601/70000 [03:03<04:05, 168.66it/s]
Convert + check images:  41%|████      | 28629/70000 [03:04<03:31, 195.77it/s]
Convert + check images:  41%|████      | 28651/70000 [03:04<03:27, 199.53it/s]
Convert + check images:  41%|████      | 28672/70000 [03:04<03:24, 201.98it/s]
Convert + check images:  41%|████      | 28693/70000 [03:04<03:24, 202.19it/s]
Convert + check images:  41%|████      | 28716/70000 [03:04<03:22, 203.44it/s]
Convert + check images:  41%|████      | 28737/70000 [03:04<03:22, 203.36it/s]
Convert + check images:  41%|████      | 28759/70000 [03:04<03:25, 200.56it/s]
Convert + check images:  41%|████      | 28780/70000 [03:04<03:27, 199.01it/s]
Convert + check images:  41%|████      | 28804/70000 [03:04<03:20, 205.29it/s]
Convert + check images:  41%|████      | 28828/70000 [03:05<03:13, 213.28it/s]
Convert + check images:  41%|████      | 28853/70000 [03:05<03:05, 221.37it/s]
Convert + check images:  41%|████▏     | 28876/70000 [03:05<03:34, 191.42it/s]
Convert + check images:  41%|████▏     | 28900/70000 [03:05<03:28, 196.81it/s]
Convert + check images:  41%|████▏     | 28921/70000 [03:05<03:45, 182.57it/s]
Convert + check images:  41%|████▏     | 28942/70000 [03:05<03:36, 189.53it/s]
Convert + check images:  41%|████▏     | 28966/70000 [03:05<03:39, 187.26it/s]
Convert + check images:  41%|████▏     | 28986/70000 [03:05<04:25, 154.66it/s]
Convert + check images:  41%|████▏     | 29004/70000 [03:06<04:16, 160.12it/s]
Convert + check images:  41%|████▏     | 29024/70000 [03:06<04:02, 168.98it/s]
Convert + check images:  41%|████▏     | 29042/70000 [03:06<04:32, 150.32it/s]
Convert + check images:  42%|████▏     | 29066/70000 [03:06<03:59, 170.85it/s]
Convert + check images:  42%|████▏     | 29085/70000 [03:06<03:54, 174.57it/s]
Convert + check images:  42%|████▏     | 29106/70000 [03:06<03:45, 181.62it/s]
Convert + check images:  42%|████▏     | 29131/70000 [03:06<03:25, 198.64it/s]
Convert + check images:  42%|████▏     | 29155/70000 [03:06<03:16, 207.48it/s]
Convert + check images:  42%|████▏     | 29177/70000 [03:06<03:16, 208.02it/s]
Convert + check images:  42%|████▏     | 29199/70000 [03:07<03:14, 209.57it/s]
Convert + check images:  42%|████▏     | 29222/70000 [03:07<03:21, 202.13it/s]
Convert + check images:  42%|████▏     | 29243/70000 [03:07<03:22, 201.74it/s]
Convert + check images:  42%|████▏     | 29264/70000 [03:07<03:23, 200.34it/s]
Convert + check images:  42%|████▏     | 29287/70000 [03:07<03:16, 207.41it/s]
Convert + check images:  42%|████▏     | 29308/70000 [03:07<03:19, 204.43it/s]
Convert + check images:  42%|████▏     | 29329/70000 [03:07<03:17, 205.65it/s]
Convert + check images:  42%|████▏     | 29350/70000 [03:07<03:34, 189.74it/s]
Convert + check images:  42%|████▏     | 29370/70000 [03:07<03:32, 191.40it/s]
Convert + check images:  42%|████▏     | 29391/70000 [03:08<03:27, 195.35it/s]
Convert + check images:  42%|████▏     | 29411/70000 [03:08<04:33, 148.28it/s]
Convert + check images:  42%|████▏     | 29428/70000 [03:08<05:33, 121.57it/s]
Convert + check images:  42%|████▏     | 29449/70000 [03:08<04:51, 139.14it/s]
Convert + check images:  42%|████▏     | 29473/70000 [03:08<04:13, 159.93it/s]
Convert + check images:  42%|████▏     | 29495/70000 [03:08<03:52, 174.20it/s]
Convert + check images:  42%|████▏     | 29520/70000 [03:08<03:33, 190.05it/s]
Convert + check images:  42%|████▏     | 29544/70000 [03:08<03:19, 202.29it/s]
Convert + check images:  42%|████▏     | 29566/70000 [03:09<04:11, 160.65it/s]
Convert + check images:  42%|████▏     | 29585/70000 [03:09<04:04, 165.09it/s]
Convert + check images:  42%|████▏     | 29606/70000 [03:09<03:51, 174.39it/s]
Convert + check images:  42%|████▏     | 29626/70000 [03:09<03:43, 180.82it/s]
Convert + check images:  42%|████▏     | 29646/70000 [03:09<04:17, 156.93it/s]
Convert + check images:  42%|████▏     | 29669/70000 [03:09<03:52, 173.67it/s]
Convert + check images:  42%|████▏     | 29694/70000 [03:09<04:03, 165.70it/s]
Convert + check images:  42%|████▏     | 29712/70000 [03:10<04:22, 153.31it/s]
Convert + check images:  42%|████▏     | 29731/70000 [03:10<04:10, 160.91it/s]
Convert + check images:  43%|████▎     | 29753/70000 [03:10<03:51, 173.63it/s]
Convert + check images:  43%|████▎     | 29772/70000 [03:10<04:21, 153.94it/s]
Convert + check images:  43%|████▎     | 29798/70000 [03:10<03:46, 177.57it/s]
Convert + check images:  43%|████▎     | 29817/70000 [03:10<03:51, 173.51it/s]
Convert + check images:  43%|████▎     | 29836/70000 [03:10<04:17, 155.68it/s]
Convert + check images:  43%|████▎     | 29855/70000 [03:10<04:07, 162.28it/s]
Convert + check images:  43%|████▎     | 29880/70000 [03:11<03:42, 180.36it/s]
Convert + check images:  43%|████▎     | 29901/70000 [03:11<03:41, 181.06it/s]
Convert + check images:  43%|████▎     | 29924/70000 [03:11<03:28, 192.62it/s]
Convert + check images:  43%|████▎     | 29944/70000 [03:11<03:33, 187.63it/s]
Convert + check images:  43%|████▎     | 29965/70000 [03:11<03:27, 192.84it/s]
Convert + check images:  43%|████▎     | 29987/70000 [03:11<03:20, 199.17it/s]
Convert + check images:  43%|████▎     | 30013/70000 [03:11<03:10, 209.69it/s]
Convert + check images:  43%|████▎     | 30037/70000 [03:11<03:03, 218.24it/s]
Convert + check images:  43%|████▎     | 30059/70000 [03:11<03:15, 204.51it/s]
Convert + check images:  43%|████▎     | 30083/70000 [03:11<03:06, 213.52it/s]
Convert + check images:  43%|████▎     | 30106/70000 [03:12<03:03, 217.43it/s]
Convert + check images:  43%|████▎     | 30128/70000 [03:12<03:42, 179.51it/s]
Convert + check images:  43%|████▎     | 30148/70000 [03:12<04:01, 164.94it/s]
Convert + check images:  43%|████▎     | 30171/70000 [03:12<03:42, 179.33it/s]
Convert + check images:  43%|████▎     | 30192/70000 [03:12<03:32, 187.09it/s]
Convert + check images:  43%|████▎     | 30212/70000 [03:12<03:38, 182.07it/s]
Convert + check images:  43%|████▎     | 30234/70000 [03:12<03:28, 190.85it/s]
Convert + check images:  43%|████▎     | 30260/70000 [03:12<03:11, 207.55it/s]
Convert + check images:  43%|████▎     | 30282/70000 [03:13<03:23, 194.82it/s]
Convert + check images:  43%|████▎     | 30308/70000 [03:13<03:16, 202.48it/s]
Convert + check images:  43%|████▎     | 30329/70000 [03:13<03:27, 191.43it/s]
Convert + check images:  43%|████▎     | 30351/70000 [03:13<03:19, 198.69it/s]
Convert + check images:  43%|████▎     | 30372/70000 [03:13<03:16, 201.64it/s]
Convert + check images:  43%|████▎     | 30393/70000 [03:13<03:39, 180.41it/s]
Convert + check images:  43%|████▎     | 30418/70000 [03:13<03:21, 196.81it/s]
Convert + check images:  43%|████▎     | 30439/70000 [03:13<03:18, 199.49it/s]
Convert + check images:  44%|████▎     | 30460/70000 [03:13<03:15, 202.34it/s]
Convert + check images:  44%|████▎     | 30481/70000 [03:14<03:14, 203.05it/s]
Convert + check images:  44%|████▎     | 30502/70000 [03:14<03:17, 200.43it/s]
Convert + check images:  44%|████▎     | 30525/70000 [03:14<03:11, 206.36it/s]
Convert + check images:  44%|████▎     | 30546/70000 [03:14<03:16, 200.70it/s]
Convert + check images:  44%|████▎     | 30570/70000 [03:14<03:08, 209.70it/s]
Convert + check images:  44%|████▎     | 30593/70000 [03:14<03:10, 207.23it/s]
Convert + check images:  44%|████▎     | 30614/70000 [03:14<03:11, 206.14it/s]
Convert + check images:  44%|████▍     | 30635/70000 [03:14<03:11, 205.61it/s]
Convert + check images:  44%|████▍     | 30656/70000 [03:14<03:17, 199.44it/s]
Convert + check images:  44%|████▍     | 30677/70000 [03:15<03:15, 201.39it/s]
Convert + check images:  44%|████▍     | 30698/70000 [03:15<03:29, 187.37it/s]
Convert + check images:  44%|████▍     | 30717/70000 [03:15<04:02, 161.84it/s]
Convert + check images:  44%|████▍     | 30743/70000 [03:15<03:34, 183.17it/s]
Convert + check images:  44%|████▍     | 30765/70000 [03:15<03:26, 189.92it/s]
Convert + check images:  44%|████▍     | 30786/70000 [03:15<03:21, 194.89it/s]
Convert + check images:  44%|████▍     | 30806/70000 [03:15<03:19, 196.11it/s]
Convert + check images:  44%|████▍     | 30826/70000 [03:15<03:45, 174.09it/s]
Convert + check images:  44%|████▍     | 30845/70000 [03:16<04:43, 137.89it/s]
Convert + check images:  44%|████▍     | 30866/70000 [03:16<04:15, 153.29it/s]
Convert + check images:  44%|████▍     | 30883/70000 [03:16<04:20, 149.94it/s]
Convert + check images:  44%|████▍     | 30900/70000 [03:16<04:29, 145.16it/s]
Convert + check images:  44%|████▍     | 30924/70000 [03:16<03:52, 168.01it/s]
Convert + check images:  44%|████▍     | 30945/70000 [03:16<03:39, 177.82it/s]
Convert + check images:  44%|████▍     | 30964/70000 [03:16<03:54, 166.13it/s]
Convert + check images:  44%|████▍     | 30985/70000 [03:16<03:41, 176.51it/s]
Convert + check images:  44%|████▍     | 31006/70000 [03:16<03:30, 184.96it/s]
Convert + check images:  44%|████▍     | 31027/70000 [03:17<03:23, 191.73it/s]
Convert + check images:  44%|████▍     | 31056/70000 [03:17<03:04, 211.33it/s]
Convert + check images:  44%|████▍     | 31078/70000 [03:17<03:08, 205.99it/s]
Convert + check images:  44%|████▍     | 31099/70000 [03:17<03:41, 175.88it/s]
Convert + check images:  44%|████▍     | 31120/70000 [03:17<03:35, 180.63it/s]
Convert + check images:  44%|████▍     | 31142/70000 [03:17<03:25, 189.51it/s]
Convert + check images:  45%|████▍     | 31165/70000 [03:17<03:14, 199.49it/s]
Convert + check images:  45%|████▍     | 31189/70000 [03:17<03:04, 210.17it/s]
Convert + check images:  45%|████▍     | 31211/70000 [03:17<03:06, 208.43it/s]
Convert + check images:  45%|████▍     | 31233/70000 [03:18<03:22, 191.65it/s]
Convert + check images:  45%|████▍     | 31253/70000 [03:18<03:20, 193.08it/s]
Convert + check images:  45%|████▍     | 31277/70000 [03:18<03:13, 200.13it/s]
Convert + check images:  45%|████▍     | 31298/70000 [03:18<03:32, 181.82it/s]
Convert + check images:  45%|████▍     | 31320/70000 [03:18<03:27, 186.42it/s]
Convert + check images:  45%|████▍     | 31339/70000 [03:18<03:27, 186.55it/s]
Convert + check images:  45%|████▍     | 31358/70000 [03:18<03:50, 167.36it/s]
Convert + check images:  45%|████▍     | 31378/70000 [03:18<03:42, 173.56it/s]
Convert + check images:  45%|████▍     | 31397/70000 [03:19<03:38, 176.74it/s]
Convert + check images:  45%|████▍     | 31415/70000 [03:19<04:04, 157.52it/s]
Convert + check images:  45%|████▍     | 31436/70000 [03:19<03:45, 170.82it/s]
Convert + check images:  45%|████▍     | 31455/70000 [03:19<03:53, 165.24it/s]
Convert + check images:  45%|████▍     | 31472/70000 [03:19<04:01, 159.81it/s]
Convert + check images:  45%|████▌     | 31500/70000 [03:19<03:24, 188.28it/s]
Convert + check images:  45%|████▌     | 31521/70000 [03:19<03:28, 184.41it/s]
Convert + check images:  45%|████▌     | 31540/70000 [03:20<05:03, 126.74it/s]
Convert + check images:  45%|████▌     | 31562/70000 [03:20<04:25, 144.52it/s]
Convert + check images:  45%|████▌     | 31586/70000 [03:20<03:53, 164.52it/s]
Convert + check images:  45%|████▌     | 31607/70000 [03:20<03:40, 174.33it/s]
Convert + check images:  45%|████▌     | 31627/70000 [03:20<03:32, 180.30it/s]
Convert + check images:  45%|████▌     | 31647/70000 [03:20<03:27, 184.78it/s]
Convert + check images:  45%|████▌     | 31667/70000 [03:20<04:08, 154.29it/s]
Convert + check images:  45%|████▌     | 31691/70000 [03:20<03:43, 171.25it/s]
Convert + check images:  45%|████▌     | 31712/70000 [03:20<03:32, 179.96it/s]
Convert + check images:  45%|████▌     | 31732/70000 [03:21<03:29, 182.53it/s]
Convert + check images:  45%|████▌     | 31752/70000 [03:21<03:47, 168.20it/s]
Convert + check images:  45%|████▌     | 31775/70000 [03:21<03:28, 183.43it/s]
Convert + check images:  45%|████▌     | 31803/70000 [03:21<03:03, 208.48it/s]
Convert + check images:  45%|████▌     | 31825/70000 [03:21<03:02, 209.59it/s]
Convert + check images:  45%|████▌     | 31847/70000 [03:21<03:00, 211.05it/s]
Convert + check images:  46%|████▌     | 31869/70000 [03:21<03:00, 211.34it/s]
Convert + check images:  46%|████▌     | 31891/70000 [03:21<02:58, 213.68it/s]
Convert + check images:  46%|████▌     | 31913/70000 [03:21<03:13, 197.34it/s]
Convert + check images:  46%|████▌     | 31935/70000 [03:22<03:10, 200.00it/s]
Convert + check images:  46%|████▌     | 31958/70000 [03:22<03:04, 206.73it/s]
Convert + check images:  46%|████▌     | 31981/70000 [03:22<03:01, 209.39it/s]
Convert + check images:  46%|████▌     | 32003/70000 [03:22<03:03, 207.24it/s]
Convert + check images:  46%|████▌     | 32026/70000 [03:22<02:57, 213.60it/s]
Convert + check images:  46%|████▌     | 32048/70000 [03:22<02:58, 212.13it/s]
Convert + check images:  46%|████▌     | 32071/70000 [03:22<02:57, 213.60it/s]
Convert + check images:  46%|████▌     | 32093/70000 [03:22<02:59, 211.70it/s]
Convert + check images:  46%|████▌     | 32116/70000 [03:22<02:55, 215.99it/s]
Convert + check images:  46%|████▌     | 32141/70000 [03:22<02:53, 217.79it/s]
Convert + check images:  46%|████▌     | 32163/70000 [03:23<02:54, 216.22it/s]
Convert + check images:  46%|████▌     | 32191/70000 [03:23<02:48, 224.92it/s]
Convert + check images:  46%|████▌     | 32214/70000 [03:23<03:02, 206.85it/s]
Convert + check images:  46%|████▌     | 32235/70000 [03:23<03:05, 203.06it/s]
Convert + check images:  46%|████▌     | 32260/70000 [03:23<02:56, 214.25it/s]
Convert + check images:  46%|████▌     | 32282/70000 [03:23<03:52, 162.07it/s]
Convert + check images:  46%|████▌     | 32301/70000 [03:23<04:36, 136.52it/s]
Convert + check images:  46%|████▌     | 32327/70000 [03:24<03:59, 157.13it/s]
Convert + check images:  46%|████▌     | 32345/70000 [03:24<04:27, 140.75it/s]
Convert + check images:  46%|████▌     | 32370/70000 [03:24<03:52, 161.69it/s]
Convert + check images:  46%|████▋     | 32393/70000 [03:24<03:31, 177.56it/s]
Convert + check images:  46%|████▋     | 32417/70000 [03:24<03:15, 192.67it/s]
Convert + check images:  46%|████▋     | 32438/70000 [03:24<03:13, 194.20it/s]
Convert + check images:  46%|████▋     | 32459/70000 [03:24<03:12, 195.20it/s]
Convert + check images:  46%|████▋     | 32480/70000 [03:24<03:10, 196.76it/s]
Convert + check images:  46%|████▋     | 32501/70000 [03:25<03:38, 171.64it/s]
Convert + check images:  46%|████▋     | 32521/70000 [03:25<03:29, 178.49it/s]
Convert + check images:  46%|████▋     | 32544/70000 [03:25<03:16, 190.54it/s]
Convert + check images:  47%|████▋     | 32564/70000 [03:25<03:15, 191.88it/s]
Convert + check images:  47%|████▋     | 32590/70000 [03:25<02:59, 208.56it/s]
Convert + check images:  47%|████▋     | 32612/70000 [03:25<03:05, 201.32it/s]
Convert + check images:  47%|████▋     | 32633/70000 [03:25<04:05, 152.01it/s]
Convert + check images:  47%|████▋     | 32655/70000 [03:25<03:44, 166.65it/s]
Convert + check images:  47%|████▋     | 32679/70000 [03:26<03:25, 181.30it/s]
Convert + check images:  47%|████▋     | 32699/70000 [03:26<03:21, 185.04it/s]
Convert + check images:  47%|████▋     | 32719/70000 [03:26<03:18, 188.21it/s]
Convert + check images:  47%|████▋     | 32739/70000 [03:26<03:21, 184.85it/s]
Convert + check images:  47%|████▋     | 32759/70000 [03:26<03:27, 179.07it/s]
Convert + check images:  47%|████▋     | 32784/70000 [03:26<03:14, 191.71it/s]
Convert + check images:  47%|████▋     | 32808/70000 [03:26<03:05, 201.03it/s]
Convert + check images:  47%|████▋     | 32829/70000 [03:26<03:08, 197.49it/s]
Convert + check images:  47%|████▋     | 32852/70000 [03:26<03:00, 205.79it/s]
Convert + check images:  47%|████▋     | 32876/70000 [03:26<02:53, 213.81it/s]
Convert + check images:  47%|████▋     | 32898/70000 [03:27<02:52, 215.52it/s]
Convert + check images:  47%|████▋     | 32920/70000 [03:27<02:54, 212.18it/s]
Convert + check images:  47%|████▋     | 32945/70000 [03:27<02:46, 222.26it/s]
Convert + check images:  47%|████▋     | 32968/70000 [03:27<02:45, 223.56it/s]
Convert + check images:  47%|████▋     | 32994/70000 [03:27<02:38, 232.77it/s]
Convert + check images:  47%|████▋     | 33020/70000 [03:27<02:34, 240.01it/s]
Convert + check images:  47%|████▋     | 33045/70000 [03:27<02:54, 212.24it/s]
Convert + check images:  47%|████▋     | 33067/70000 [03:27<02:53, 212.59it/s]
Convert + check images:  47%|████▋     | 33093/70000 [03:27<02:49, 218.06it/s]
Convert + check images:  47%|████▋     | 33117/70000 [03:28<02:45, 222.52it/s]
Convert + check images:  47%|████▋     | 33140/70000 [03:28<02:45, 223.17it/s]
Convert + check images:  47%|████▋     | 33168/70000 [03:28<02:40, 230.05it/s]
Convert + check images:  47%|████▋     | 33192/70000 [03:28<02:39, 231.30it/s]
Convert + check images:  47%|████▋     | 33216/70000 [03:28<02:49, 217.02it/s]
Convert + check images:  47%|████▋     | 33238/70000 [03:28<03:13, 190.39it/s]
Convert + check images:  48%|████▊     | 33260/70000 [03:28<03:07, 195.95it/s]
Convert + check images:  48%|████▊     | 33281/70000 [03:28<03:15, 188.04it/s]
Convert + check images:  48%|████▊     | 33302/70000 [03:28<03:12, 190.15it/s]
Convert + check images:  48%|████▊     | 33327/70000 [03:29<03:04, 198.29it/s]
Convert + check images:  48%|████▊     | 33348/70000 [03:29<03:43, 163.76it/s]
Convert + check images:  48%|████▊     | 33376/70000 [03:29<03:18, 184.93it/s]
Convert + check images:  48%|████▊     | 33398/70000 [03:29<03:09, 192.71it/s]
Convert + check images:  48%|████▊     | 33419/70000 [03:29<03:06, 196.11it/s]
Convert + check images:  48%|████▊     | 33447/70000 [03:29<02:53, 210.27it/s]
Convert + check images:  48%|████▊     | 33469/70000 [03:29<02:57, 206.23it/s]
Convert + check images:  48%|████▊     | 33490/70000 [03:29<03:13, 188.95it/s]
Convert + check images:  48%|████▊     | 33513/70000 [03:30<03:04, 197.87it/s]
Convert + check images:  48%|████▊     | 33539/70000 [03:30<02:56, 206.71it/s]
Convert + check images:  48%|████▊     | 33562/70000 [03:30<02:52, 211.81it/s]
Convert + check images:  48%|████▊     | 33589/70000 [03:30<02:41, 225.08it/s]
Convert + check images:  48%|████▊     | 33612/70000 [03:30<03:27, 175.36it/s]
Convert + check images:  48%|████▊     | 33633/70000 [03:30<03:27, 175.04it/s]
Convert + check images:  48%|████▊     | 33655/70000 [03:30<03:17, 184.42it/s]
Convert + check images:  48%|████▊     | 33682/70000 [03:30<03:00, 201.04it/s]
Convert + check images:  48%|████▊     | 33703/70000 [03:31<03:05, 195.18it/s]
Convert + check images:  48%|████▊     | 33734/70000 [03:31<02:43, 221.88it/s]
Convert + check images:  48%|████▊     | 33757/70000 [03:31<02:46, 217.09it/s]
Convert + check images:  48%|████▊     | 33780/70000 [03:31<03:07, 193.44it/s]
Convert + check images:  48%|████▊     | 33804/70000 [03:31<02:56, 204.84it/s]
Convert + check images:  48%|████▊     | 33826/70000 [03:31<02:54, 207.23it/s]
Convert + check images:  48%|████▊     | 33850/70000 [03:31<02:53, 207.87it/s]
Convert + check images:  48%|████▊     | 33872/70000 [03:31<03:11, 188.18it/s]
Convert + check images:  48%|████▊     | 33895/70000 [03:31<03:04, 195.77it/s]
Convert + check images:  48%|████▊     | 33918/70000 [03:32<02:56, 204.23it/s]
Convert + check images:  48%|████▊     | 33939/70000 [03:32<02:59, 200.78it/s]
Convert + check images:  49%|████▊     | 33962/70000 [03:32<02:55, 205.78it/s]
Convert + check images:  49%|████▊     | 33985/70000 [03:32<02:51, 210.30it/s]
Convert + check images:  49%|████▊     | 34007/70000 [03:32<02:58, 201.23it/s]
Convert + check images:  49%|████▊     | 34032/70000 [03:32<02:48, 212.88it/s]
Convert + check images:  49%|████▊     | 34055/70000 [03:32<02:45, 217.37it/s]
Convert + check images:  49%|████▊     | 34080/70000 [03:32<02:41, 222.13it/s]
Convert + check images:  49%|████▊     | 34103/70000 [03:32<02:40, 223.71it/s]
Convert + check images:  49%|████▉     | 34126/70000 [03:33<03:03, 195.91it/s]
Convert + check images:  49%|████▉     | 34147/70000 [03:33<03:01, 197.24it/s]
Convert + check images:  49%|████▉     | 34175/70000 [03:33<02:45, 215.88it/s]
Convert + check images:  49%|████▉     | 34198/70000 [03:33<02:52, 207.22it/s]
Convert + check images:  49%|████▉     | 34220/70000 [03:33<02:51, 208.74it/s]
Convert + check images:  49%|████▉     | 34242/70000 [03:33<02:52, 207.57it/s]
Convert + check images:  49%|████▉     | 34264/70000 [03:33<02:50, 209.91it/s]
Convert + check images:  49%|████▉     | 34286/70000 [03:33<02:52, 207.30it/s]
Convert + check images:  49%|████▉     | 34307/70000 [03:33<02:52, 206.49it/s]
Convert + check images:  49%|████▉     | 34328/70000 [03:34<02:54, 205.00it/s]
Convert + check images:  49%|████▉     | 34349/70000 [03:34<03:09, 188.15it/s]
Convert + check images:  49%|████▉     | 34369/70000 [03:34<03:06, 191.21it/s]
Convert + check images:  49%|████▉     | 34394/70000 [03:34<02:58, 199.35it/s]
Convert + check images:  49%|████▉     | 34415/70000 [03:34<04:31, 130.83it/s]
Convert + check images:  49%|████▉     | 34434/70000 [03:34<04:11, 141.55it/s]
Convert + check images:  49%|████▉     | 34453/70000 [03:34<03:53, 152.26it/s]
Convert + check images:  49%|████▉     | 34471/70000 [03:35<03:54, 151.28it/s]
Convert + check images:  49%|████▉     | 34495/70000 [03:35<03:25, 172.74it/s]
Convert + check images:  49%|████▉     | 34517/70000 [03:35<03:17, 180.05it/s]
Convert + check images:  49%|████▉     | 34537/70000 [03:35<03:15, 181.64it/s]
Convert + check images:  49%|████▉     | 34559/70000 [03:35<03:05, 190.55it/s]
Convert + check images:  49%|████▉     | 34580/70000 [03:35<03:04, 192.43it/s]
Convert + check images:  49%|████▉     | 34600/70000 [03:35<03:13, 182.87it/s]
Convert + check images:  49%|████▉     | 34621/70000 [03:35<03:06, 189.26it/s]
Convert + check images:  49%|████▉     | 34642/70000 [03:35<03:03, 192.59it/s]
Convert + check images:  50%|████▉     | 34662/70000 [03:36<03:54, 150.41it/s]
Convert + check images:  50%|████▉     | 34684/70000 [03:36<03:32, 166.57it/s]
Convert + check images:  50%|████▉     | 34704/70000 [03:36<03:25, 171.72it/s]
Convert + check images:  50%|████▉     | 34725/70000 [03:36<03:17, 178.86it/s]
Convert + check images:  50%|████▉     | 34747/70000 [03:36<03:22, 174.29it/s]
Convert + check images:  50%|████▉     | 34766/70000 [03:36<03:22, 174.40it/s]
Convert + check images:  50%|████▉     | 34789/70000 [03:36<03:07, 187.54it/s]
Convert + check images:  50%|████▉     | 34811/70000 [03:36<03:01, 193.81it/s]
Convert + check images:  50%|████▉     | 34833/70000 [03:36<02:55, 200.72it/s]
Convert + check images:  50%|████▉     | 34854/70000 [03:37<02:56, 198.65it/s]
Convert + check images:  50%|████▉     | 34876/70000 [03:37<02:53, 202.48it/s]
Convert + check images:  50%|████▉     | 34901/70000 [03:37<02:44, 212.92it/s]
Convert + check images:  50%|████▉     | 34923/70000 [03:37<02:48, 207.73it/s]
Convert + check images:  50%|████▉     | 34944/70000 [03:37<02:49, 206.57it/s]
Convert + check images:  50%|████▉     | 34967/70000 [03:37<02:44, 212.76it/s]
Convert + check images:  50%|████▉     | 34995/70000 [03:37<02:35, 224.94it/s]
Convert + check images:  50%|█████     | 35018/70000 [03:37<02:41, 215.99it/s]
Convert + check images:  50%|█████     | 35043/70000 [03:37<02:37, 221.96it/s]
Convert + check images:  50%|█████     | 35066/70000 [03:38<02:38, 220.98it/s]
Convert + check images:  50%|█████     | 35089/70000 [03:38<02:47, 208.13it/s]
Convert + check images:  50%|█████     | 35110/70000 [03:38<02:48, 207.42it/s]
Convert + check images:  50%|█████     | 35134/70000 [03:38<02:45, 210.79it/s]
Convert + check images:  50%|█████     | 35156/70000 [03:38<02:52, 202.12it/s]
Convert + check images:  50%|█████     | 35178/70000 [03:38<02:49, 205.25it/s]
Convert + check images:  50%|█████     | 35200/70000 [03:38<02:47, 208.19it/s]
Convert + check images:  50%|█████     | 35224/70000 [03:38<02:46, 209.00it/s]
Convert + check images:  50%|█████     | 35248/70000 [03:38<02:40, 216.07it/s]
Convert + check images:  50%|█████     | 35270/70000 [03:39<02:44, 211.41it/s]
Convert + check images:  50%|█████     | 35292/70000 [03:39<02:56, 196.18it/s]
Convert + check images:  50%|█████     | 35319/70000 [03:39<02:43, 212.21it/s]
Convert + check images:  50%|█████     | 35342/70000 [03:39<02:42, 213.28it/s]
Convert + check images:  51%|█████     | 35364/70000 [03:39<03:20, 172.61it/s]
Convert + check images:  51%|█████     | 35385/70000 [03:39<03:10, 181.40it/s]
Convert + check images:  51%|█████     | 35408/70000 [03:39<03:02, 189.81it/s]
Convert + check images:  51%|█████     | 35428/70000 [03:39<03:21, 171.30it/s]
Convert + check images:  51%|█████     | 35448/70000 [03:40<03:13, 178.31it/s]
Convert + check images:  51%|█████     | 35467/70000 [03:40<03:11, 180.77it/s]
Convert + check images:  51%|█████     | 35486/70000 [03:40<03:13, 178.03it/s]
Convert + check images:  51%|█████     | 35511/70000 [03:40<02:55, 196.01it/s]
Convert + check images:  51%|█████     | 35531/70000 [03:40<03:25, 167.42it/s]
Convert + check images:  51%|█████     | 35557/70000 [03:40<03:01, 189.54it/s]
Convert + check images:  51%|█████     | 35577/70000 [03:40<02:59, 191.26it/s]
Convert + check images:  51%|█████     | 35597/70000 [03:40<03:07, 183.06it/s]
Convert + check images:  51%|█████     | 35622/70000 [03:40<02:53, 198.44it/s]
Convert + check images:  51%|█████     | 35643/70000 [03:41<03:00, 190.81it/s]
Convert + check images:  51%|█████     | 35663/70000 [03:41<03:02, 188.54it/s]
Convert + check images:  51%|█████     | 35692/70000 [03:41<02:43, 209.70it/s]
Convert + check images:  51%|█████     | 35715/70000 [03:41<02:39, 214.64it/s]
Convert + check images:  51%|█████     | 35737/70000 [03:41<02:40, 213.30it/s]
Convert + check images:  51%|█████     | 35759/70000 [03:41<02:50, 201.13it/s]
Convert + check images:  51%|█████     | 35780/70000 [03:41<04:00, 142.13it/s]
Convert + check images:  51%|█████     | 35803/70000 [03:41<03:34, 159.39it/s]
Convert + check images:  51%|█████     | 35825/70000 [03:42<03:18, 172.58it/s]
Convert + check images:  51%|█████     | 35845/70000 [03:42<03:13, 176.23it/s]
Convert + check images:  51%|█████     | 35871/70000 [03:42<02:57, 192.32it/s]
Convert + check images:  51%|█████▏    | 35892/70000 [03:42<02:54, 195.40it/s]
Convert + check images:  51%|█████▏    | 35913/70000 [03:42<03:05, 184.20it/s]
Convert + check images:  51%|█████▏    | 35933/70000 [03:42<03:03, 185.23it/s]
Convert + check images:  51%|█████▏    | 35957/70000 [03:42<02:56, 192.68it/s]
Convert + check images:  51%|█████▏    | 35982/70000 [03:42<02:43, 208.11it/s]
Convert + check images:  51%|█████▏    | 36005/70000 [03:42<02:43, 208.47it/s]
Convert + check images:  51%|█████▏    | 36027/70000 [03:43<04:11, 134.94it/s]
Convert + check images:  51%|█████▏    | 36049/70000 [03:43<03:44, 151.16it/s]
Convert + check images:  52%|█████▏    | 36070/70000 [03:43<03:27, 163.53it/s]
Convert + check images:  52%|█████▏    | 36094/70000 [03:43<03:08, 179.99it/s]
Convert + check images:  52%|█████▏    | 36120/70000 [03:43<02:51, 197.13it/s]
Convert + check images:  52%|█████▏    | 36142/70000 [03:43<03:45, 150.22it/s]
Convert + check images:  52%|█████▏    | 36165/70000 [03:44<03:27, 162.91it/s]
Convert + check images:  52%|█████▏    | 36192/70000 [03:44<03:01, 186.07it/s]
Convert + check images:  52%|█████▏    | 36213/70000 [03:44<03:02, 184.65it/s]
Convert + check images:  52%|█████▏    | 36235/70000 [03:44<02:56, 191.83it/s]
Convert + check images:  52%|█████▏    | 36258/70000 [03:44<02:48, 200.64it/s]
Convert + check images:  52%|█████▏    | 36279/70000 [03:44<03:21, 167.73it/s]
Convert + check images:  52%|█████▏    | 36299/70000 [03:44<03:12, 175.15it/s]
Convert + check images:  52%|█████▏    | 36320/70000 [03:44<03:05, 181.94it/s]
Convert + check images:  52%|█████▏    | 36343/70000 [03:44<02:58, 188.64it/s]
Convert + check images:  52%|█████▏    | 36367/70000 [03:45<02:47, 200.48it/s]
Convert + check images:  52%|█████▏    | 36388/70000 [03:45<02:50, 197.05it/s]
Convert + check images:  52%|█████▏    | 36409/70000 [03:45<02:54, 192.14it/s]
Convert + check images:  52%|█████▏    | 36430/70000 [03:45<02:51, 195.28it/s]
Convert + check images:  52%|█████▏    | 36454/70000 [03:45<02:47, 199.89it/s]
Convert + check images:  52%|█████▏    | 36475/70000 [03:45<03:00, 186.24it/s]
Convert + check images:  52%|█████▏    | 36496/70000 [03:45<02:54, 191.77it/s]
Convert + check images:  52%|█████▏    | 36516/70000 [03:45<02:54, 191.53it/s]
Convert + check images:  52%|█████▏    | 36542/70000 [03:45<02:44, 203.90it/s]
Convert + check images:  52%|█████▏    | 36563/70000 [03:46<02:48, 198.75it/s]
Convert + check images:  52%|█████▏    | 36583/70000 [03:46<02:50, 196.06it/s]
Convert + check images:  52%|█████▏    | 36606/70000 [03:46<02:42, 205.01it/s]
Convert + check images:  52%|█████▏    | 36629/70000 [03:46<02:44, 202.66it/s]
Convert + check images:  52%|█████▏    | 36650/70000 [03:46<02:51, 194.78it/s]
Convert + check images:  52%|█████▏    | 36679/70000 [03:46<02:32, 218.39it/s]
Convert + check images:  52%|█████▏    | 36705/70000 [03:46<02:28, 223.58it/s]
Convert + check images:  52%|█████▏    | 36728/70000 [03:46<02:33, 217.28it/s]
Convert + check images:  53%|█████▎    | 36751/70000 [03:46<02:31, 219.54it/s]
Convert + check images:  53%|█████▎    | 36776/70000 [03:47<02:27, 225.57it/s]
Convert + check images:  53%|█████▎    | 36804/70000 [03:47<02:20, 236.03it/s]
Convert + check images:  53%|█████▎    | 36828/70000 [03:47<02:32, 217.58it/s]
Convert + check images:  53%|█████▎    | 36851/70000 [03:47<02:45, 200.30it/s]
Convert + check images:  53%|█████▎    | 36876/70000 [03:47<02:37, 210.55it/s]
Convert + check images:  53%|█████▎    | 36900/70000 [03:47<02:32, 217.67it/s]
Convert + check images:  53%|█████▎    | 36923/70000 [03:47<02:38, 209.11it/s]
Convert + check images:  53%|█████▎    | 36952/70000 [03:47<02:26, 225.56it/s]
Convert + check images:  53%|█████▎    | 36978/70000 [03:47<02:21, 233.91it/s]
Convert + check images:  53%|█████▎    | 37005/70000 [03:48<02:19, 236.26it/s]
Convert + check images:  53%|█████▎    | 37032/70000 [03:48<02:16, 242.00it/s]
Convert + check images:  53%|█████▎    | 37058/70000 [03:48<02:19, 236.60it/s]
Convert + check images:  53%|█████▎    | 37082/70000 [03:48<02:39, 206.04it/s]
Convert + check images:  53%|█████▎    | 37106/70000 [03:48<02:35, 212.02it/s]
Convert + check images:  53%|█████▎    | 37128/70000 [03:48<02:35, 211.38it/s]
Convert + check images:  53%|█████▎    | 37150/70000 [03:48<02:58, 183.60it/s]
Convert + check images:  53%|█████▎    | 37170/70000 [03:48<02:58, 184.11it/s]
Convert + check images:  53%|█████▎    | 37189/70000 [03:49<03:02, 179.38it/s]
Convert + check images:  53%|█████▎    | 37208/70000 [03:49<03:23, 161.54it/s]
Convert + check images:  53%|█████▎    | 37228/70000 [03:49<03:11, 170.91it/s]
Convert + check images:  53%|█████▎    | 37251/70000 [03:49<02:56, 185.33it/s]
Convert + check images:  53%|█████▎    | 37279/70000 [03:49<02:41, 202.95it/s]
Convert + check images:  53%|█████▎    | 37305/70000 [03:49<02:30, 216.66it/s]
Convert + check images:  53%|█████▎    | 37333/70000 [03:49<02:24, 226.31it/s]
Convert + check images:  53%|█████▎    | 37360/70000 [03:49<02:17, 236.54it/s]
Convert + check images:  53%|█████▎    | 37384/70000 [03:50<03:03, 177.56it/s]
Convert + check images:  53%|█████▎    | 37412/70000 [03:50<02:46, 196.09it/s]
Convert + check images:  53%|█████▎    | 37434/70000 [03:50<02:47, 194.77it/s]
Convert + check images:  54%|█████▎    | 37455/70000 [03:50<02:45, 196.47it/s]
Convert + check images:  54%|█████▎    | 37476/70000 [03:50<02:53, 187.75it/s]
Convert + check images:  54%|█████▎    | 37501/70000 [03:50<02:41, 200.81it/s]
Convert + check images:  54%|█████▎    | 37522/70000 [03:50<03:04, 175.68it/s]
Convert + check images:  54%|█████▎    | 37546/70000 [03:50<02:56, 183.65it/s]
Convert + check images:  54%|█████▎    | 37566/70000 [03:50<02:55, 184.53it/s]
Convert + check images:  54%|█████▎    | 37592/70000 [03:51<02:40, 202.11it/s]
Convert + check images:  54%|█████▎    | 37618/70000 [03:51<02:34, 209.47it/s]
Convert + check images:  54%|█████▍    | 37647/70000 [03:51<02:25, 222.34it/s]
Convert + check images:  54%|█████▍    | 37671/70000 [03:51<02:30, 215.23it/s]
Convert + check images:  54%|█████▍    | 37693/70000 [03:51<02:35, 208.09it/s]
Convert + check images:  54%|█████▍    | 37720/70000 [03:51<02:30, 215.10it/s]
Convert + check images:  54%|█████▍    | 37742/70000 [03:51<02:56, 183.04it/s]
Convert + check images:  54%|█████▍    | 37762/70000 [03:51<02:53, 186.17it/s]
Convert + check images:  54%|█████▍    | 37788/70000 [03:52<02:39, 202.25it/s]
Convert + check images:  54%|█████▍    | 37815/70000 [03:52<02:28, 216.38it/s]
Convert + check images:  54%|█████▍    | 37840/70000 [03:52<02:23, 224.20it/s]
Convert + check images:  54%|█████▍    | 37863/70000 [03:52<02:27, 218.35it/s]
Convert + check images:  54%|█████▍    | 37887/70000 [03:52<02:25, 220.83it/s]
Convert + check images:  54%|█████▍    | 37910/70000 [03:52<02:28, 216.45it/s]
Convert + check images:  54%|█████▍    | 37932/70000 [03:52<03:16, 163.16it/s]
Convert + check images:  54%|█████▍    | 37958/70000 [03:52<02:54, 183.37it/s]
Convert + check images:  54%|█████▍    | 37979/70000 [03:52<02:50, 187.66it/s]
Convert + check images:  54%|█████▍    | 38000/70000 [03:53<02:51, 186.24it/s]
Convert + check images:  54%|█████▍    | 38020/70000 [03:53<02:52, 185.65it/s]
Convert + check images:  54%|█████▍    | 38043/70000 [03:53<02:42, 196.66it/s]
Convert + check images:  54%|█████▍    | 38064/70000 [03:53<03:10, 167.99it/s]
Convert + check images:  54%|█████▍    | 38088/70000 [03:53<02:56, 180.58it/s]
Convert + check images:  54%|█████▍    | 38110/70000 [03:53<02:51, 186.17it/s]
Convert + check images:  54%|█████▍    | 38135/70000 [03:53<02:38, 200.78it/s]
Convert + check images:  55%|█████▍    | 38161/70000 [03:53<02:28, 214.41it/s]
Convert + check images:  55%|█████▍    | 38183/70000 [03:54<02:40, 198.08it/s]
Convert + check images:  55%|█████▍    | 38204/70000 [03:54<02:48, 189.01it/s]
Convert + check images:  55%|█████▍    | 38231/70000 [03:54<02:33, 206.53it/s]
Convert + check images:  55%|█████▍    | 38255/70000 [03:54<02:28, 213.29it/s]
Convert + check images:  55%|█████▍    | 38282/70000 [03:54<02:19, 227.01it/s]
Convert + check images:  55%|█████▍    | 38306/70000 [03:54<02:26, 216.78it/s]
Convert + check images:  55%|█████▍    | 38328/70000 [03:54<02:26, 216.01it/s]
Convert + check images:  55%|█████▍    | 38350/70000 [03:54<02:32, 208.09it/s]
Convert + check images:  55%|█████▍    | 38371/70000 [03:54<02:35, 203.61it/s]
Convert + check images:  55%|█████▍    | 38393/70000 [03:55<02:32, 207.05it/s]
Convert + check images:  55%|█████▍    | 38414/70000 [03:55<03:16, 160.80it/s]
Convert + check images:  55%|█████▍    | 38441/70000 [03:55<02:49, 186.36it/s]
Convert + check images:  55%|█████▍    | 38462/70000 [03:55<02:44, 191.37it/s]
Convert + check images:  55%|█████▍    | 38485/70000 [03:55<02:36, 201.00it/s]
Convert + check images:  55%|█████▌    | 38507/70000 [03:55<02:46, 189.35it/s]
Convert + check images:  55%|█████▌    | 38532/70000 [03:55<02:36, 201.12it/s]
Convert + check images:  55%|█████▌    | 38553/70000 [03:55<02:34, 203.07it/s]
Convert + check images:  55%|█████▌    | 38579/70000 [03:55<02:26, 214.09it/s]
Convert + check images:  55%|█████▌    | 38601/70000 [03:56<02:29, 210.67it/s]
Convert + check images:  55%|█████▌    | 38623/70000 [03:56<02:45, 189.40it/s]
Convert + check images:  55%|█████▌    | 38644/70000 [03:56<02:43, 191.89it/s]
Convert + check images:  55%|█████▌    | 38669/70000 [03:56<02:34, 202.80it/s]
Convert + check images:  55%|█████▌    | 38692/70000 [03:56<02:29, 209.81it/s]
Convert + check images:  55%|█████▌    | 38717/70000 [03:56<02:27, 211.75it/s]
Convert + check images:  55%|█████▌    | 38743/70000 [03:56<02:24, 217.04it/s]
Convert + check images:  55%|█████▌    | 38765/70000 [03:56<02:25, 215.38it/s]
Convert + check images:  55%|█████▌    | 38790/70000 [03:57<02:24, 215.85it/s]
Convert + check images:  55%|█████▌    | 38812/70000 [03:57<02:37, 197.65it/s]
Convert + check images:  55%|█████▌    | 38836/70000 [03:57<02:30, 207.21it/s]
Convert + check images:  56%|█████▌    | 38863/70000 [03:57<02:22, 217.86it/s]
Convert + check images:  56%|█████▌    | 38886/70000 [03:57<02:27, 211.35it/s]
Convert + check images:  56%|█████▌    | 38911/70000 [03:57<02:20, 220.99it/s]
Convert + check images:  56%|█████▌    | 38934/70000 [03:57<02:31, 205.48it/s]
Convert + check images:  56%|█████▌    | 38957/70000 [03:57<02:28, 209.53it/s]
Convert + check images:  56%|█████▌    | 38986/70000 [03:57<02:19, 222.74it/s]
Convert + check images:  56%|█████▌    | 39009/70000 [03:58<02:20, 219.84it/s]
Convert + check images:  56%|█████▌    | 39032/70000 [03:58<02:21, 218.34it/s]
Convert + check images:  56%|█████▌    | 39055/70000 [03:58<02:20, 220.97it/s]
Convert + check images:  56%|█████▌    | 39082/70000 [03:58<02:16, 226.77it/s]
Convert + check images:  56%|█████▌    | 39107/70000 [03:58<02:12, 232.58it/s]
Convert + check images:  56%|█████▌    | 39131/70000 [03:58<02:15, 228.00it/s]
Convert + check images:  56%|█████▌    | 39154/70000 [03:58<02:31, 204.25it/s]
Convert + check images:  56%|█████▌    | 39176/70000 [03:58<02:29, 205.50it/s]
Convert + check images:  56%|█████▌    | 39200/70000 [03:58<02:27, 208.81it/s]
Convert + check images:  56%|█████▌    | 39222/70000 [03:59<02:27, 208.99it/s]
Convert + check images:  56%|█████▌    | 39253/70000 [03:59<02:14, 229.43it/s]
Convert + check images:  56%|█████▌    | 39277/70000 [03:59<02:19, 220.24it/s]
Convert + check images:  56%|█████▌    | 39308/70000 [03:59<02:10, 235.18it/s]
Convert + check images:  56%|█████▌    | 39332/70000 [03:59<02:12, 232.14it/s]
Convert + check images:  56%|█████▌    | 39359/70000 [03:59<02:10, 235.18it/s]
Convert + check images:  56%|█████▋    | 39383/70000 [03:59<02:15, 226.78it/s]
Convert + check images:  56%|█████▋    | 39408/70000 [03:59<02:11, 231.94it/s]
Convert + check images:  56%|█████▋    | 39432/70000 [03:59<02:15, 225.35it/s]
Convert + check images:  56%|█████▋    | 39458/70000 [04:00<02:14, 226.78it/s]
Convert + check images:  56%|█████▋    | 39483/70000 [04:00<02:12, 230.97it/s]
Convert + check images:  56%|█████▋    | 39507/70000 [04:00<02:35, 195.86it/s]
Convert + check images:  56%|█████▋    | 39529/70000 [04:00<02:32, 199.70it/s]
Convert + check images:  56%|█████▋    | 39550/70000 [04:00<02:33, 198.93it/s]
Convert + check images:  57%|█████▋    | 39572/70000 [04:00<02:28, 204.45it/s]
Convert + check images:  57%|█████▋    | 39595/70000 [04:00<02:25, 208.82it/s]
Convert + check images:  57%|█████▋    | 39617/70000 [04:00<02:35, 195.67it/s]
Convert + check images:  57%|█████▋    | 39637/70000 [04:00<02:34, 196.10it/s]
Convert + check images:  57%|█████▋    | 39659/70000 [04:01<02:30, 200.99it/s]
Convert + check images:  57%|█████▋    | 39684/70000 [04:01<02:21, 214.50it/s]
Convert + check images:  57%|█████▋    | 39709/70000 [04:01<02:15, 224.36it/s]
Convert + check images:  57%|█████▋    | 39736/70000 [04:01<02:08, 235.67it/s]
Convert + check images:  57%|█████▋    | 39763/70000 [04:01<02:04, 242.13it/s]
Convert + check images:  57%|█████▋    | 39788/70000 [04:01<02:05, 240.84it/s]
Convert + check images:  57%|█████▋    | 39813/70000 [04:01<02:09, 232.46it/s]
Convert + check images:  57%|█████▋    | 39837/70000 [04:01<02:17, 219.92it/s]
Convert + check images:  57%|█████▋    | 39861/70000 [04:01<02:15, 222.07it/s]
Convert + check images:  57%|█████▋    | 39884/70000 [04:02<02:22, 211.91it/s]
Convert + check images:  57%|█████▋    | 39906/70000 [04:02<02:48, 178.66it/s]
Convert + check images:  57%|█████▋    | 39928/70000 [04:02<02:40, 187.63it/s]
Convert + check images:  57%|█████▋    | 39953/70000 [04:02<02:31, 198.68it/s]
Convert + check images:  57%|█████▋    | 39974/70000 [04:02<02:36, 191.32it/s]
Convert + check images:  57%|█████▋    | 40000/70000 [04:02<02:25, 206.46it/s]
Convert + check images:  57%|█████▋    | 40025/70000 [04:02<02:18, 215.92it/s]
Convert + check images:  57%|█████▋    | 40047/70000 [04:02<02:20, 213.38it/s]
Convert + check images:  57%|█████▋    | 40071/70000 [04:02<02:19, 213.89it/s]
Convert + check images:  57%|█████▋    | 40094/70000 [04:03<02:21, 211.87it/s]
Convert + check images:  57%|█████▋    | 40116/70000 [04:03<02:35, 192.05it/s]
Convert + check images:  57%|█████▋    | 40136/70000 [04:03<02:39, 187.15it/s]
Convert + check images:  57%|█████▋    | 40166/70000 [04:03<02:17, 216.82it/s]
Convert + check images:  57%|█████▋    | 40189/70000 [04:03<02:15, 219.22it/s]
Convert + check images:  57%|█████▋    | 40212/70000 [04:03<02:29, 198.63it/s]
Convert + check images:  57%|█████▋    | 40233/70000 [04:03<02:29, 199.62it/s]
Convert + check images:  58%|█████▊    | 40254/70000 [04:03<02:41, 184.34it/s]
Convert + check images:  58%|█████▊    | 40273/70000 [04:04<02:52, 172.27it/s]
Convert + check images:  58%|█████▊    | 40296/70000 [04:04<02:40, 185.39it/s]
Convert + check images:  58%|█████▊    | 40315/70000 [04:04<02:55, 169.39it/s]
Convert + check images:  58%|█████▊    | 40333/70000 [04:04<03:11, 154.58it/s]
Convert + check images:  58%|█████▊    | 40352/70000 [04:04<03:02, 162.66it/s]
Convert + check images:  58%|█████▊    | 40380/70000 [04:04<02:37, 187.51it/s]
Convert + check images:  58%|█████▊    | 40400/70000 [04:04<02:39, 185.33it/s]
Convert + check images:  58%|█████▊    | 40421/70000 [04:04<02:36, 188.61it/s]
Convert + check images:  58%|█████▊    | 40444/70000 [04:04<02:28, 199.50it/s]
Convert + check images:  58%|█████▊    | 40465/70000 [04:05<02:33, 192.32it/s]
Convert + check images:  58%|█████▊    | 40485/70000 [04:05<03:15, 151.03it/s]
Convert + check images:  58%|█████▊    | 40509/70000 [04:05<02:56, 166.84it/s]
Convert + check images:  58%|█████▊    | 40533/70000 [04:05<02:41, 182.31it/s]
Convert + check images:  58%|█████▊    | 40557/70000 [04:05<02:30, 195.04it/s]
Convert + check images:  58%|█████▊    | 40579/70000 [04:05<02:26, 201.49it/s]
Convert + check images:  58%|█████▊    | 40606/70000 [04:05<02:13, 220.18it/s]
Convert + check images:  58%|█████▊    | 40629/70000 [04:05<02:14, 218.85it/s]
Convert + check images:  58%|█████▊    | 40652/70000 [04:06<02:12, 220.73it/s]
Convert + check images:  58%|█████▊    | 40675/70000 [04:06<02:34, 189.70it/s]
Convert + check images:  58%|█████▊    | 40695/70000 [04:06<02:36, 186.85it/s]
Convert + check images:  58%|█████▊    | 40719/70000 [04:06<02:28, 196.97it/s]
Convert + check images:  58%|█████▊    | 40751/70000 [04:06<02:12, 221.31it/s]
Convert + check images:  58%|█████▊    | 40774/70000 [04:06<02:15, 216.45it/s]
Convert + check images:  58%|█████▊    | 40801/70000 [04:06<02:07, 228.39it/s]
Convert + check images:  58%|█████▊    | 40826/70000 [04:06<02:05, 232.59it/s]
Convert + check images:  58%|█████▊    | 40853/70000 [04:06<02:04, 233.60it/s]
Convert + check images:  58%|█████▊    | 40877/70000 [04:07<02:09, 224.06it/s]
Convert + check images:  58%|█████▊    | 40903/70000 [04:07<02:04, 233.92it/s]
Convert + check images:  58%|█████▊    | 40931/70000 [04:07<02:08, 225.74it/s]
Convert + check images:  59%|█████▊    | 40954/70000 [04:07<02:30, 193.46it/s]
Convert + check images:  59%|█████▊    | 40978/70000 [04:07<02:21, 204.86it/s]
Convert + check images:  59%|█████▊    | 41007/70000 [04:07<02:12, 218.25it/s]
Convert + check images:  59%|█████▊    | 41030/70000 [04:07<02:12, 218.90it/s]
Convert + check images:  59%|█████▊    | 41053/70000 [04:07<02:27, 196.69it/s]
Convert + check images:  59%|█████▊    | 41074/70000 [04:08<02:25, 199.29it/s]
Convert + check images:  59%|█████▊    | 41098/70000 [04:08<02:18, 209.40it/s]
Convert + check images:  59%|█████▊    | 41121/70000 [04:08<02:14, 214.56it/s]
Convert + check images:  59%|█████▉    | 41143/70000 [04:08<02:45, 174.61it/s]
Convert + check images:  59%|█████▉    | 41172/70000 [04:08<02:25, 198.27it/s]
Convert + check images:  59%|█████▉    | 41195/70000 [04:08<02:19, 205.94it/s]
Convert + check images:  59%|█████▉    | 41218/70000 [04:08<02:17, 209.64it/s]
Convert + check images:  59%|█████▉    | 41240/70000 [04:08<02:17, 209.77it/s]
Convert + check images:  59%|█████▉    | 41262/70000 [04:08<02:16, 210.89it/s]
Convert + check images:  59%|█████▉    | 41285/70000 [04:09<02:15, 211.53it/s]
Convert + check images:  59%|█████▉    | 41311/70000 [04:09<02:12, 216.26it/s]
Convert + check images:  59%|█████▉    | 41333/70000 [04:09<02:28, 193.13it/s]
Convert + check images:  59%|█████▉    | 41353/70000 [04:09<02:58, 160.41it/s]
Convert + check images:  59%|█████▉    | 41378/70000 [04:09<02:37, 181.17it/s]
Convert + check images:  59%|█████▉    | 41400/70000 [04:09<02:35, 184.37it/s]
Convert + check images:  59%|█████▉    | 41428/70000 [04:09<02:18, 206.58it/s]
Convert + check images:  59%|█████▉    | 41453/70000 [04:09<02:11, 217.09it/s]
Convert + check images:  59%|█████▉    | 41482/70000 [04:10<02:01, 235.50it/s]
Convert + check images:  59%|█████▉    | 41507/70000 [04:10<02:15, 210.08it/s]
Convert + check images:  59%|█████▉    | 41535/70000 [04:10<02:11, 216.33it/s]
Convert + check images:  59%|█████▉    | 41558/70000 [04:10<02:10, 217.26it/s]
Convert + check images:  59%|█████▉    | 41581/70000 [04:10<02:13, 213.40it/s]
Convert + check images:  59%|█████▉    | 41606/70000 [04:10<02:11, 216.02it/s]
Convert + check images:  59%|█████▉    | 41628/70000 [04:10<02:17, 206.43it/s]
Convert + check images:  60%|█████▉    | 41650/70000 [04:10<02:20, 201.46it/s]
Convert + check images:  60%|█████▉    | 41671/70000 [04:11<02:37, 179.98it/s]
Convert + check images:  60%|█████▉    | 41695/70000 [04:11<02:28, 190.03it/s]
Convert + check images:  60%|█████▉    | 41721/70000 [04:11<02:16, 207.80it/s]
Convert + check images:  60%|█████▉    | 41744/70000 [04:11<02:14, 210.08it/s]
Convert + check images:  60%|█████▉    | 41768/70000 [04:11<02:09, 217.49it/s]
Convert + check images:  60%|█████▉    | 41791/70000 [04:11<02:11, 214.84it/s]
Convert + check images:  60%|█████▉    | 41813/70000 [04:11<02:15, 207.53it/s]
Convert + check images:  60%|█████▉    | 41836/70000 [04:11<02:14, 210.05it/s]
Convert + check images:  60%|█████▉    | 41859/70000 [04:11<02:11, 213.83it/s]
Convert + check images:  60%|█████▉    | 41887/70000 [04:11<02:03, 227.11it/s]
Convert + check images:  60%|█████▉    | 41913/70000 [04:12<02:02, 228.88it/s]
Convert + check images:  60%|█████▉    | 41936/70000 [04:12<02:07, 219.34it/s]
Convert + check images:  60%|█████▉    | 41963/70000 [04:12<02:03, 227.94it/s]
Convert + check images:  60%|█████▉    | 41986/70000 [04:12<02:12, 210.90it/s]
Convert + check images:  60%|██████    | 42010/70000 [04:12<02:09, 216.47it/s]
Convert + check images:  60%|██████    | 42032/70000 [04:12<02:45, 169.29it/s]
Convert + check images:  60%|██████    | 42057/70000 [04:12<02:32, 183.34it/s]
Convert + check images:  60%|██████    | 42081/70000 [04:12<02:22, 195.55it/s]
Convert + check images:  60%|██████    | 42110/70000 [04:13<02:11, 212.20it/s]
Convert + check images:  60%|██████    | 42133/70000 [04:13<02:20, 198.85it/s]
Convert + check images:  60%|██████    | 42157/70000 [04:13<02:14, 207.64it/s]
Convert + check images:  60%|██████    | 42180/70000 [04:13<02:12, 210.20it/s]
Convert + check images:  60%|██████    | 42206/70000 [04:13<02:05, 221.02it/s]
Convert + check images:  60%|██████    | 42236/70000 [04:13<01:55, 241.05it/s]
Convert + check images:  60%|██████    | 42262/70000 [04:13<01:54, 243.25it/s]
Convert + check images:  60%|██████    | 42287/70000 [04:13<01:53, 244.89it/s]
Convert + check images:  60%|██████    | 42312/70000 [04:13<01:52, 246.26it/s]
Convert + check images:  60%|██████    | 42337/70000 [04:14<02:42, 170.68it/s]
Convert + check images:  61%|██████    | 42362/70000 [04:14<02:29, 185.23it/s]
Convert + check images:  61%|██████    | 42390/70000 [04:14<02:13, 207.05it/s]
Convert + check images:  61%|██████    | 42415/70000 [04:14<02:10, 212.04it/s]
Convert + check images:  61%|██████    | 42440/70000 [04:14<02:04, 221.88it/s]
Convert + check images:  61%|██████    | 42464/70000 [04:14<02:18, 199.48it/s]
Convert + check images:  61%|██████    | 42486/70000 [04:14<02:16, 201.05it/s]
Convert + check images:  61%|██████    | 42516/70000 [04:14<02:03, 222.30it/s]
Convert + check images:  61%|██████    | 42540/70000 [04:15<02:05, 218.30it/s]
Convert + check images:  61%|██████    | 42563/70000 [04:15<02:46, 164.38it/s]
Convert + check images:  61%|██████    | 42587/70000 [04:15<02:34, 177.59it/s]
Convert + check images:  61%|██████    | 42614/70000 [04:15<02:18, 198.09it/s]
Convert + check images:  61%|██████    | 42639/70000 [04:15<02:11, 207.92it/s]
Convert + check images:  61%|██████    | 42662/70000 [04:15<02:13, 205.29it/s]
Convert + check images:  61%|██████    | 42689/70000 [04:15<02:06, 216.71it/s]
Convert + check images:  61%|██████    | 42712/70000 [04:15<02:05, 217.58it/s]
Convert + check images:  61%|██████    | 42743/70000 [04:16<01:55, 235.55it/s]
Convert + check images:  61%|██████    | 42767/70000 [04:16<02:01, 224.25it/s]
Convert + check images:  61%|██████    | 42790/70000 [04:16<02:01, 223.98it/s]
Convert + check images:  61%|██████    | 42816/70000 [04:16<01:57, 231.46it/s]
Convert + check images:  61%|██████    | 42840/70000 [04:16<02:06, 215.43it/s]
Convert + check images:  61%|██████    | 42868/70000 [04:16<01:57, 230.84it/s]
Convert + check images:  61%|██████▏   | 42892/70000 [04:16<01:58, 228.98it/s]
Convert + check images:  61%|██████▏   | 42916/70000 [04:16<02:11, 205.63it/s]
Convert + check images:  61%|██████▏   | 42938/70000 [04:16<02:09, 208.88it/s]
Convert + check images:  61%|██████▏   | 42969/70000 [04:17<01:56, 231.34it/s]
Convert + check images:  61%|██████▏   | 42993/70000 [04:17<01:59, 226.87it/s]
Convert + check images:  61%|██████▏   | 43017/70000 [04:17<01:57, 229.38it/s]
Convert + check images:  61%|██████▏   | 43041/70000 [04:17<01:56, 230.71it/s]
Convert + check images:  62%|██████▏   | 43065/70000 [04:17<01:57, 230.16it/s]
Convert + check images:  62%|██████▏   | 43089/70000 [04:17<02:03, 218.67it/s]
Convert + check images:  62%|██████▏   | 43112/70000 [04:17<02:21, 189.88it/s]
Convert + check images:  62%|██████▏   | 43137/70000 [04:17<02:12, 202.57it/s]
Convert + check images:  62%|██████▏   | 43161/70000 [04:18<02:07, 211.28it/s]
Convert + check images:  62%|██████▏   | 43187/70000 [04:18<02:04, 215.07it/s]
Convert + check images:  62%|██████▏   | 43209/70000 [04:18<02:04, 215.49it/s]
Convert + check images:  62%|██████▏   | 43236/70000 [04:18<01:59, 223.60it/s]
Convert + check images:  62%|██████▏   | 43259/70000 [04:18<02:08, 208.77it/s]
Convert + check images:  62%|██████▏   | 43284/70000 [04:18<02:02, 218.00it/s]
Convert + check images:  62%|██████▏   | 43312/70000 [04:18<01:53, 234.13it/s]
Convert + check images:  62%|██████▏   | 43336/70000 [04:18<01:53, 235.39it/s]
Convert + check images:  62%|██████▏   | 43360/70000 [04:18<02:02, 218.03it/s]
Convert + check images:  62%|██████▏   | 43385/70000 [04:19<02:00, 220.95it/s]
Convert + check images:  62%|██████▏   | 43408/70000 [04:19<02:00, 220.56it/s]
Convert + check images:  62%|██████▏   | 43431/70000 [04:19<02:00, 219.66it/s]
Convert + check images:  62%|██████▏   | 43454/70000 [04:19<02:13, 199.42it/s]
Convert + check images:  62%|██████▏   | 43477/70000 [04:19<02:08, 206.84it/s]
Convert + check images:  62%|██████▏   | 43500/70000 [04:19<02:06, 209.02it/s]
Convert + check images:  62%|██████▏   | 43526/70000 [04:19<02:00, 219.44it/s]
Convert + check images:  62%|██████▏   | 43552/70000 [04:19<01:54, 230.07it/s]
Convert + check images:  62%|██████▏   | 43577/70000 [04:19<01:55, 229.38it/s]
Convert + check images:  62%|██████▏   | 43603/70000 [04:19<01:52, 234.77it/s]
Convert + check images:  62%|██████▏   | 43627/70000 [04:20<01:56, 225.81it/s]
Convert + check images:  62%|██████▏   | 43650/70000 [04:20<02:00, 219.53it/s]
Convert + check images:  62%|██████▏   | 43674/70000 [04:20<01:58, 222.66it/s]
Convert + check images:  62%|██████▏   | 43697/70000 [04:20<02:12, 198.39it/s]
Convert + check images:  62%|██████▏   | 43727/70000 [04:20<01:57, 222.95it/s]
Convert + check images:  62%|██████▎   | 43750/70000 [04:20<01:57, 224.29it/s]
Convert + check images:  63%|██████▎   | 43775/70000 [04:20<01:54, 229.07it/s]
Convert + check images:  63%|██████▎   | 43801/70000 [04:20<01:50, 236.95it/s]
Convert + check images:  63%|██████▎   | 43825/70000 [04:20<01:51, 234.61it/s]
Convert + check images:  63%|██████▎   | 43849/70000 [04:21<01:52, 232.21it/s]
Convert + check images:  63%|██████▎   | 43873/70000 [04:21<01:53, 229.81it/s]
Convert + check images:  63%|██████▎   | 43898/70000 [04:21<01:53, 230.31it/s]
Convert + check images:  63%|██████▎   | 43927/70000 [04:21<01:46, 245.69it/s]
Convert + check images:  63%|██████▎   | 43952/70000 [04:21<01:50, 236.32it/s]
Convert + check images:  63%|██████▎   | 43976/70000 [04:21<01:54, 228.26it/s]
Convert + check images:  63%|██████▎   | 43999/70000 [04:21<01:54, 226.50it/s]
Convert + check images:  63%|██████▎   | 44022/70000 [04:21<01:55, 225.32it/s]
Convert + check images:  63%|██████▎   | 44046/70000 [04:21<01:53, 228.94it/s]
Convert + check images:  63%|██████▎   | 44071/70000 [04:22<01:50, 234.94it/s]
Convert + check images:  63%|██████▎   | 44095/70000 [04:22<01:55, 225.04it/s]
Convert + check images:  63%|██████▎   | 44118/70000 [04:22<02:01, 213.63it/s]
Convert + check images:  63%|██████▎   | 44143/70000 [04:22<01:56, 222.75it/s]
Convert + check images:  63%|██████▎   | 44166/70000 [04:22<01:56, 220.89it/s]
Convert + check images:  63%|██████▎   | 44189/70000 [04:22<02:18, 185.85it/s]
Convert + check images:  63%|██████▎   | 44214/70000 [04:22<02:11, 196.14it/s]
Convert + check images:  63%|██████▎   | 44238/70000 [04:22<02:04, 207.39it/s]
Convert + check images:  63%|██████▎   | 44263/70000 [04:22<01:57, 218.42it/s]
Convert + check images:  63%|██████▎   | 44297/70000 [04:23<01:44, 246.41it/s]
Convert + check images:  63%|██████▎   | 44323/70000 [04:23<01:46, 240.12it/s]
Convert + check images:  63%|██████▎   | 44349/70000 [04:23<01:45, 242.35it/s]
Convert + check images:  63%|██████▎   | 44376/70000 [04:23<01:43, 248.03it/s]
Convert + check images:  63%|██████▎   | 44402/70000 [04:23<01:46, 241.38it/s]
Convert + check images:  63%|██████▎   | 44427/70000 [04:23<01:56, 219.88it/s]
Convert + check images:  64%|██████▎   | 44451/70000 [04:23<01:53, 224.91it/s]
Convert + check images:  64%|██████▎   | 44475/70000 [04:23<01:52, 227.30it/s]
Convert + check images:  64%|██████▎   | 44499/70000 [04:23<01:58, 215.09it/s]
Convert + check images:  64%|██████▎   | 44521/70000 [04:24<05:27, 77.80it/s] 
Convert + check images:  64%|██████▎   | 44543/70000 [04:24<04:27, 95.21it/s]
Convert + check images:  64%|██████▎   | 44569/70000 [04:24<03:33, 119.36it/s]
Convert + check images:  64%|██████▎   | 44590/70000 [04:25<03:22, 125.67it/s]
Convert + check images:  64%|██████▎   | 44613/70000 [04:25<02:56, 143.53it/s]
Convert + check images:  64%|██████▍   | 44637/70000 [04:25<02:36, 162.06it/s]
Convert + check images:  64%|██████▍   | 44661/70000 [04:25<02:21, 178.76it/s]
Convert + check images:  64%|██████▍   | 44685/70000 [04:25<02:13, 189.95it/s]
Convert + check images:  64%|██████▍   | 44707/70000 [04:25<02:10, 194.18it/s]
Convert + check images:  64%|██████▍   | 44731/70000 [04:25<02:04, 202.66it/s]
Convert + check images:  64%|██████▍   | 44753/70000 [04:25<02:03, 204.18it/s]
Convert + check images:  64%|██████▍   | 44775/70000 [04:25<02:02, 206.76it/s]
Convert + check images:  64%|██████▍   | 44801/70000 [04:26<01:55, 217.60it/s]
Convert + check images:  64%|██████▍   | 44824/70000 [04:26<01:53, 220.94it/s]
Convert + check images:  64%|██████▍   | 44850/70000 [04:26<01:48, 231.97it/s]
Convert + check images:  64%|██████▍   | 44874/70000 [04:26<01:51, 225.26it/s]
Convert + check images:  64%|██████▍   | 44897/70000 [04:26<02:12, 189.12it/s]
Convert + check images:  64%|██████▍   | 44920/70000 [04:26<02:09, 193.61it/s]
Convert + check images:  64%|██████▍   | 44945/70000 [04:26<02:00, 207.81it/s]
Convert + check images:  64%|██████▍   | 44967/70000 [04:26<02:03, 202.22it/s]
Convert + check images:  64%|██████▍   | 44989/70000 [04:26<02:02, 203.93it/s]
Convert + check images:  64%|██████▍   | 45011/70000 [04:27<02:00, 207.96it/s]
Convert + check images:  64%|██████▍   | 45039/70000 [04:27<01:51, 223.50it/s]
Convert + check images:  64%|██████▍   | 45070/70000 [04:27<01:41, 246.51it/s]
Convert + check images:  64%|██████▍   | 45095/70000 [04:27<01:43, 240.83it/s]
Convert + check images:  64%|██████▍   | 45122/70000 [04:27<01:40, 248.07it/s]
Convert + check images:  64%|██████▍   | 45148/70000 [04:27<01:39, 250.68it/s]
Convert + check images:  65%|██████▍   | 45174/70000 [04:27<02:12, 186.71it/s]
Convert + check images:  65%|██████▍   | 45199/70000 [04:27<02:06, 195.39it/s]
Convert + check images:  65%|██████▍   | 45221/70000 [04:28<02:03, 200.10it/s]
Convert + check images:  65%|██████▍   | 45243/70000 [04:28<02:01, 203.36it/s]
Convert + check images:  65%|██████▍   | 45265/70000 [04:28<02:00, 205.52it/s]
Convert + check images:  65%|██████▍   | 45287/70000 [04:28<02:22, 173.50it/s]
Convert + check images:  65%|██████▍   | 45308/70000 [04:28<02:19, 177.07it/s]
Convert + check images:  65%|██████▍   | 45327/70000 [04:28<02:20, 175.31it/s]
Convert + check images:  65%|██████▍   | 45346/70000 [04:28<02:21, 174.20it/s]
Convert + check images:  65%|██████▍   | 45370/70000 [04:28<02:10, 189.43it/s]
Convert + check images:  65%|██████▍   | 45392/70000 [04:28<02:04, 197.66it/s]
Convert + check images:  65%|██████▍   | 45417/70000 [04:29<01:56, 211.38it/s]
Convert + check images:  65%|██████▍   | 45439/70000 [04:29<02:03, 198.14it/s]
Convert + check images:  65%|██████▍   | 45460/70000 [04:29<02:39, 153.77it/s]
Convert + check images:  65%|██████▍   | 45481/70000 [04:29<02:27, 166.35it/s]
Convert + check images:  65%|██████▌   | 45506/70000 [04:29<02:11, 186.06it/s]
Convert + check images:  65%|██████▌   | 45538/70000 [04:29<01:54, 213.93it/s]
Convert + check images:  65%|██████▌   | 45562/70000 [04:29<01:52, 216.86it/s]
Convert + check images:  65%|██████▌   | 45585/70000 [04:29<01:53, 215.47it/s]
Convert + check images:  65%|██████▌   | 45608/70000 [04:30<01:54, 212.84it/s]
Convert + check images:  65%|██████▌   | 45633/70000 [04:30<01:52, 216.76it/s]
Convert + check images:  65%|██████▌   | 45655/70000 [04:30<02:01, 200.71it/s]
Convert + check images:  65%|██████▌   | 45688/70000 [04:30<01:47, 225.32it/s]
Convert + check images:  65%|██████▌   | 45711/70000 [04:30<02:17, 177.13it/s]
Convert + check images:  65%|██████▌   | 45735/70000 [04:30<02:07, 190.36it/s]
Convert + check images:  65%|██████▌   | 45762/70000 [04:30<01:58, 205.06it/s]
Convert + check images:  65%|██████▌   | 45788/70000 [04:30<01:51, 217.17it/s]
Convert + check images:  65%|██████▌   | 45820/70000 [04:31<01:42, 236.28it/s]
Convert + check images:  65%|██████▌   | 45845/70000 [04:31<02:14, 179.73it/s]
Convert + check images:  66%|██████▌   | 45867/70000 [04:31<02:08, 187.88it/s]
Convert + check images:  66%|██████▌   | 45890/70000 [04:31<02:02, 197.13it/s]
Convert + check images:  66%|██████▌   | 45912/70000 [04:31<02:04, 193.37it/s]
Convert + check images:  66%|██████▌   | 45939/70000 [04:31<01:53, 212.14it/s]
Convert + check images:  66%|██████▌   | 45964/70000 [04:31<01:49, 219.60it/s]
Convert + check images:  66%|██████▌   | 45994/70000 [04:31<01:39, 241.43it/s]
Convert + check images:  66%|██████▌   | 46019/70000 [04:31<01:38, 242.63it/s]
Convert + check images:  66%|██████▌   | 46044/70000 [04:32<01:40, 239.29it/s]
Convert + check images:  66%|██████▌   | 46072/70000 [04:32<01:35, 249.50it/s]
Convert + check images:  66%|██████▌   | 46098/70000 [04:32<01:46, 225.24it/s]
Convert + check images:  66%|██████▌   | 46128/70000 [04:32<01:38, 243.06it/s]
Convert + check images:  66%|██████▌   | 46160/70000 [04:32<01:30, 262.18it/s]
Convert + check images:  66%|██████▌   | 46187/70000 [04:32<01:30, 262.42it/s]
Convert + check images:  66%|██████▌   | 46214/70000 [04:32<01:44, 227.43it/s]
Convert + check images:  66%|██████▌   | 46238/70000 [04:32<01:47, 221.54it/s]
Convert + check images:  66%|██████▌   | 46261/70000 [04:33<01:46, 222.53it/s]
Convert + check images:  66%|██████▌   | 46284/70000 [04:33<01:52, 211.32it/s]
Convert + check images:  66%|██████▌   | 46307/70000 [04:33<01:50, 215.37it/s]
Convert + check images:  66%|██████▌   | 46329/70000 [04:33<01:53, 208.10it/s]
Convert + check images:  66%|██████▌   | 46351/70000 [04:33<02:08, 183.93it/s]
Convert + check images:  66%|██████▋   | 46376/70000 [04:33<02:01, 194.27it/s]
Convert + check images:  66%|██████▋   | 46396/70000 [04:33<02:17, 171.92it/s]
Convert + check images:  66%|██████▋   | 46419/70000 [04:33<02:07, 184.98it/s]
Convert + check images:  66%|██████▋   | 46448/70000 [04:33<01:51, 211.92it/s]
Convert + check images:  66%|██████▋   | 46471/70000 [04:34<01:49, 215.65it/s]
Convert + check images:  66%|██████▋   | 46501/70000 [04:34<01:41, 232.37it/s]
Convert + check images:  66%|██████▋   | 46525/70000 [04:34<01:53, 207.74it/s]
Convert + check images:  66%|██████▋   | 46550/70000 [04:34<01:48, 216.73it/s]
Convert + check images:  67%|██████▋   | 46574/70000 [04:34<01:46, 220.17it/s]
Convert + check images:  67%|██████▋   | 46597/70000 [04:34<01:48, 214.71it/s]
Convert + check images:  67%|██████▋   | 46621/70000 [04:34<01:46, 220.15it/s]
Convert + check images:  67%|██████▋   | 46644/70000 [04:34<01:55, 201.53it/s]
Convert + check images:  67%|██████▋   | 46669/70000 [04:35<01:50, 211.25it/s]
Convert + check images:  67%|██████▋   | 46691/70000 [04:35<01:57, 199.05it/s]
Convert + check images:  67%|██████▋   | 46716/70000 [04:35<01:51, 208.21it/s]
Convert + check images:  67%|██████▋   | 46746/70000 [04:35<01:41, 229.91it/s]
Convert + check images:  67%|██████▋   | 46770/70000 [04:35<01:41, 227.93it/s]
Convert + check images:  67%|██████▋   | 46799/70000 [04:35<01:36, 240.60it/s]
Convert + check images:  67%|██████▋   | 46824/70000 [04:35<01:38, 235.24it/s]
Convert + check images:  67%|██████▋   | 46853/70000 [04:35<01:32, 248.92it/s]
Convert + check images:  67%|██████▋   | 46879/70000 [04:35<01:33, 246.56it/s]
Convert + check images:  67%|██████▋   | 46904/70000 [04:35<01:38, 234.84it/s]
Convert + check images:  67%|██████▋   | 46928/70000 [04:36<01:39, 231.50it/s]
Convert + check images:  67%|██████▋   | 46952/70000 [04:36<01:40, 229.09it/s]
Convert + check images:  67%|██████▋   | 46981/70000 [04:36<01:34, 243.83it/s]
Convert + check images:  67%|██████▋   | 47006/70000 [04:36<01:37, 236.02it/s]
Convert + check images:  67%|██████▋   | 47030/70000 [04:36<01:45, 217.48it/s]
Convert + check images:  67%|██████▋   | 47058/70000 [04:36<01:39, 231.66it/s]
Convert + check images:  67%|██████▋   | 47083/70000 [04:36<01:37, 234.83it/s]
Convert + check images:  67%|██████▋   | 47107/70000 [04:36<01:48, 210.63it/s]
Convert + check images:  67%|██████▋   | 47131/70000 [04:37<01:46, 215.21it/s]
Convert + check images:  67%|██████▋   | 47157/70000 [04:37<01:40, 226.23it/s]
Convert + check images:  67%|██████▋   | 47181/70000 [04:37<01:48, 210.23it/s]
Convert + check images:  67%|██████▋   | 47204/70000 [04:37<01:46, 213.15it/s]
Convert + check images:  67%|██████▋   | 47226/70000 [04:37<02:05, 180.98it/s]
Convert + check images:  67%|██████▋   | 47247/70000 [04:37<02:01, 187.48it/s]
Convert + check images:  68%|██████▊   | 47273/70000 [04:37<01:50, 206.31it/s]
Convert + check images:  68%|██████▊   | 47297/70000 [04:37<01:47, 210.71it/s]
Convert + check images:  68%|██████▊   | 47321/70000 [04:37<01:44, 217.84it/s]
Convert + check images:  68%|██████▊   | 47354/70000 [04:38<01:35, 237.85it/s]
Convert + check images:  68%|██████▊   | 47379/70000 [04:38<01:41, 223.12it/s]
Convert + check images:  68%|██████▊   | 47407/70000 [04:38<01:35, 235.88it/s]
Convert + check images:  68%|██████▊   | 47431/70000 [04:38<01:48, 207.69it/s]
Convert + check images:  68%|██████▊   | 47457/70000 [04:38<01:45, 212.73it/s]
Convert + check images:  68%|██████▊   | 47479/70000 [04:38<01:54, 196.75it/s]
Convert + check images:  68%|██████▊   | 47500/70000 [04:38<01:57, 190.98it/s]
Convert + check images:  68%|██████▊   | 47522/70000 [04:38<01:54, 196.45it/s]
Convert + check images:  68%|██████▊   | 47542/70000 [04:39<02:17, 162.95it/s]
Convert + check images:  68%|██████▊   | 47566/70000 [04:39<02:04, 180.50it/s]
Convert + check images:  68%|██████▊   | 47588/70000 [04:39<01:59, 187.20it/s]
Convert + check images:  68%|██████▊   | 47610/70000 [04:39<01:55, 193.58it/s]
Convert + check images:  68%|██████▊   | 47639/70000 [04:39<01:41, 219.46it/s]
Convert + check images:  68%|██████▊   | 47666/70000 [04:39<01:36, 231.12it/s]
Convert + check images:  68%|██████▊   | 47694/70000 [04:39<01:32, 240.68it/s]
Convert + check images:  68%|██████▊   | 47719/70000 [04:39<01:49, 203.96it/s]
Convert + check images:  68%|██████▊   | 47745/70000 [04:39<01:43, 215.38it/s]
Convert + check images:  68%|██████▊   | 47781/70000 [04:40<01:30, 244.58it/s]
Convert + check images:  68%|██████▊   | 47807/70000 [04:40<01:30, 245.07it/s]
Convert + check images:  68%|██████▊   | 47833/70000 [04:40<01:32, 239.07it/s]
Convert + check images:  68%|██████▊   | 47858/70000 [04:40<01:35, 232.41it/s]
Convert + check images:  68%|██████▊   | 47882/70000 [04:40<01:40, 220.51it/s]
Convert + check images:  68%|██████▊   | 47905/70000 [04:40<01:48, 203.14it/s]
Convert + check images:  68%|██████▊   | 47926/70000 [04:40<01:52, 196.23it/s]
Convert + check images:  68%|██████▊   | 47947/70000 [04:40<01:52, 195.36it/s]
Convert + check images:  69%|██████▊   | 47972/70000 [04:41<01:45, 208.10it/s]
Convert + check images:  69%|██████▊   | 47994/70000 [04:41<01:44, 209.63it/s]
Convert + check images:  69%|██████▊   | 48016/70000 [04:41<01:46, 206.86it/s]
Convert + check images:  69%|██████▊   | 48039/70000 [04:41<01:43, 211.40it/s]
Convert + check images:  69%|██████▊   | 48063/70000 [04:41<01:40, 217.60it/s]
Convert + check images:  69%|██████▊   | 48085/70000 [04:41<01:42, 213.99it/s]
Convert + check images:  69%|██████▊   | 48109/70000 [04:41<01:39, 220.08it/s]
Convert + check images:  69%|██████▉   | 48132/70000 [04:41<01:46, 205.14it/s]
Convert + check images:  69%|██████▉   | 48157/70000 [04:41<01:40, 216.78it/s]
Convert + check images:  69%|██████▉   | 48181/70000 [04:41<01:37, 222.80it/s]
Convert + check images:  69%|██████▉   | 48204/70000 [04:42<01:39, 218.47it/s]
Convert + check images:  69%|██████▉   | 48234/70000 [04:42<01:31, 238.96it/s]
Convert + check images:  69%|██████▉   | 48259/70000 [04:42<01:35, 227.87it/s]
Convert + check images:  69%|██████▉   | 48283/70000 [04:42<01:44, 207.89it/s]
Convert + check images:  69%|██████▉   | 48305/70000 [04:42<01:43, 209.61it/s]
Convert + check images:  69%|██████▉   | 48327/70000 [04:42<01:42, 211.19it/s]
Convert + check images:  69%|██████▉   | 48350/70000 [04:42<01:41, 212.78it/s]
Convert + check images:  69%|██████▉   | 48372/70000 [04:42<01:42, 211.55it/s]
Convert + check images:  69%|██████▉   | 48396/70000 [04:42<01:39, 216.64it/s]
Convert + check images:  69%|██████▉   | 48421/70000 [04:43<01:36, 223.00it/s]
Convert + check images:  69%|██████▉   | 48444/70000 [04:43<01:51, 193.63it/s]
Convert + check images:  69%|██████▉   | 48465/70000 [04:43<01:52, 190.98it/s]
Convert + check images:  69%|██████▉   | 48488/70000 [04:43<01:46, 201.27it/s]
Convert + check images:  69%|██████▉   | 48512/70000 [04:43<01:42, 209.14it/s]
Convert + check images:  69%|██████▉   | 48538/70000 [04:43<01:36, 222.34it/s]
Convert + check images:  69%|██████▉   | 48561/70000 [04:43<01:37, 220.35it/s]
Convert + check images:  69%|██████▉   | 48586/70000 [04:43<01:36, 220.92it/s]
Convert + check images:  69%|██████▉   | 48609/70000 [04:43<01:37, 218.82it/s]
Convert + check images:  69%|██████▉   | 48634/70000 [04:44<01:36, 222.17it/s]
Convert + check images:  70%|██████▉   | 48657/70000 [04:44<01:39, 215.22it/s]
Convert + check images:  70%|██████▉   | 48679/70000 [04:44<01:41, 209.05it/s]
Convert + check images:  70%|██████▉   | 48700/70000 [04:44<02:06, 168.32it/s]
Convert + check images:  70%|██████▉   | 48719/70000 [04:44<02:09, 163.71it/s]
Convert + check images:  70%|██████▉   | 48742/70000 [04:44<02:00, 176.43it/s]
Convert + check images:  70%|██████▉   | 48766/70000 [04:44<01:50, 191.68it/s]
Convert + check images:  70%|██████▉   | 48802/70000 [04:44<01:32, 229.84it/s]
Convert + check images:  70%|██████▉   | 48826/70000 [04:45<01:31, 230.37it/s]
Convert + check images:  70%|██████▉   | 48850/70000 [04:45<01:46, 199.31it/s]
Convert + check images:  70%|██████▉   | 48873/70000 [04:45<01:43, 204.13it/s]
Convert + check images:  70%|██████▉   | 48901/70000 [04:45<01:34, 223.69it/s]
Convert + check images:  70%|██████▉   | 48925/70000 [04:45<01:37, 215.83it/s]
Convert + check images:  70%|██████▉   | 48951/70000 [04:45<01:33, 225.77it/s]
Convert + check images:  70%|██████▉   | 48975/70000 [04:45<01:35, 219.78it/s]
Convert + check images:  70%|██████▉   | 48998/70000 [04:45<01:53, 184.65it/s]
Convert + check images:  70%|███████   | 49021/70000 [04:46<01:51, 188.92it/s]
Convert + check images:  70%|███████   | 49044/70000 [04:46<01:46, 196.10it/s]
Convert + check images:  70%|███████   | 49068/70000 [04:46<01:42, 204.26it/s]
Convert + check images:  70%|███████   | 49091/70000 [04:46<01:39, 209.58it/s]
Convert + check images:  70%|███████   | 49113/70000 [04:46<01:52, 186.34it/s]
Convert + check images:  70%|███████   | 49133/70000 [04:46<01:54, 181.84it/s]
Convert + check images:  70%|███████   | 49157/70000 [04:46<01:47, 194.13it/s]
Convert + check images:  70%|███████   | 49179/70000 [04:46<01:50, 188.50it/s]
Convert + check images:  70%|███████   | 49199/70000 [04:47<01:59, 174.77it/s]
Convert + check images:  70%|███████   | 49217/70000 [04:47<02:06, 164.93it/s]
Convert + check images:  70%|███████   | 49240/70000 [04:47<01:57, 176.80it/s]
Convert + check images:  70%|███████   | 49263/70000 [04:47<01:48, 190.38it/s]
Convert + check images:  70%|███████   | 49285/70000 [04:47<01:45, 196.21it/s]
Convert + check images:  70%|███████   | 49311/70000 [04:47<01:39, 206.99it/s]
Convert + check images:  70%|███████   | 49332/70000 [04:47<01:48, 190.06it/s]
Convert + check images:  71%|███████   | 49355/70000 [04:47<01:48, 190.33it/s]
Convert + check images:  71%|███████   | 49375/70000 [04:47<01:49, 188.63it/s]
Convert + check images:  71%|███████   | 49397/70000 [04:48<01:45, 194.77it/s]
Convert + check images:  71%|███████   | 49424/70000 [04:48<01:36, 214.27it/s]
Convert + check images:  71%|███████   | 49450/70000 [04:48<01:33, 220.24it/s]
Convert + check images:  71%|███████   | 49473/70000 [04:48<02:26, 140.42it/s]
Convert + check images:  71%|███████   | 49500/70000 [04:48<02:04, 164.44it/s]
Convert + check images:  71%|███████   | 49521/70000 [04:48<01:59, 170.80it/s]
Convert + check images:  71%|███████   | 49541/70000 [04:48<02:01, 168.33it/s]
Convert + check images:  71%|███████   | 49567/70000 [04:49<01:47, 189.95it/s]
Convert + check images:  71%|███████   | 49590/70000 [04:49<01:45, 193.16it/s]
Convert + check images:  71%|███████   | 49615/70000 [04:49<01:39, 204.06it/s]
Convert + check images:  71%|███████   | 49637/70000 [04:49<01:38, 206.41it/s]
Convert + check images:  71%|███████   | 49662/70000 [04:49<01:35, 212.50it/s]
Convert + check images:  71%|███████   | 49691/70000 [04:49<01:30, 224.14it/s]
Convert + check images:  71%|███████   | 49715/70000 [04:49<01:28, 228.38it/s]
Convert + check images:  71%|███████   | 49739/70000 [04:49<01:34, 213.57it/s]
Convert + check images:  71%|███████   | 49761/70000 [04:49<01:35, 211.44it/s]
Convert + check images:  71%|███████   | 49789/70000 [04:50<01:33, 216.45it/s]
Convert + check images:  71%|███████   | 49811/70000 [04:50<01:40, 201.64it/s]
Convert + check images:  71%|███████   | 49832/70000 [04:50<01:40, 200.28it/s]
Convert + check images:  71%|███████   | 49855/70000 [04:50<01:38, 204.88it/s]
Convert + check images:  71%|███████▏  | 49876/70000 [04:50<01:37, 205.98it/s]
Convert + check images:  71%|███████▏  | 49901/70000 [04:50<01:33, 215.18it/s]
Convert + check images:  71%|███████▏  | 49923/70000 [04:50<01:38, 202.93it/s]
Convert + check images:  71%|███████▏  | 49949/70000 [04:50<01:32, 217.36it/s]
Convert + check images:  71%|███████▏  | 49971/70000 [04:50<01:45, 189.78it/s]
Convert + check images:  71%|███████▏  | 49992/70000 [04:51<01:46, 188.19it/s]
Convert + check images:  71%|███████▏  | 50012/70000 [04:51<01:46, 188.44it/s]
Convert + check images:  71%|███████▏  | 50039/70000 [04:51<01:38, 202.05it/s]
Convert + check images:  72%|███████▏  | 50060/70000 [04:51<01:38, 202.95it/s]
Convert + check images:  72%|███████▏  | 50081/70000 [04:51<01:37, 204.82it/s]
Convert + check images:  72%|███████▏  | 50106/70000 [04:51<01:32, 215.83it/s]
Convert + check images:  72%|███████▏  | 50128/70000 [04:51<01:35, 208.60it/s]
Convert + check images:  72%|███████▏  | 50152/70000 [04:51<01:32, 215.15it/s]
Convert + check images:  72%|███████▏  | 50174/70000 [04:51<01:40, 196.31it/s]
Convert + check images:  72%|███████▏  | 50197/70000 [04:52<01:38, 202.04it/s]
Convert + check images:  72%|███████▏  | 50218/70000 [04:52<01:40, 196.19it/s]
Convert + check images:  72%|███████▏  | 50238/70000 [04:52<01:52, 175.22it/s]
Convert + check images:  72%|███████▏  | 50260/70000 [04:52<01:46, 184.72it/s]
Convert + check images:  72%|███████▏  | 50279/70000 [04:52<01:54, 172.96it/s]
Convert + check images:  72%|███████▏  | 50303/70000 [04:52<01:44, 188.28it/s]
Convert + check images:  72%|███████▏  | 50328/70000 [04:52<01:36, 203.70it/s]
Convert + check images:  72%|███████▏  | 50354/70000 [04:52<01:33, 211.25it/s]
Convert + check images:  72%|███████▏  | 50376/70000 [04:52<01:36, 202.51it/s]
Convert + check images:  72%|███████▏  | 50397/70000 [04:53<01:39, 197.36it/s]
Convert + check images:  72%|███████▏  | 50425/70000 [04:53<01:35, 204.06it/s]
Convert + check images:  72%|███████▏  | 50446/70000 [04:53<01:35, 204.16it/s]
Convert + check images:  72%|███████▏  | 50467/70000 [04:53<01:44, 187.70it/s]
Convert + check images:  72%|███████▏  | 50487/70000 [04:53<01:43, 188.81it/s]
Convert + check images:  72%|███████▏  | 50507/70000 [04:53<02:01, 159.96it/s]
Convert + check images:  72%|███████▏  | 50529/70000 [04:53<01:51, 174.54it/s]
Convert + check images:  72%|███████▏  | 50555/70000 [04:53<01:39, 195.05it/s]
Convert + check images:  72%|███████▏  | 50576/70000 [04:54<02:11, 147.18it/s]
Convert + check images:  72%|███████▏  | 50599/70000 [04:54<01:58, 163.04it/s]
Convert + check images:  72%|███████▏  | 50618/70000 [04:54<02:02, 158.39it/s]
Convert + check images:  72%|███████▏  | 50642/70000 [04:54<01:50, 174.83it/s]
Convert + check images:  72%|███████▏  | 50661/70000 [04:54<01:49, 177.29it/s]
Convert + check images:  72%|███████▏  | 50681/70000 [04:54<01:47, 179.15it/s]
Convert + check images:  72%|███████▏  | 50708/70000 [04:54<01:34, 203.17it/s]
Convert + check images:  72%|███████▏  | 50730/70000 [04:54<01:39, 193.41it/s]
Convert + check images:  73%|███████▎  | 50752/70000 [04:55<01:40, 190.73it/s]
Convert + check images:  73%|███████▎  | 50774/70000 [04:55<01:37, 196.71it/s]
Convert + check images:  73%|███████▎  | 50799/70000 [04:55<01:32, 208.61it/s]
Convert + check images:  73%|███████▎  | 50825/70000 [04:55<01:27, 219.33it/s]
Convert + check images:  73%|███████▎  | 50850/70000 [04:55<01:24, 227.28it/s]
Convert + check images:  73%|███████▎  | 50873/70000 [04:55<01:25, 224.29it/s]
Convert + check images:  73%|███████▎  | 50901/70000 [04:55<01:22, 231.85it/s]
Convert + check images:  73%|███████▎  | 50931/70000 [04:55<01:16, 248.87it/s]
Convert + check images:  73%|███████▎  | 50957/70000 [04:55<01:18, 244.07it/s]
Convert + check images:  73%|███████▎  | 50982/70000 [04:56<01:24, 224.04it/s]
Convert + check images:  73%|███████▎  | 51005/70000 [04:56<01:24, 225.17it/s]
Convert + check images:  73%|███████▎  | 51028/70000 [04:56<01:26, 220.36it/s]
Convert + check images:  73%|███████▎  | 51051/70000 [04:56<01:27, 216.58it/s]
Convert + check images:  73%|███████▎  | 51073/70000 [04:56<01:30, 209.63it/s]
Convert + check images:  73%|███████▎  | 51095/70000 [04:56<01:35, 198.88it/s]
Convert + check images:  73%|███████▎  | 51119/70000 [04:56<01:30, 207.51it/s]
Convert + check images:  73%|███████▎  | 51144/70000 [04:56<01:26, 218.11it/s]
Convert + check images:  73%|███████▎  | 51170/70000 [04:56<01:23, 226.71it/s]
Convert + check images:  73%|███████▎  | 51196/70000 [04:57<01:21, 231.29it/s]
Convert + check images:  73%|███████▎  | 51220/70000 [04:57<01:27, 214.28it/s]
Convert + check images:  73%|███████▎  | 51243/70000 [04:57<01:27, 215.15it/s]
Convert + check images:  73%|███████▎  | 51267/70000 [04:57<01:24, 221.34it/s]
Convert + check images:  73%|███████▎  | 51290/70000 [04:57<01:23, 223.19it/s]
Convert + check images:  73%|███████▎  | 51322/70000 [04:57<01:17, 241.85it/s]
Convert + check images:  73%|███████▎  | 51347/70000 [04:57<01:30, 205.76it/s]
Convert + check images:  73%|███████▎  | 51369/70000 [04:57<01:33, 198.47it/s]
Convert + check images:  73%|███████▎  | 51390/70000 [04:57<01:35, 195.73it/s]
Convert + check images:  73%|███████▎  | 51416/70000 [04:58<01:27, 211.53it/s]
Convert + check images:  73%|███████▎  | 51438/70000 [04:58<01:37, 190.54it/s]
Convert + check images:  74%|███████▎  | 51458/70000 [04:58<01:36, 191.38it/s]
Convert + check images:  74%|███████▎  | 51479/70000 [04:58<01:34, 196.34it/s]
Convert + check images:  74%|███████▎  | 51503/70000 [04:58<01:30, 205.40it/s]
Convert + check images:  74%|███████▎  | 51531/70000 [04:58<01:22, 223.87it/s]
Convert + check images:  74%|███████▎  | 51554/70000 [04:58<01:22, 224.61it/s]
Convert + check images:  74%|███████▎  | 51578/70000 [04:58<01:21, 225.20it/s]
Convert + check images:  74%|███████▎  | 51601/70000 [04:58<01:21, 226.44it/s]
Convert + check images:  74%|███████▎  | 51624/70000 [04:59<01:25, 214.15it/s]
Convert + check images:  74%|███████▍  | 51648/70000 [04:59<01:26, 212.11it/s]
Convert + check images:  74%|███████▍  | 51670/70000 [04:59<01:33, 195.56it/s]
Convert + check images:  74%|███████▍  | 51693/70000 [04:59<01:30, 201.55it/s]
Convert + check images:  74%|███████▍  | 51717/70000 [04:59<01:26, 211.16it/s]
Convert + check images:  74%|███████▍  | 51739/70000 [04:59<01:30, 200.94it/s]
Convert + check images:  74%|███████▍  | 51762/70000 [04:59<01:28, 205.72it/s]
Convert + check images:  74%|███████▍  | 51789/70000 [04:59<01:24, 216.56it/s]
Convert + check images:  74%|███████▍  | 51811/70000 [05:00<01:35, 190.58it/s]
Convert + check images:  74%|███████▍  | 51835/70000 [05:00<01:29, 201.92it/s]
Convert + check images:  74%|███████▍  | 51856/70000 [05:00<01:29, 202.15it/s]
Convert + check images:  74%|███████▍  | 51877/70000 [05:00<01:29, 201.67it/s]
Convert + check images:  74%|███████▍  | 51898/70000 [05:00<01:29, 201.66it/s]
Convert + check images:  74%|███████▍  | 51920/70000 [05:00<01:28, 203.52it/s]
Convert + check images:  74%|███████▍  | 51941/70000 [05:00<01:34, 191.58it/s]
Convert + check images:  74%|███████▍  | 51965/70000 [05:00<01:28, 202.85it/s]
Convert + check images:  74%|███████▍  | 51990/70000 [05:00<01:24, 212.11it/s]
Convert + check images:  74%|███████▍  | 52012/70000 [05:01<01:31, 196.47it/s]
Convert + check images:  74%|███████▍  | 52034/70000 [05:01<01:31, 196.52it/s]
Convert + check images:  74%|███████▍  | 52054/70000 [05:01<01:31, 196.62it/s]
Convert + check images:  74%|███████▍  | 52074/70000 [05:01<01:32, 194.16it/s]
Convert + check images:  74%|███████▍  | 52096/70000 [05:01<01:29, 199.49it/s]
Convert + check images:  74%|███████▍  | 52117/70000 [05:01<01:31, 196.38it/s]
Convert + check images:  74%|███████▍  | 52137/70000 [05:01<01:53, 157.94it/s]
Convert + check images:  75%|███████▍  | 52161/70000 [05:01<01:41, 175.81it/s]
Convert + check images:  75%|███████▍  | 52184/70000 [05:01<01:36, 184.65it/s]
Convert + check images:  75%|███████▍  | 52207/70000 [05:02<01:31, 194.84it/s]
Convert + check images:  75%|███████▍  | 52228/70000 [05:02<01:34, 188.98it/s]
Convert + check images:  75%|███████▍  | 52248/70000 [05:02<01:32, 191.92it/s]
Convert + check images:  75%|███████▍  | 52271/70000 [05:02<01:28, 200.49it/s]
Convert + check images:  75%|███████▍  | 52292/70000 [05:02<01:30, 195.50it/s]
Convert + check images:  75%|███████▍  | 52318/70000 [05:02<01:22, 213.37it/s]
Convert + check images:  75%|███████▍  | 52340/70000 [05:02<01:29, 197.92it/s]
Convert + check images:  75%|███████▍  | 52362/70000 [05:02<01:30, 194.26it/s]
Convert + check images:  75%|███████▍  | 52382/70000 [05:02<01:42, 172.58it/s]
Convert + check images:  75%|███████▍  | 52407/70000 [05:03<01:31, 191.28it/s]
Convert + check images:  75%|███████▍  | 52427/70000 [05:03<01:31, 192.18it/s]
Convert + check images:  75%|███████▍  | 52451/70000 [05:03<01:27, 199.77it/s]
Convert + check images:  75%|███████▍  | 52472/70000 [05:03<01:35, 183.71it/s]
Convert + check images:  75%|███████▍  | 52498/70000 [05:03<01:27, 200.96it/s]
Convert + check images:  75%|███████▌  | 52519/70000 [05:03<01:33, 187.89it/s]
Convert + check images:  75%|███████▌  | 52547/70000 [05:03<01:22, 211.32it/s]
Convert + check images:  75%|███████▌  | 52569/70000 [05:04<01:51, 156.97it/s]
Convert + check images:  75%|███████▌  | 52590/70000 [05:04<01:44, 166.00it/s]
Convert + check images:  75%|███████▌  | 52614/70000 [05:04<01:35, 181.29it/s]
Convert + check images:  75%|███████▌  | 52639/70000 [05:04<01:31, 189.67it/s]
Convert + check images:  75%|███████▌  | 52663/70000 [05:04<01:26, 201.06it/s]
Convert + check images:  75%|███████▌  | 52688/70000 [05:04<01:24, 206.02it/s]
Convert + check images:  75%|███████▌  | 52710/70000 [05:04<01:27, 197.13it/s]
Convert + check images:  75%|███████▌  | 52736/70000 [05:04<01:21, 212.19it/s]
Convert + check images:  75%|███████▌  | 52758/70000 [05:04<01:29, 192.31it/s]
Convert + check images:  75%|███████▌  | 52780/70000 [05:05<01:26, 199.48it/s]
Convert + check images:  75%|███████▌  | 52801/70000 [05:05<01:25, 200.88it/s]
Convert + check images:  75%|███████▌  | 52832/70000 [05:05<01:15, 226.01it/s]
Convert + check images:  76%|███████▌  | 52855/70000 [05:05<01:16, 223.69it/s]
Convert + check images:  76%|███████▌  | 52878/70000 [05:05<01:29, 192.22it/s]
Convert + check images:  76%|███████▌  | 52899/70000 [05:05<01:27, 195.82it/s]
Convert + check images:  76%|███████▌  | 52923/70000 [05:05<01:25, 200.84it/s]
Convert + check images:  76%|███████▌  | 52949/70000 [05:05<01:19, 214.62it/s]
Convert + check images:  76%|███████▌  | 52974/70000 [05:05<01:19, 215.15it/s]
Convert + check images:  76%|███████▌  | 53005/70000 [05:06<01:13, 232.19it/s]
Convert + check images:  76%|███████▌  | 53029/70000 [05:06<01:19, 214.53it/s]
Convert + check images:  76%|███████▌  | 53051/70000 [05:06<01:22, 206.12it/s]
Convert + check images:  76%|███████▌  | 53074/70000 [05:06<01:22, 204.40it/s]
Convert + check images:  76%|███████▌  | 53095/70000 [05:06<01:25, 198.61it/s]
Convert + check images:  76%|███████▌  | 53115/70000 [05:06<01:49, 154.32it/s]
Convert + check images:  76%|███████▌  | 53138/70000 [05:06<01:38, 171.06it/s]
Convert + check images:  76%|███████▌  | 53166/70000 [05:06<01:25, 196.31it/s]
Convert + check images:  76%|███████▌  | 53198/70000 [05:07<01:14, 225.19it/s]
Convert + check images:  76%|███████▌  | 53222/70000 [05:07<01:15, 221.76it/s]
Convert + check images:  76%|███████▌  | 53246/70000 [05:07<01:18, 212.52it/s]
Convert + check images:  76%|███████▌  | 53268/70000 [05:07<01:18, 212.33it/s]
Convert + check images:  76%|███████▌  | 53290/70000 [05:07<01:21, 205.44it/s]
Convert + check images:  76%|███████▌  | 53311/70000 [05:07<01:23, 200.51it/s]
Convert + check images:  76%|███████▌  | 53332/70000 [05:07<01:25, 194.24it/s]
Convert + check images:  76%|███████▌  | 53352/70000 [05:07<01:26, 192.99it/s]
Convert + check images:  76%|███████▋  | 53378/70000 [05:07<01:18, 210.69it/s]
Convert + check images:  76%|███████▋  | 53403/70000 [05:08<01:16, 217.61it/s]
Convert + check images:  76%|███████▋  | 53426/70000 [05:08<01:15, 219.80it/s]
Convert + check images:  76%|███████▋  | 53449/70000 [05:08<01:14, 220.95it/s]
Convert + check images:  76%|███████▋  | 53472/70000 [05:08<01:17, 214.42it/s]
Convert + check images:  76%|███████▋  | 53497/70000 [05:08<01:17, 212.89it/s]
Convert + check images:  76%|███████▋  | 53522/70000 [05:08<01:14, 220.70it/s]
Convert + check images:  76%|███████▋  | 53545/70000 [05:08<01:29, 184.34it/s]
Convert + check images:  77%|███████▋  | 53565/70000 [05:08<01:31, 180.52it/s]
Convert + check images:  77%|███████▋  | 53586/70000 [05:08<01:27, 187.78it/s]
Convert + check images:  77%|███████▋  | 53607/70000 [05:09<01:25, 191.50it/s]
Convert + check images:  77%|███████▋  | 53627/70000 [05:09<01:31, 178.85it/s]
Convert + check images:  77%|███████▋  | 53647/70000 [05:09<01:29, 183.46it/s]
Convert + check images:  77%|███████▋  | 53671/70000 [05:09<01:24, 192.17it/s]
Convert + check images:  77%|███████▋  | 53697/70000 [05:09<01:18, 208.59it/s]
Convert + check images:  77%|███████▋  | 53719/70000 [05:09<01:18, 207.04it/s]
Convert + check images:  77%|███████▋  | 53746/70000 [05:09<01:13, 222.08it/s]
Convert + check images:  77%|███████▋  | 53769/70000 [05:09<01:25, 190.12it/s]
Convert + check images:  77%|███████▋  | 53789/70000 [05:10<01:26, 186.45it/s]
Convert + check images:  77%|███████▋  | 53811/70000 [05:10<01:24, 191.18it/s]
Convert + check images:  77%|███████▋  | 53831/70000 [05:10<01:34, 170.67it/s]
Convert + check images:  77%|███████▋  | 53853/70000 [05:10<01:28, 182.07it/s]
Convert + check images:  77%|███████▋  | 53880/70000 [05:10<01:19, 202.61it/s]
Convert + check images:  77%|███████▋  | 53902/70000 [05:10<01:18, 206.06it/s]
Convert + check images:  77%|███████▋  | 53927/70000 [05:10<01:13, 218.12it/s]
Convert + check images:  77%|███████▋  | 53952/70000 [05:10<01:10, 227.11it/s]
Convert + check images:  77%|███████▋  | 53981/70000 [05:10<01:05, 243.11it/s]
Convert + check images:  77%|███████▋  | 54006/70000 [05:11<01:09, 231.15it/s]
Convert + check images:  77%|███████▋  | 54030/70000 [05:11<01:12, 220.72it/s]
Convert + check images:  77%|███████▋  | 54056/70000 [05:11<01:09, 230.93it/s]
Convert + check images:  77%|███████▋  | 54083/70000 [05:11<01:05, 241.21it/s]
Convert + check images:  77%|███████▋  | 54108/70000 [05:11<01:12, 218.42it/s]
Convert + check images:  77%|███████▋  | 54131/70000 [05:11<01:16, 208.74it/s]
Convert + check images:  77%|███████▋  | 54159/70000 [05:11<01:12, 219.73it/s]
Convert + check images:  77%|███████▋  | 54183/70000 [05:11<01:10, 224.74it/s]
Convert + check images:  77%|███████▋  | 54206/70000 [05:11<01:12, 218.96it/s]
Convert + check images:  77%|███████▋  | 54229/70000 [05:12<01:16, 205.20it/s]
Convert + check images:  78%|███████▊  | 54250/70000 [05:12<01:17, 202.38it/s]
Convert + check images:  78%|███████▊  | 54271/70000 [05:12<01:20, 194.67it/s]
Convert + check images:  78%|███████▊  | 54291/70000 [05:12<01:20, 195.34it/s]
Convert + check images:  78%|███████▊  | 54318/70000 [05:12<01:14, 210.14it/s]
Convert + check images:  78%|███████▊  | 54343/70000 [05:12<01:11, 218.19it/s]
Convert + check images:  78%|███████▊  | 54365/70000 [05:12<01:21, 190.97it/s]
Convert + check images:  78%|███████▊  | 54394/70000 [05:12<01:14, 210.47it/s]
Convert + check images:  78%|███████▊  | 54416/70000 [05:12<01:19, 196.82it/s]
Convert + check images:  78%|███████▊  | 54437/70000 [05:13<01:17, 200.24it/s]
Convert + check images:  78%|███████▊  | 54458/70000 [05:13<01:21, 190.83it/s]
Convert + check images:  78%|███████▊  | 54478/70000 [05:13<01:25, 180.56it/s]
Convert + check images:  78%|███████▊  | 54504/70000 [05:13<01:18, 198.18it/s]
Convert + check images:  78%|███████▊  | 54529/70000 [05:13<01:15, 205.12it/s]
Convert + check images:  78%|███████▊  | 54552/70000 [05:13<01:14, 208.63it/s]
Convert + check images:  78%|███████▊  | 54574/70000 [05:13<01:18, 197.01it/s]
Convert + check images:  78%|███████▊  | 54597/70000 [05:13<01:15, 204.37it/s]
Convert + check images:  78%|███████▊  | 54618/70000 [05:14<01:26, 178.78it/s]
Convert + check images:  78%|███████▊  | 54638/70000 [05:14<01:23, 183.78it/s]
Convert + check images:  78%|███████▊  | 54657/70000 [05:14<01:30, 170.04it/s]
Convert + check images:  78%|███████▊  | 54680/70000 [05:14<01:22, 185.35it/s]
Convert + check images:  78%|███████▊  | 54705/70000 [05:14<01:16, 200.99it/s]
Convert + check images:  78%|███████▊  | 54728/70000 [05:14<01:15, 202.10it/s]
Convert + check images:  78%|███████▊  | 54749/70000 [05:14<01:16, 199.00it/s]
Convert + check images:  78%|███████▊  | 54776/70000 [05:14<01:10, 215.13it/s]
Convert + check images:  78%|███████▊  | 54802/70000 [05:14<01:06, 227.69it/s]
Convert + check images:  78%|███████▊  | 54826/70000 [05:15<01:18, 193.65it/s]
Convert + check images:  78%|███████▊  | 54852/70000 [05:15<01:14, 203.93it/s]
Convert + check images:  78%|███████▊  | 54874/70000 [05:15<01:14, 202.57it/s]
Convert + check images:  78%|███████▊  | 54895/70000 [05:15<01:14, 202.37it/s]
Convert + check images:  78%|███████▊  | 54925/70000 [05:15<01:05, 228.83it/s]
Convert + check images:  78%|███████▊  | 54949/70000 [05:15<01:13, 203.92it/s]
Convert + check images:  79%|███████▊  | 54971/70000 [05:15<01:15, 199.57it/s]
Convert + check images:  79%|███████▊  | 54993/70000 [05:15<01:14, 201.60it/s]
Convert + check images:  79%|███████▊  | 55014/70000 [05:15<01:13, 203.02it/s]
Convert + check images:  79%|███████▊  | 55041/70000 [05:16<01:08, 217.61it/s]
Convert + check images:  79%|███████▊  | 55065/70000 [05:16<01:06, 223.31it/s]
Convert + check images:  79%|███████▊  | 55088/70000 [05:16<01:06, 224.94it/s]
Convert + check images:  79%|███████▊  | 55111/70000 [05:16<01:05, 225.65it/s]
Convert + check images:  79%|███████▉  | 55134/70000 [05:16<01:05, 226.16it/s]
Convert + check images:  79%|███████▉  | 55157/70000 [05:16<01:06, 223.57it/s]
Convert + check images:  79%|███████▉  | 55182/70000 [05:16<01:06, 223.25it/s]
Convert + check images:  79%|███████▉  | 55205/70000 [05:16<01:10, 208.52it/s]
Convert + check images:  79%|███████▉  | 55227/70000 [05:16<01:14, 197.67it/s]
Convert + check images:  79%|███████▉  | 55249/70000 [05:17<01:14, 197.06it/s]
Convert + check images:  79%|███████▉  | 55270/70000 [05:17<01:13, 199.50it/s]
Convert + check images:  79%|███████▉  | 55291/70000 [05:17<01:15, 195.27it/s]
Convert + check images:  79%|███████▉  | 55317/70000 [05:17<01:09, 212.33it/s]
Convert + check images:  79%|███████▉  | 55339/70000 [05:17<01:13, 199.89it/s]
Convert + check images:  79%|███████▉  | 55362/70000 [05:17<01:11, 205.28it/s]
Convert + check images:  79%|███████▉  | 55383/70000 [05:17<01:11, 204.37it/s]
Convert + check images:  79%|███████▉  | 55404/70000 [05:17<01:19, 183.35it/s]
Convert + check images:  79%|███████▉  | 55424/70000 [05:17<01:18, 184.91it/s]
Convert + check images:  79%|███████▉  | 55446/70000 [05:18<01:15, 192.40it/s]
Convert + check images:  79%|███████▉  | 55479/70000 [05:18<01:05, 221.89it/s]
Convert + check images:  79%|███████▉  | 55502/70000 [05:18<01:09, 207.18it/s]
Convert + check images:  79%|███████▉  | 55523/70000 [05:18<01:16, 189.54it/s]
Convert + check images:  79%|███████▉  | 55543/70000 [05:18<01:17, 186.76it/s]
Convert + check images:  79%|███████▉  | 55571/70000 [05:18<01:09, 207.59it/s]
Convert + check images:  79%|███████▉  | 55598/70000 [05:18<01:04, 223.57it/s]
Convert + check images:  79%|███████▉  | 55621/70000 [05:18<01:06, 216.60it/s]
Convert + check images:  79%|███████▉  | 55643/70000 [05:19<01:06, 216.60it/s]
Convert + check images:  80%|███████▉  | 55669/70000 [05:19<01:04, 220.75it/s]
Convert + check images:  80%|███████▉  | 55694/70000 [05:19<01:02, 228.11it/s]
Convert + check images:  80%|███████▉  | 55717/70000 [05:19<01:08, 209.42it/s]
Convert + check images:  80%|███████▉  | 55739/70000 [05:19<01:08, 208.90it/s]
Convert + check images:  80%|███████▉  | 55762/70000 [05:19<01:06, 213.65it/s]
Convert + check images:  80%|███████▉  | 55784/70000 [05:19<01:10, 200.49it/s]
Convert + check images:  80%|███████▉  | 55805/70000 [05:19<01:10, 201.87it/s]
Convert + check images:  80%|███████▉  | 55826/70000 [05:19<01:11, 199.09it/s]
Convert + check images:  80%|███████▉  | 55847/70000 [05:20<01:20, 176.60it/s]
Convert + check images:  80%|███████▉  | 55872/70000 [05:20<01:13, 192.26it/s]
Convert + check images:  80%|███████▉  | 55894/70000 [05:20<01:11, 196.15it/s]
Convert + check images:  80%|███████▉  | 55921/70000 [05:20<01:05, 214.32it/s]
Convert + check images:  80%|███████▉  | 55943/70000 [05:20<01:11, 195.44it/s]
Convert + check images:  80%|███████▉  | 55964/70000 [05:20<01:18, 177.69it/s]
Convert + check images:  80%|███████▉  | 55988/70000 [05:20<01:13, 191.11it/s]
Convert + check images:  80%|████████  | 56008/70000 [05:20<01:17, 179.94it/s]
Convert + check images:  80%|████████  | 56027/70000 [05:20<01:18, 177.73it/s]
Convert + check images:  80%|████████  | 56050/70000 [05:21<01:13, 190.33it/s]
Convert + check images:  80%|████████  | 56070/70000 [05:21<01:17, 178.59it/s]
Convert + check images:  80%|████████  | 56096/70000 [05:21<01:11, 194.15it/s]
Convert + check images:  80%|████████  | 56116/70000 [05:21<01:24, 165.04it/s]
Convert + check images:  80%|████████  | 56136/70000 [05:21<01:19, 173.36it/s]
Convert + check images:  80%|████████  | 56160/70000 [05:21<01:13, 189.53it/s]
Convert + check images:  80%|████████  | 56180/70000 [05:21<01:13, 187.84it/s]
Convert + check images:  80%|████████  | 56203/70000 [05:21<01:09, 198.55it/s]
Convert + check images:  80%|████████  | 56229/70000 [05:22<01:06, 208.08it/s]
Convert + check images:  80%|████████  | 56256/70000 [05:22<01:03, 215.96it/s]
Convert + check images:  80%|████████  | 56278/70000 [05:22<01:07, 203.84it/s]
Convert + check images:  80%|████████  | 56299/70000 [05:22<01:07, 201.58it/s]
Convert + check images:  80%|████████  | 56320/70000 [05:22<01:16, 179.82it/s]
Convert + check images:  80%|████████  | 56340/70000 [05:22<01:14, 182.19it/s]
Convert + check images:  81%|████████  | 56359/70000 [05:22<01:14, 183.80it/s]
Convert + check images:  81%|████████  | 56378/70000 [05:22<01:15, 180.88it/s]
Convert + check images:  81%|████████  | 56403/70000 [05:22<01:08, 199.95it/s]
Convert + check images:  81%|████████  | 56424/70000 [05:23<01:10, 192.92it/s]
Convert + check images:  81%|████████  | 56444/70000 [05:23<01:11, 189.54it/s]
Convert + check images:  81%|████████  | 56464/70000 [05:23<01:23, 162.49it/s]
Convert + check images:  81%|████████  | 56481/70000 [05:23<01:24, 160.85it/s]
Convert + check images:  81%|████████  | 56498/70000 [05:23<01:33, 144.73it/s]
Convert + check images:  81%|████████  | 56514/70000 [05:23<01:31, 147.14it/s]
Convert + check images:  81%|████████  | 56540/70000 [05:23<01:23, 161.69it/s]
Convert + check images:  81%|████████  | 56557/70000 [05:24<01:47, 125.44it/s]
Convert + check images:  81%|████████  | 56576/70000 [05:24<01:36, 139.27it/s]
Convert + check images:  81%|████████  | 56599/70000 [05:24<01:23, 159.72it/s]
Convert + check images:  81%|████████  | 56617/70000 [05:24<01:21, 164.62it/s]
Convert + check images:  81%|████████  | 56643/70000 [05:24<01:11, 186.33it/s]
Convert + check images:  81%|████████  | 56663/70000 [05:24<01:11, 187.40it/s]
Convert + check images:  81%|████████  | 56693/70000 [05:24<01:03, 210.57it/s]
Convert + check images:  81%|████████  | 56715/70000 [05:24<01:16, 173.70it/s]
Convert + check images:  81%|████████  | 56736/70000 [05:24<01:13, 181.21it/s]
Convert + check images:  81%|████████  | 56760/70000 [05:25<01:07, 195.36it/s]
Convert + check images:  81%|████████  | 56786/70000 [05:25<01:02, 212.31it/s]
Convert + check images:  81%|████████  | 56809/70000 [05:25<01:08, 193.41it/s]
Convert + check images:  81%|████████  | 56830/70000 [05:25<01:06, 197.30it/s]
Convert + check images:  81%|████████  | 56856/70000 [05:25<01:04, 204.73it/s]
Convert + check images:  81%|████████▏ | 56877/70000 [05:25<01:16, 171.94it/s]
Convert + check images:  81%|████████▏ | 56902/70000 [05:25<01:09, 187.17it/s]
Convert + check images:  81%|████████▏ | 56923/70000 [05:25<01:08, 191.00it/s]
Convert + check images:  81%|████████▏ | 56953/70000 [05:26<01:01, 213.34it/s]
Convert + check images:  81%|████████▏ | 56980/70000 [05:26<00:57, 226.59it/s]
Convert + check images:  81%|████████▏ | 57011/70000 [05:26<00:54, 237.32it/s]
Convert + check images:  81%|████████▏ | 57036/70000 [05:26<00:58, 221.88it/s]
Convert + check images:  82%|████████▏ | 57067/70000 [05:26<00:53, 243.73it/s]
Convert + check images:  82%|████████▏ | 57095/70000 [05:26<00:57, 225.00it/s]
Convert + check images:  82%|████████▏ | 57119/70000 [05:26<00:58, 220.50it/s]
Convert + check images:  82%|████████▏ | 57142/70000 [05:26<00:58, 220.13it/s]
Convert + check images:  82%|████████▏ | 57165/70000 [05:26<00:59, 216.78it/s]
Convert + check images:  82%|████████▏ | 57187/70000 [05:27<00:59, 214.78it/s]
Convert + check images:  82%|████████▏ | 57212/70000 [05:27<00:57, 223.81it/s]
Convert + check images:  82%|████████▏ | 57235/70000 [05:27<00:58, 218.26it/s]
Convert + check images:  82%|████████▏ | 57257/70000 [05:27<01:00, 210.82it/s]
Convert + check images:  82%|████████▏ | 57279/70000 [05:27<01:03, 201.57it/s]
Convert + check images:  82%|████████▏ | 57300/70000 [05:27<01:09, 181.73it/s]
Convert + check images:  82%|████████▏ | 57324/70000 [05:27<01:05, 194.59it/s]
Convert + check images:  82%|████████▏ | 57348/70000 [05:27<01:01, 205.99it/s]
Convert + check images:  82%|████████▏ | 57370/70000 [05:27<01:01, 206.65it/s]
Convert + check images:  82%|████████▏ | 57392/70000 [05:28<01:00, 209.43it/s]
Convert + check images:  82%|████████▏ | 57414/70000 [05:28<01:00, 207.41it/s]
Convert + check images:  82%|████████▏ | 57435/70000 [05:28<01:06, 190.35it/s]
Convert + check images:  82%|████████▏ | 57455/70000 [05:28<01:08, 182.84it/s]
Convert + check images:  82%|████████▏ | 57474/70000 [05:28<01:07, 184.64it/s]
Convert + check images:  82%|████████▏ | 57495/70000 [05:28<01:05, 190.41it/s]
Convert + check images:  82%|████████▏ | 57519/70000 [05:28<01:01, 202.77it/s]
Convert + check images:  82%|████████▏ | 57541/70000 [05:28<01:00, 206.04it/s]
Convert + check images:  82%|████████▏ | 57567/70000 [05:28<00:57, 218.12it/s]
Convert + check images:  82%|████████▏ | 57589/70000 [05:29<00:57, 216.40it/s]
Convert + check images:  82%|████████▏ | 57614/70000 [05:29<00:56, 218.03it/s]
Convert + check images:  82%|████████▏ | 57637/70000 [05:29<00:56, 219.32it/s]
Convert + check images:  82%|████████▏ | 57662/70000 [05:29<00:54, 226.38it/s]
Convert + check images:  82%|████████▏ | 57685/70000 [05:29<00:55, 221.34it/s]
Convert + check images:  82%|████████▏ | 57708/70000 [05:29<00:57, 215.27it/s]
Convert + check images:  82%|████████▏ | 57730/70000 [05:29<01:09, 175.70it/s]
Convert + check images:  82%|████████▏ | 57749/70000 [05:29<01:08, 179.21it/s]
Convert + check images:  83%|████████▎ | 57770/70000 [05:29<01:05, 185.84it/s]
Convert + check images:  83%|████████▎ | 57790/70000 [05:30<01:06, 184.77it/s]
Convert + check images:  83%|████████▎ | 57809/70000 [05:30<01:07, 180.32it/s]
Convert + check images:  83%|████████▎ | 57835/70000 [05:30<01:02, 195.14it/s]
Convert + check images:  83%|████████▎ | 57858/70000 [05:30<00:59, 204.05it/s]
Convert + check images:  83%|████████▎ | 57879/70000 [05:30<01:00, 198.82it/s]
Convert + check images:  83%|████████▎ | 57902/70000 [05:30<00:58, 206.27it/s]
Convert + check images:  83%|████████▎ | 57926/70000 [05:30<00:57, 209.30it/s]
Convert + check images:  83%|████████▎ | 57948/70000 [05:30<00:56, 211.67it/s]
Convert + check images:  83%|████████▎ | 57970/70000 [05:31<01:06, 181.76it/s]
Convert + check images:  83%|████████▎ | 57998/70000 [05:31<00:59, 202.22it/s]
Convert + check images:  83%|████████▎ | 58021/70000 [05:31<00:57, 207.90it/s]
Convert + check images:  83%|████████▎ | 58043/70000 [05:31<01:13, 163.29it/s]
Convert + check images:  83%|████████▎ | 58062/70000 [05:31<01:14, 159.20it/s]
Convert + check images:  83%|████████▎ | 58083/70000 [05:31<01:14, 159.46it/s]
Convert + check images:  83%|████████▎ | 58100/70000 [05:31<01:32, 128.15it/s]
Convert + check images:  83%|████████▎ | 58122/70000 [05:32<01:21, 145.83it/s]
Convert + check images:  83%|████████▎ | 58140/70000 [05:32<01:17, 153.11it/s]
Convert + check images:  83%|████████▎ | 58162/70000 [05:32<01:10, 168.18it/s]
Convert + check images:  83%|████████▎ | 58182/70000 [05:32<01:07, 176.26it/s]
Convert + check images:  83%|████████▎ | 58205/70000 [05:32<01:03, 184.87it/s]
Convert + check images:  83%|████████▎ | 58227/70000 [05:32<01:01, 192.08it/s]
Convert + check images:  83%|████████▎ | 58248/70000 [05:32<01:00, 194.00it/s]
Convert + check images:  83%|████████▎ | 58268/70000 [05:32<01:00, 193.29it/s]
Convert + check images:  83%|████████▎ | 58292/70000 [05:32<00:57, 202.97it/s]
Convert + check images:  83%|████████▎ | 58317/70000 [05:32<00:54, 213.20it/s]
Convert + check images:  83%|████████▎ | 58339/70000 [05:33<00:55, 209.41it/s]
Convert + check images:  83%|████████▎ | 58361/70000 [05:33<00:55, 210.81it/s]
Convert + check images:  83%|████████▎ | 58383/70000 [05:33<01:07, 172.70it/s]
Convert + check images:  83%|████████▎ | 58411/70000 [05:33<00:59, 194.04it/s]
Convert + check images:  83%|████████▎ | 58434/70000 [05:33<00:58, 198.41it/s]
Convert + check images:  84%|████████▎ | 58455/70000 [05:33<01:04, 178.01it/s]
Convert + check images:  84%|████████▎ | 58479/70000 [05:33<01:00, 191.56it/s]
Convert + check images:  84%|████████▎ | 58500/70000 [05:33<00:59, 193.76it/s]
Convert + check images:  84%|████████▎ | 58523/70000 [05:34<00:56, 202.08it/s]
Convert + check images:  84%|████████▎ | 58545/70000 [05:34<00:55, 205.05it/s]
Convert + check images:  84%|████████▎ | 58568/70000 [05:34<00:55, 207.66it/s]
Convert + check images:  84%|████████▎ | 58597/70000 [05:34<00:50, 227.80it/s]
Convert + check images:  84%|████████▎ | 58621/70000 [05:34<00:51, 222.48it/s]
Convert + check images:  84%|████████▍ | 58644/70000 [05:34<00:53, 213.07it/s]
Convert + check images:  84%|████████▍ | 58666/70000 [05:34<00:53, 212.89it/s]
Convert + check images:  84%|████████▍ | 58690/70000 [05:34<00:51, 218.49it/s]
Convert + check images:  84%|████████▍ | 58715/70000 [05:34<00:49, 226.93it/s]
Convert + check images:  84%|████████▍ | 58738/70000 [05:35<00:58, 194.06it/s]
Convert + check images:  84%|████████▍ | 58759/70000 [05:35<00:58, 192.85it/s]
Convert + check images:  84%|████████▍ | 58783/70000 [05:35<00:54, 204.73it/s]
Convert + check images:  84%|████████▍ | 58805/70000 [05:35<00:54, 204.63it/s]
Convert + check images:  84%|████████▍ | 58829/70000 [05:35<00:52, 211.91it/s]
Convert + check images:  84%|████████▍ | 58851/70000 [05:35<00:56, 198.21it/s]
Convert + check images:  84%|████████▍ | 58873/70000 [05:35<00:54, 203.00it/s]
Convert + check images:  84%|████████▍ | 58901/70000 [05:35<00:49, 222.34it/s]
Convert + check images:  84%|████████▍ | 58924/70000 [05:35<00:58, 188.88it/s]
Convert + check images:  84%|████████▍ | 58947/70000 [05:36<00:55, 198.01it/s]
Convert + check images:  84%|████████▍ | 58968/70000 [05:36<00:55, 197.11it/s]
Convert + check images:  84%|████████▍ | 58999/70000 [05:36<00:49, 221.27it/s]
Convert + check images:  84%|████████▍ | 59022/70000 [05:36<00:50, 215.70it/s]
Convert + check images:  84%|████████▍ | 59044/70000 [05:36<00:55, 196.57it/s]
Convert + check images:  84%|████████▍ | 59068/70000 [05:36<00:53, 203.61it/s]
Convert + check images:  84%|████████▍ | 59089/70000 [05:36<00:54, 198.91it/s]
Convert + check images:  84%|████████▍ | 59110/70000 [05:36<01:04, 168.48it/s]
Convert + check images:  84%|████████▍ | 59139/70000 [05:37<00:55, 197.22it/s]
Convert + check images:  85%|████████▍ | 59169/70000 [05:37<00:49, 220.94it/s]
Convert + check images:  85%|████████▍ | 59193/70000 [05:37<00:48, 223.14it/s]
Convert + check images:  85%|████████▍ | 59219/70000 [05:37<00:46, 231.68it/s]
Convert + check images:  85%|████████▍ | 59245/70000 [05:37<00:45, 236.97it/s]
Convert + check images:  85%|████████▍ | 59270/70000 [05:37<00:45, 235.46it/s]
Convert + check images:  85%|████████▍ | 59294/70000 [05:37<01:09, 154.39it/s]
Convert + check images:  85%|████████▍ | 59314/70000 [05:38<01:15, 141.69it/s]
Convert + check images:  85%|████████▍ | 59332/70000 [05:38<01:11, 148.37it/s]
Convert + check images:  85%|████████▍ | 59355/70000 [05:38<01:03, 166.70it/s]
Convert + check images:  85%|████████▍ | 59377/70000 [05:38<00:59, 179.63it/s]
Convert + check images:  85%|████████▍ | 59400/70000 [05:38<00:55, 191.12it/s]
Convert + check images:  85%|████████▍ | 59425/70000 [05:38<00:52, 200.96it/s]
Convert + check images:  85%|████████▍ | 59447/70000 [05:38<00:52, 202.73it/s]
Convert + check images:  85%|████████▍ | 59474/70000 [05:38<00:48, 219.00it/s]
Convert + check images:  85%|████████▌ | 59500/70000 [05:38<00:45, 230.12it/s]
Convert + check images:  85%|████████▌ | 59524/70000 [05:38<00:50, 207.06it/s]
Convert + check images:  85%|████████▌ | 59546/70000 [05:39<00:51, 202.52it/s]
Convert + check images:  85%|████████▌ | 59568/70000 [05:39<00:50, 206.84it/s]
Convert + check images:  85%|████████▌ | 59590/70000 [05:39<01:03, 165.03it/s]
Convert + check images:  85%|████████▌ | 59612/70000 [05:39<00:59, 175.98it/s]
Convert + check images:  85%|████████▌ | 59631/70000 [05:39<00:58, 176.18it/s]
Convert + check images:  85%|████████▌ | 59663/70000 [05:39<00:48, 211.68it/s]
Convert + check images:  85%|████████▌ | 59686/70000 [05:39<01:06, 155.26it/s]
Convert + check images:  85%|████████▌ | 59710/70000 [05:40<00:59, 171.76it/s]
Convert + check images:  85%|████████▌ | 59733/70000 [05:40<00:56, 183.04it/s]
Convert + check images:  85%|████████▌ | 59756/70000 [05:40<00:52, 194.64it/s]
Convert + check images:  85%|████████▌ | 59784/70000 [05:40<00:47, 214.30it/s]
Convert + check images:  85%|████████▌ | 59814/70000 [05:40<00:44, 230.69it/s]
Convert + check images:  85%|████████▌ | 59839/70000 [05:40<00:51, 197.39it/s]
Convert + check images:  86%|████████▌ | 59864/70000 [05:40<00:48, 206.90it/s]
Convert + check images:  86%|████████▌ | 59888/70000 [05:40<00:47, 213.01it/s]
Convert + check images:  86%|████████▌ | 59911/70000 [05:40<00:48, 207.75it/s]
Convert + check images:  86%|████████▌ | 59933/70000 [05:41<00:50, 200.81it/s]
Convert + check images:  86%|████████▌ | 59954/70000 [05:41<00:49, 201.35it/s]
Convert + check images:  86%|████████▌ | 59975/70000 [05:41<00:51, 194.25it/s]
Convert + check images:  86%|████████▌ | 59996/70000 [05:41<00:52, 192.07it/s]
Convert + check images:  86%|████████▌ | 60016/70000 [05:41<00:58, 171.28it/s]
Convert + check images:  86%|████████▌ | 60039/70000 [05:41<00:54, 183.54it/s]
Convert + check images:  86%|████████▌ | 60061/70000 [05:41<00:51, 191.21it/s]
Convert + check images:  86%|████████▌ | 60085/70000 [05:41<00:48, 203.22it/s]
Convert + check images:  86%|████████▌ | 60110/70000 [05:42<00:46, 211.15it/s]
Convert + check images:  86%|████████▌ | 60132/70000 [05:42<00:46, 212.31it/s]
Convert + check images:  86%|████████▌ | 60155/70000 [05:42<00:46, 213.31it/s]
Convert + check images:  86%|████████▌ | 60177/70000 [05:42<00:46, 212.33it/s]
Convert + check images:  86%|████████▌ | 60199/70000 [05:42<00:48, 201.58it/s]
Convert + check images:  86%|████████▌ | 60222/70000 [05:42<00:48, 201.59it/s]
Convert + check images:  86%|████████▌ | 60243/70000 [05:42<00:50, 194.84it/s]
Convert + check images:  86%|████████▌ | 60263/70000 [05:42<00:56, 172.74it/s]
Convert + check images:  86%|████████▌ | 60288/70000 [05:42<00:51, 187.17it/s]
Convert + check images:  86%|████████▌ | 60311/70000 [05:43<00:49, 195.31it/s]
Convert + check images:  86%|████████▌ | 60336/70000 [05:43<00:47, 201.45it/s]
Convert + check images:  86%|████████▌ | 60357/70000 [05:43<00:49, 192.91it/s]
Convert + check images:  86%|████████▋ | 60381/70000 [05:43<00:48, 199.56it/s]
Convert + check images:  86%|████████▋ | 60409/70000 [05:43<00:44, 216.37it/s]
Convert + check images:  86%|████████▋ | 60439/70000 [05:43<00:40, 235.37it/s]
Convert + check images:  86%|████████▋ | 60464/70000 [05:43<00:40, 236.04it/s]
Convert + check images:  86%|████████▋ | 60488/70000 [05:43<00:42, 221.91it/s]
Convert + check images:  86%|████████▋ | 60512/70000 [05:43<00:43, 215.75it/s]
Convert + check images:  86%|████████▋ | 60534/70000 [05:44<00:43, 215.73it/s]
Convert + check images:  87%|████████▋ | 60556/70000 [05:44<00:45, 206.02it/s]
Convert + check images:  87%|████████▋ | 60579/70000 [05:44<00:44, 212.19it/s]
Convert + check images:  87%|████████▋ | 60601/70000 [05:44<00:47, 197.83it/s]
Convert + check images:  87%|████████▋ | 60624/70000 [05:44<00:46, 203.50it/s]
Convert + check images:  87%|████████▋ | 60645/70000 [05:44<00:46, 199.74it/s]
Convert + check images:  87%|████████▋ | 60666/70000 [05:44<00:47, 197.47it/s]
Convert + check images:  87%|████████▋ | 60689/70000 [05:44<00:45, 206.16it/s]
Convert + check images:  87%|████████▋ | 60713/70000 [05:44<00:43, 215.57it/s]
Convert + check images:  87%|████████▋ | 60735/70000 [05:45<00:52, 177.73it/s]
Convert + check images:  87%|████████▋ | 60754/70000 [05:45<01:05, 141.75it/s]
Convert + check images:  87%|████████▋ | 60774/70000 [05:45<01:00, 152.93it/s]
Convert + check images:  87%|████████▋ | 60794/70000 [05:45<00:56, 162.23it/s]
Convert + check images:  87%|████████▋ | 60815/70000 [05:45<00:55, 165.64it/s]
Convert + check images:  87%|████████▋ | 60837/70000 [05:45<00:52, 174.09it/s]
Convert + check images:  87%|████████▋ | 60856/70000 [05:45<00:52, 174.62it/s]
Convert + check images:  87%|████████▋ | 60880/70000 [05:45<00:47, 190.12it/s]
Convert + check images:  87%|████████▋ | 60900/70000 [05:46<00:48, 189.54it/s]
Convert + check images:  87%|████████▋ | 60920/70000 [05:46<01:01, 146.82it/s]
Convert + check images:  87%|████████▋ | 60945/70000 [05:46<00:53, 168.46it/s]
Convert + check images:  87%|████████▋ | 60964/70000 [05:46<00:53, 168.21it/s]
Convert + check images:  87%|████████▋ | 60982/70000 [05:46<00:55, 161.47it/s]
Convert + check images:  87%|████████▋ | 61008/70000 [05:46<00:48, 185.95it/s]
Convert + check images:  87%|████████▋ | 61030/70000 [05:46<00:47, 190.62it/s]
Convert + check images:  87%|████████▋ | 61052/70000 [05:46<00:45, 196.00it/s]
Convert + check images:  87%|████████▋ | 61074/70000 [05:47<00:44, 200.29it/s]
Convert + check images:  87%|████████▋ | 61095/70000 [05:47<00:51, 171.40it/s]
Convert + check images:  87%|████████▋ | 61114/70000 [05:47<00:52, 169.24it/s]
Convert + check images:  87%|████████▋ | 61132/70000 [05:47<00:53, 166.20it/s]
Convert + check images:  87%|████████▋ | 61157/70000 [05:47<00:47, 187.64it/s]
Convert + check images:  87%|████████▋ | 61182/70000 [05:47<00:44, 199.54it/s]
Convert + check images:  87%|████████▋ | 61203/70000 [05:47<00:54, 162.70it/s]
Convert + check images:  87%|████████▋ | 61229/70000 [05:47<00:47, 185.83it/s]
Convert + check images:  88%|████████▊ | 61255/70000 [05:48<00:42, 204.06it/s]
Convert + check images:  88%|████████▊ | 61277/70000 [05:48<00:43, 201.97it/s]
Convert + check images:  88%|████████▊ | 61299/70000 [05:48<00:46, 186.23it/s]
Convert + check images:  88%|████████▊ | 61319/70000 [05:48<00:52, 164.40it/s]
Convert + check images:  88%|████████▊ | 61344/70000 [05:48<00:46, 185.02it/s]
Convert + check images:  88%|████████▊ | 61364/70000 [05:48<00:46, 185.29it/s]
Convert + check images:  88%|████████▊ | 61389/70000 [05:48<00:42, 200.92it/s]
Convert + check images:  88%|████████▊ | 61412/70000 [05:48<00:41, 205.59it/s]
Convert + check images:  88%|████████▊ | 61434/70000 [05:49<00:43, 197.34it/s]
Convert + check images:  88%|████████▊ | 61455/70000 [05:49<00:43, 195.52it/s]
Convert + check images:  88%|████████▊ | 61478/70000 [05:49<00:43, 196.05it/s]
Convert + check images:  88%|████████▊ | 61498/70000 [05:49<00:43, 196.95it/s]
Convert + check images:  88%|████████▊ | 61518/70000 [05:49<00:48, 173.19it/s]
Convert + check images:  88%|████████▊ | 61539/70000 [05:49<00:46, 180.09it/s]
Convert + check images:  88%|████████▊ | 61558/70000 [05:49<00:46, 181.75it/s]
Convert + check images:  88%|████████▊ | 61582/70000 [05:49<00:43, 194.10it/s]
Convert + check images:  88%|████████▊ | 61602/70000 [05:49<00:45, 184.32it/s]
Convert + check images:  88%|████████▊ | 61627/70000 [05:50<00:42, 196.40it/s]
Convert + check images:  88%|████████▊ | 61647/70000 [05:50<00:49, 169.14it/s]
Convert + check images:  88%|████████▊ | 61670/70000 [05:50<00:45, 182.10it/s]
Convert + check images:  88%|████████▊ | 61690/70000 [05:50<00:44, 184.81it/s]
Convert + check images:  88%|████████▊ | 61709/70000 [05:50<00:44, 185.23it/s]
Convert + check images:  88%|████████▊ | 61731/70000 [05:50<00:42, 193.63it/s]
Convert + check images:  88%|████████▊ | 61752/70000 [05:50<00:42, 192.52it/s]
Convert + check images:  88%|████████▊ | 61778/70000 [05:50<00:39, 208.22it/s]
Convert + check images:  88%|████████▊ | 61800/70000 [05:51<01:25, 95.69it/s] 
Convert + check images:  88%|████████▊ | 61816/70000 [05:51<01:22, 98.93it/s]
Convert + check images:  88%|████████▊ | 61834/70000 [05:51<01:12, 112.59it/s]
Convert + check images:  88%|████████▊ | 61857/70000 [05:51<01:00, 133.70it/s]
Convert + check images:  88%|████████▊ | 61885/70000 [05:51<00:50, 160.73it/s]
Convert + check images:  88%|████████▊ | 61905/70000 [05:51<00:48, 167.54it/s]
Convert + check images:  88%|████████▊ | 61928/70000 [05:52<00:44, 181.78it/s]
Convert + check images:  88%|████████▊ | 61949/70000 [05:52<00:58, 138.61it/s]
Convert + check images:  89%|████████▊ | 61968/70000 [05:52<00:54, 148.27it/s]
Convert + check images:  89%|████████▊ | 61993/70000 [05:52<00:48, 166.69it/s]
Convert + check images:  89%|████████▊ | 62012/70000 [05:52<00:56, 140.45it/s]
Convert + check images:  89%|████████▊ | 62041/70000 [05:52<00:45, 173.33it/s]
Convert + check images:  89%|████████▊ | 62067/70000 [05:52<00:41, 190.77it/s]
Convert + check images:  89%|████████▊ | 62089/70000 [05:53<00:48, 164.67it/s]
Convert + check images:  89%|████████▊ | 62115/70000 [05:53<00:42, 184.58it/s]
Convert + check images:  89%|████████▉ | 62136/70000 [05:53<00:42, 184.16it/s]
Convert + check images:  89%|████████▉ | 62156/70000 [05:53<00:41, 187.17it/s]
Convert + check images:  89%|████████▉ | 62176/70000 [05:53<00:43, 180.57it/s]
Convert + check images:  89%|████████▉ | 62204/70000 [05:53<00:37, 206.24it/s]
Convert + check images:  89%|████████▉ | 62229/70000 [05:53<00:36, 212.88it/s]
Convert + check images:  89%|████████▉ | 62253/70000 [05:53<00:35, 219.73it/s]
Convert + check images:  89%|████████▉ | 62279/70000 [05:53<00:33, 227.51it/s]
Convert + check images:  89%|████████▉ | 62303/70000 [05:54<00:33, 229.05it/s]
Convert + check images:  89%|████████▉ | 62328/70000 [05:54<00:32, 233.27it/s]
Convert + check images:  89%|████████▉ | 62356/70000 [05:54<00:31, 243.19it/s]
Convert + check images:  89%|████████▉ | 62381/70000 [05:54<00:31, 240.48it/s]
Convert + check images:  89%|████████▉ | 62407/70000 [05:54<00:31, 239.84it/s]
Convert + check images:  89%|████████▉ | 62433/70000 [05:54<00:31, 242.29it/s]
Convert + check images:  89%|████████▉ | 62458/70000 [05:54<00:31, 236.35it/s]
Convert + check images:  89%|████████▉ | 62482/70000 [05:54<00:37, 199.69it/s]
Convert + check images:  89%|████████▉ | 62507/70000 [05:54<00:35, 210.06it/s]
Convert + check images:  89%|████████▉ | 62532/70000 [05:55<00:33, 220.54it/s]
Convert + check images:  89%|████████▉ | 62555/70000 [05:55<00:42, 174.14it/s]
Convert + check images:  89%|████████▉ | 62578/70000 [05:55<00:39, 186.96it/s]
Convert + check images:  89%|████████▉ | 62601/70000 [05:55<00:38, 192.36it/s]
Convert + check images:  89%|████████▉ | 62629/70000 [05:55<00:35, 207.63it/s]
Convert + check images:  90%|████████▉ | 62651/70000 [05:55<00:42, 174.01it/s]
Convert + check images:  90%|████████▉ | 62674/70000 [05:55<00:39, 184.87it/s]
Convert + check images:  90%|████████▉ | 62701/70000 [05:55<00:36, 199.80it/s]
Convert + check images:  90%|████████▉ | 62726/70000 [05:56<00:34, 211.66it/s]
Convert + check images:  90%|████████▉ | 62749/70000 [05:56<00:34, 208.84it/s]
Convert + check images:  90%|████████▉ | 62772/70000 [05:56<00:34, 212.35it/s]
Convert + check images:  90%|████████▉ | 62797/70000 [05:56<00:32, 221.94it/s]
Convert + check images:  90%|████████▉ | 62822/70000 [05:56<00:32, 222.04it/s]
Convert + check images:  90%|████████▉ | 62845/70000 [05:56<00:32, 217.87it/s]
Convert + check images:  90%|████████▉ | 62867/70000 [05:56<00:51, 137.53it/s]
Convert + check images:  90%|████████▉ | 62885/70000 [05:57<00:49, 144.67it/s]
Convert + check images:  90%|████████▉ | 62910/70000 [05:57<00:43, 164.52it/s]
Convert + check images:  90%|████████▉ | 62932/70000 [05:57<00:39, 177.00it/s]
Convert + check images:  90%|████████▉ | 62953/70000 [05:57<00:38, 184.51it/s]
Convert + check images:  90%|████████▉ | 62979/70000 [05:57<00:34, 203.37it/s]
Convert + check images:  90%|█████████ | 63006/70000 [05:57<00:31, 220.54it/s]
Convert + check images:  90%|█████████ | 63030/70000 [05:57<00:43, 161.99it/s]
Convert + check images:  90%|█████████ | 63053/70000 [05:57<00:39, 176.25it/s]
Convert + check images:  90%|█████████ | 63074/70000 [05:57<00:37, 183.49it/s]
Convert + check images:  90%|█████████ | 63095/70000 [05:58<00:46, 149.41it/s]
Convert + check images:  90%|█████████ | 63119/70000 [05:58<00:41, 167.63it/s]
Convert + check images:  90%|█████████ | 63141/70000 [05:58<00:38, 179.52it/s]
Convert + check images:  90%|█████████ | 63161/70000 [05:58<00:37, 183.58it/s]
Convert + check images:  90%|█████████ | 63181/70000 [05:58<00:36, 187.28it/s]
Convert + check images:  90%|█████████ | 63210/70000 [05:58<00:32, 206.96it/s]
Convert + check images:  90%|█████████ | 63237/70000 [05:58<00:30, 221.79it/s]
Convert + check images:  90%|█████████ | 63265/70000 [05:58<00:28, 237.28it/s]
Convert + check images:  90%|█████████ | 63292/70000 [05:59<00:27, 245.04it/s]
Convert + check images:  90%|█████████ | 63317/70000 [05:59<00:30, 219.19it/s]
Convert + check images:  90%|█████████ | 63343/70000 [05:59<00:29, 223.29it/s]
Convert + check images:  91%|█████████ | 63366/70000 [05:59<00:31, 213.27it/s]
Convert + check images:  91%|█████████ | 63392/70000 [05:59<00:29, 224.85it/s]
Convert + check images:  91%|█████████ | 63419/70000 [05:59<00:32, 203.60it/s]
Convert + check images:  91%|█████████ | 63443/70000 [05:59<00:31, 210.14it/s]
Convert + check images:  91%|█████████ | 63468/70000 [05:59<00:30, 212.87it/s]
Convert + check images:  91%|█████████ | 63490/70000 [06:00<00:33, 195.73it/s]
Convert + check images:  91%|█████████ | 63511/70000 [06:00<00:32, 196.91it/s]
Convert + check images:  91%|█████████ | 63532/70000 [06:00<00:34, 187.69it/s]
Convert + check images:  91%|█████████ | 63552/70000 [06:00<00:34, 185.25it/s]
Convert + check images:  91%|█████████ | 63574/70000 [06:00<00:33, 193.26it/s]
Convert + check images:  91%|█████████ | 63599/70000 [06:00<00:30, 208.17it/s]
Convert + check images:  91%|█████████ | 63621/70000 [06:00<00:31, 205.30it/s]
Convert + check images:  91%|█████████ | 63648/70000 [06:00<00:29, 218.73it/s]
Convert + check images:  91%|█████████ | 63671/70000 [06:00<00:29, 214.15it/s]
Convert + check images:  91%|█████████ | 63693/70000 [06:01<00:29, 211.10it/s]
Convert + check images:  91%|█████████ | 63721/70000 [06:01<00:28, 222.02it/s]
Convert + check images:  91%|█████████ | 63744/70000 [06:01<00:43, 144.02it/s]
Convert + check images:  91%|█████████ | 63763/70000 [06:01<00:42, 148.22it/s]
Convert + check images:  91%|█████████ | 63787/70000 [06:01<00:37, 167.13it/s]
Convert + check images:  91%|█████████ | 63807/70000 [06:01<00:36, 169.89it/s]
Convert + check images:  91%|█████████ | 63829/70000 [06:01<00:33, 181.75it/s]
Convert + check images:  91%|█████████ | 63849/70000 [06:02<00:45, 134.25it/s]
Convert + check images:  91%|█████████ | 63873/70000 [06:02<00:39, 156.08it/s]
Convert + check images:  91%|█████████▏| 63892/70000 [06:02<00:37, 160.91it/s]
Convert + check images:  91%|█████████▏| 63911/70000 [06:02<01:03, 96.06it/s] 
Convert + check images:  91%|█████████▏| 63932/70000 [06:02<00:54, 112.27it/s]
Convert + check images:  91%|█████████▏| 63954/70000 [06:02<00:46, 130.89it/s]
Convert + check images:  91%|█████████▏| 63971/70000 [06:03<00:45, 132.30it/s]
Convert + check images:  91%|█████████▏| 63992/70000 [06:03<00:40, 149.54it/s]
Convert + check images:  91%|█████████▏| 64010/70000 [06:03<00:42, 140.55it/s]
Convert + check images:  91%|█████████▏| 64038/70000 [06:03<00:34, 170.96it/s]
Convert + check images:  92%|█████████▏| 64058/70000 [06:03<00:35, 166.94it/s]
Convert + check images:  92%|█████████▏| 64084/70000 [06:03<00:31, 190.21it/s]
Convert + check images:  92%|█████████▏| 64106/70000 [06:03<00:30, 194.49it/s]
Convert + check images:  92%|█████████▏| 64129/70000 [06:03<00:28, 203.15it/s]
Convert + check images:  92%|█████████▏| 64153/70000 [06:03<00:27, 210.77it/s]
Convert + check images:  92%|█████████▏| 64175/70000 [06:04<00:28, 207.17it/s]
Convert + check images:  92%|█████████▏| 64197/70000 [06:04<00:30, 192.69it/s]
Convert + check images:  92%|█████████▏| 64221/70000 [06:04<00:28, 203.36it/s]
Convert + check images:  92%|█████████▏| 64242/70000 [06:04<00:28, 199.00it/s]
Convert + check images:  92%|█████████▏| 64267/70000 [06:04<00:26, 212.98it/s]
Convert + check images:  92%|█████████▏| 64289/70000 [06:04<00:28, 197.24it/s]
Convert + check images:  92%|█████████▏| 64310/70000 [06:04<00:28, 199.88it/s]
Convert + check images:  92%|█████████▏| 64331/70000 [06:04<00:28, 197.56it/s]
Convert + check images:  92%|█████████▏| 64357/70000 [06:04<00:26, 210.76it/s]
Convert + check images:  92%|█████████▏| 64381/70000 [06:05<00:25, 217.38it/s]
Convert + check images:  92%|█████████▏| 64405/70000 [06:05<00:25, 215.20it/s]
Convert + check images:  92%|█████████▏| 64427/70000 [06:05<00:27, 202.52it/s]
Convert + check images:  92%|█████████▏| 64448/70000 [06:05<00:34, 163.01it/s]
Convert + check images:  92%|█████████▏| 64469/70000 [06:05<00:31, 173.41it/s]
Convert + check images:  92%|█████████▏| 64488/70000 [06:05<00:31, 175.70it/s]
Convert + check images:  92%|█████████▏| 64512/70000 [06:05<00:28, 190.98it/s]
Convert + check images:  92%|█████████▏| 64538/70000 [06:05<00:26, 205.30it/s]
Convert + check images:  92%|█████████▏| 64564/70000 [06:06<00:24, 220.07it/s]
Convert + check images:  92%|█████████▏| 64587/70000 [06:06<00:26, 201.35it/s]
Convert + check images:  92%|█████████▏| 64617/70000 [06:06<00:24, 220.55it/s]
Convert + check images:  92%|█████████▏| 64640/70000 [06:06<00:46, 116.00it/s]
Convert + check images:  92%|█████████▏| 64665/70000 [06:06<00:39, 136.67it/s]
Convert + check images:  92%|█████████▏| 64688/70000 [06:06<00:34, 153.38it/s]
Convert + check images:  92%|█████████▏| 64713/70000 [06:07<00:30, 173.50it/s]
Convert + check images:  92%|█████████▏| 64735/70000 [06:07<00:28, 182.93it/s]
Convert + check images:  93%|█████████▎| 64757/70000 [06:07<00:28, 182.78it/s]
Convert + check images:  93%|█████████▎| 64778/70000 [06:07<00:28, 182.30it/s]
Convert + check images:  93%|█████████▎| 64800/70000 [06:07<00:27, 190.48it/s]
Convert + check images:  93%|█████████▎| 64822/70000 [06:07<00:26, 194.90it/s]
Convert + check images:  93%|█████████▎| 64845/70000 [06:07<00:25, 203.80it/s]
Convert + check images:  93%|█████████▎| 64869/70000 [06:07<00:24, 206.90it/s]
Convert + check images:  93%|█████████▎| 64891/70000 [06:07<00:24, 205.09it/s]
Convert + check images:  93%|█████████▎| 64912/70000 [06:08<00:29, 174.04it/s]
Convert + check images:  93%|█████████▎| 64931/70000 [06:08<00:29, 169.35it/s]
Convert + check images:  93%|█████████▎| 64949/70000 [06:08<00:29, 170.31it/s]
Convert + check images:  93%|█████████▎| 64976/70000 [06:08<00:26, 190.69it/s]
Convert + check images:  93%|█████████▎| 64996/70000 [06:08<00:26, 188.31it/s]
Convert + check images:  93%|█████████▎| 65020/70000 [06:08<00:25, 198.14it/s]
Convert + check images:  93%|█████████▎| 65048/70000 [06:08<00:22, 219.67it/s]
Convert + check images:  93%|█████████▎| 65075/70000 [06:08<00:22, 222.18it/s]
Convert + check images:  93%|█████████▎| 65106/70000 [06:08<00:20, 238.82it/s]
Convert + check images:  93%|█████████▎| 65134/70000 [06:09<00:19, 250.22it/s]
Convert + check images:  93%|█████████▎| 65162/70000 [06:09<00:19, 253.58it/s]
Convert + check images:  93%|█████████▎| 65188/70000 [06:09<00:19, 250.60it/s]
Convert + check images:  93%|█████████▎| 65214/70000 [06:09<00:24, 192.41it/s]
Convert + check images:  93%|█████████▎| 65236/70000 [06:09<00:29, 163.66it/s]
Convert + check images:  93%|█████████▎| 65255/70000 [06:09<00:31, 148.67it/s]
Convert + check images:  93%|█████████▎| 65278/70000 [06:09<00:29, 158.44it/s]
Convert + check images:  93%|█████████▎| 65296/70000 [06:10<00:29, 160.03it/s]
Convert + check images:  93%|█████████▎| 65316/70000 [06:10<00:28, 167.22it/s]
Convert + check images:  93%|█████████▎| 65340/70000 [06:10<00:25, 184.14it/s]
Convert + check images:  93%|█████████▎| 65366/70000 [06:10<00:22, 202.69it/s]
Convert + check images:  93%|█████████▎| 65390/70000 [06:10<00:21, 210.07it/s]
Convert + check images:  93%|█████████▎| 65414/70000 [06:10<00:21, 218.31it/s]
Convert + check images:  93%|█████████▎| 65444/70000 [06:10<00:18, 240.36it/s]
Convert + check images:  94%|█████████▎| 65469/70000 [06:10<00:19, 235.54it/s]
Convert + check images:  94%|█████████▎| 65493/70000 [06:10<00:20, 224.76it/s]
Convert + check images:  94%|█████████▎| 65516/70000 [06:11<00:20, 224.04it/s]
Convert + check images:  94%|█████████▎| 65539/70000 [06:11<00:20, 219.20it/s]
Convert + check images:  94%|█████████▎| 65570/70000 [06:11<00:18, 236.97it/s]
Convert + check images:  94%|█████████▎| 65594/70000 [06:11<00:23, 188.04it/s]
Convert + check images:  94%|█████████▎| 65615/70000 [06:11<00:22, 190.77it/s]
Convert + check images:  94%|█████████▍| 65639/70000 [06:11<00:21, 202.27it/s]
Convert + check images:  94%|█████████▍| 65661/70000 [06:11<00:21, 202.88it/s]
Convert + check images:  94%|█████████▍| 65686/70000 [06:11<00:20, 213.83it/s]
Convert + check images:  94%|█████████▍| 65708/70000 [06:11<00:20, 204.70it/s]
Convert + check images:  94%|█████████▍| 65729/70000 [06:12<00:38, 112.37it/s]
Convert + check images:  94%|█████████▍| 65746/70000 [06:12<00:39, 108.01it/s]
Convert + check images:  94%|█████████▍| 65765/70000 [06:12<00:34, 121.48it/s]
Convert + check images:  94%|█████████▍| 65789/70000 [06:12<00:29, 144.55it/s]
Convert + check images:  94%|█████████▍| 65807/70000 [06:12<00:33, 124.93it/s]
Convert + check images:  94%|█████████▍| 65823/70000 [06:13<00:33, 125.05it/s]
Convert + check images:  94%|█████████▍| 65838/70000 [06:13<00:34, 121.34it/s]
Convert + check images:  94%|█████████▍| 65855/70000 [06:13<00:31, 132.08it/s]
Convert + check images:  94%|█████████▍| 65882/70000 [06:13<00:25, 162.00it/s]
Convert + check images:  94%|█████████▍| 65901/70000 [06:13<00:24, 168.91it/s]
Convert + check images:  94%|█████████▍| 65919/70000 [06:13<00:24, 169.08it/s]
Convert + check images:  94%|█████████▍| 65942/70000 [06:13<00:22, 179.44it/s]
Convert + check images:  94%|█████████▍| 65965/70000 [06:13<00:21, 191.41it/s]
Convert + check images:  94%|█████████▍| 65992/70000 [06:13<00:19, 204.55it/s]
Convert + check images:  94%|█████████▍| 66014/70000 [06:14<00:19, 208.08it/s]
Convert + check images:  94%|█████████▍| 66036/70000 [06:14<00:19, 198.32it/s]
Convert + check images:  94%|█████████▍| 66062/70000 [06:14<00:18, 212.12it/s]
Convert + check images:  94%|█████████▍| 66084/70000 [06:14<00:18, 210.43it/s]
Convert + check images:  94%|█████████▍| 66106/70000 [06:14<00:18, 206.84it/s]
Convert + check images:  94%|█████████▍| 66127/70000 [06:14<00:18, 203.88it/s]
Convert + check images:  95%|█████████▍| 66153/70000 [06:14<00:17, 219.71it/s]
Convert + check images:  95%|█████████▍| 66176/70000 [06:14<00:19, 199.39it/s]
Convert + check images:  95%|█████████▍| 66203/70000 [06:14<00:17, 216.86it/s]
Convert + check images:  95%|█████████▍| 66226/70000 [06:15<00:18, 200.26it/s]
Convert + check images:  95%|█████████▍| 66247/70000 [06:15<00:18, 202.56it/s]
Convert + check images:  95%|█████████▍| 66268/70000 [06:15<00:18, 197.48it/s]
Convert + check images:  95%|█████████▍| 66289/70000 [06:15<00:21, 175.82it/s]
Convert + check images:  95%|█████████▍| 66313/70000 [06:15<00:19, 190.23it/s]
Convert + check images:  95%|█████████▍| 66333/70000 [06:15<00:19, 187.07it/s]
Convert + check images:  95%|█████████▍| 66355/70000 [06:15<00:18, 194.23it/s]
Convert + check images:  95%|█████████▍| 66378/70000 [06:15<00:18, 195.73it/s]
Convert + check images:  95%|█████████▍| 66398/70000 [06:16<00:19, 186.14it/s]
Convert + check images:  95%|█████████▍| 66417/70000 [06:16<00:21, 164.17it/s]
Convert + check images:  95%|█████████▍| 66439/70000 [06:16<00:20, 177.09it/s]
Convert + check images:  95%|█████████▍| 66458/70000 [06:17<00:59, 59.55it/s] 
Convert + check images:  95%|█████████▍| 66487/70000 [06:17<00:41, 84.60it/s]
Convert + check images:  95%|█████████▌| 66508/70000 [06:17<00:34, 101.52it/s]
Convert + check images:  95%|█████████▌| 66539/70000 [06:17<00:25, 134.75it/s]
Convert + check images:  95%|█████████▌| 66567/70000 [06:17<00:21, 159.13it/s]
Convert + check images:  95%|█████████▌| 66591/70000 [06:17<00:19, 174.87it/s]
Convert + check images:  95%|█████████▌| 66615/70000 [06:17<00:18, 185.51it/s]
Convert + check images:  95%|█████████▌| 66638/70000 [06:17<00:17, 193.31it/s]
Convert + check images:  95%|█████████▌| 66661/70000 [06:18<00:20, 160.05it/s]
Convert + check images:  95%|█████████▌| 66684/70000 [06:18<00:19, 174.21it/s]
Convert + check images:  95%|█████████▌| 66705/70000 [06:18<00:18, 181.20it/s]
Convert + check images:  95%|█████████▌| 66726/70000 [06:18<00:20, 156.46it/s]
Convert + check images:  95%|█████████▌| 66750/70000 [06:18<00:18, 173.14it/s]
Convert + check images:  95%|█████████▌| 66775/70000 [06:18<00:17, 185.76it/s]
Convert + check images:  95%|█████████▌| 66797/70000 [06:18<00:16, 192.16it/s]
Convert + check images:  95%|█████████▌| 66818/70000 [06:18<00:16, 190.91it/s]
Convert + check images:  95%|█████████▌| 66840/70000 [06:19<00:15, 197.63it/s]
Convert + check images:  96%|█████████▌| 66864/70000 [06:19<00:15, 206.96it/s]
Convert + check images:  96%|█████████▌| 66887/70000 [06:19<00:14, 210.63it/s]
Convert + check images:  96%|█████████▌| 66909/70000 [06:19<00:16, 191.46it/s]
Convert + check images:  96%|█████████▌| 66934/70000 [06:19<00:14, 204.98it/s]
Convert + check images:  96%|█████████▌| 66956/70000 [06:19<00:16, 190.17it/s]
Convert + check images:  96%|█████████▌| 66976/70000 [06:19<00:21, 137.72it/s]
Convert + check images:  96%|█████████▌| 66993/70000 [06:19<00:20, 143.29it/s]
Convert + check images:  96%|█████████▌| 67021/70000 [06:20<00:17, 171.81it/s]
Convert + check images:  96%|█████████▌| 67042/70000 [06:20<00:16, 180.64it/s]
Convert + check images:  96%|█████████▌| 67066/70000 [06:20<00:15, 191.96it/s]
Convert + check images:  96%|█████████▌| 67087/70000 [06:20<00:14, 195.89it/s]
Convert + check images:  96%|█████████▌| 67111/70000 [06:20<00:14, 205.83it/s]
Convert + check images:  96%|█████████▌| 67133/70000 [06:20<00:13, 206.42it/s]
Convert + check images:  96%|█████████▌| 67159/70000 [06:20<00:12, 219.95it/s]
Convert + check images:  96%|█████████▌| 67182/70000 [06:20<00:13, 216.52it/s]
Convert + check images:  96%|█████████▌| 67204/70000 [06:21<00:17, 162.45it/s]
Convert + check images:  96%|█████████▌| 67231/70000 [06:21<00:14, 184.98it/s]
Convert + check images:  96%|█████████▌| 67254/70000 [06:21<00:14, 195.14it/s]
Convert + check images:  96%|█████████▌| 67276/70000 [06:21<00:14, 190.16it/s]
Convert + check images:  96%|█████████▌| 67301/70000 [06:21<00:13, 198.77it/s]
Convert + check images:  96%|█████████▌| 67322/70000 [06:21<00:14, 187.93it/s]
Convert + check images:  96%|█████████▌| 67352/70000 [06:21<00:12, 215.48it/s]
Convert + check images:  96%|█████████▋| 67375/70000 [06:21<00:12, 216.71it/s]
Convert + check images:  96%|█████████▋| 67404/70000 [06:21<00:11, 234.01it/s]
Convert + check images:  96%|█████████▋| 67430/70000 [06:22<00:10, 237.80it/s]
Convert + check images:  96%|█████████▋| 67455/70000 [06:22<00:11, 224.33it/s]
Convert + check images:  96%|█████████▋| 67481/70000 [06:22<00:10, 233.67it/s]
Convert + check images:  96%|█████████▋| 67505/70000 [06:22<00:10, 230.03it/s]
Convert + check images:  96%|█████████▋| 67530/70000 [06:22<00:10, 234.27it/s]
Convert + check images:  97%|█████████▋| 67554/70000 [06:22<00:14, 174.39it/s]
Convert + check images:  97%|█████████▋| 67579/70000 [06:22<00:12, 189.48it/s]
Convert + check images:  97%|█████████▋| 67600/70000 [06:22<00:13, 180.81it/s]
Convert + check images:  97%|█████████▋| 67620/70000 [06:23<00:12, 184.15it/s]
Convert + check images:  97%|█████████▋| 67642/70000 [06:23<00:12, 192.95it/s]
Convert + check images:  97%|█████████▋| 67663/70000 [06:23<00:18, 129.59it/s]
Convert + check images:  97%|█████████▋| 67690/70000 [06:23<00:14, 157.29it/s]
Convert + check images:  97%|█████████▋| 67710/70000 [06:23<00:13, 164.32it/s]
Convert + check images:  97%|█████████▋| 67733/70000 [06:23<00:12, 179.44it/s]
Convert + check images:  97%|█████████▋| 67754/70000 [06:23<00:12, 186.89it/s]
Convert + check images:  97%|█████████▋| 67777/70000 [06:23<00:11, 195.53it/s]
Convert + check images:  97%|█████████▋| 67802/70000 [06:24<00:10, 204.18it/s]
Convert + check images:  97%|█████████▋| 67824/70000 [06:24<00:10, 200.81it/s]
Convert + check images:  97%|█████████▋| 67850/70000 [06:24<00:10, 214.22it/s]
Convert + check images:  97%|█████████▋| 67876/70000 [06:24<00:09, 225.43it/s]
Convert + check images:  97%|█████████▋| 67899/70000 [06:24<00:10, 197.02it/s]
Convert + check images:  97%|█████████▋| 67921/70000 [06:24<00:10, 197.52it/s]
Convert + check images:  97%|█████████▋| 67943/70000 [06:24<00:10, 203.32it/s]
Convert + check images:  97%|█████████▋| 67966/70000 [06:24<00:09, 210.48it/s]
Convert + check images:  97%|█████████▋| 67997/70000 [06:24<00:08, 237.47it/s]
Convert + check images:  97%|█████████▋| 68028/70000 [06:25<00:07, 256.70it/s]
Convert + check images:  97%|█████████▋| 68055/70000 [06:25<00:09, 197.22it/s]
Convert + check images:  97%|█████████▋| 68078/70000 [06:25<00:11, 167.38it/s]
Convert + check images:  97%|█████████▋| 68097/70000 [06:25<00:11, 168.25it/s]
Convert + check images:  97%|█████████▋| 68123/70000 [06:25<00:09, 189.19it/s]
Convert + check images:  97%|█████████▋| 68146/70000 [06:25<00:09, 194.98it/s]
Convert + check images:  97%|█████████▋| 68170/70000 [06:25<00:08, 203.68it/s]
Convert + check images:  97%|█████████▋| 68195/70000 [06:25<00:08, 208.26it/s]
Convert + check images:  97%|█████████▋| 68217/70000 [06:26<00:08, 210.17it/s]
Convert + check images:  97%|█████████▋| 68240/70000 [06:26<00:08, 214.05it/s]
Convert + check images:  98%|█████████▊| 68262/70000 [06:26<00:08, 214.42it/s]
Convert + check images:  98%|█████████▊| 68287/70000 [06:26<00:07, 220.47it/s]
Convert + check images:  98%|█████████▊| 68312/70000 [06:26<00:07, 224.26it/s]
Convert + check images:  98%|█████████▊| 68336/70000 [06:26<00:07, 227.90it/s]
Convert + check images:  98%|█████████▊| 68359/70000 [06:26<00:08, 200.19it/s]
Convert + check images:  98%|█████████▊| 68385/70000 [06:26<00:07, 210.96it/s]
Convert + check images:  98%|█████████▊| 68408/70000 [06:26<00:07, 215.62it/s]
Convert + check images:  98%|█████████▊| 68431/70000 [06:27<00:07, 209.30it/s]
Convert + check images:  98%|█████████▊| 68453/70000 [06:27<00:07, 196.89it/s]
Convert + check images:  98%|█████████▊| 68476/70000 [06:27<00:07, 204.74it/s]
Convert + check images:  98%|█████████▊| 68497/70000 [06:27<00:09, 166.62it/s]
Convert + check images:  98%|█████████▊| 68520/70000 [06:27<00:08, 181.74it/s]
Convert + check images:  98%|█████████▊| 68544/70000 [06:27<00:07, 188.88it/s]
Convert + check images:  98%|█████████▊| 68568/70000 [06:27<00:07, 199.99it/s]
Convert + check images:  98%|█████████▊| 68595/70000 [06:27<00:06, 214.94it/s]
Convert + check images:  98%|█████████▊| 68618/70000 [06:28<00:06, 206.09it/s]
Convert + check images:  98%|█████████▊| 68646/70000 [06:28<00:06, 223.63it/s]
Convert + check images:  98%|█████████▊| 68669/70000 [06:28<00:06, 217.42it/s]
Convert + check images:  98%|█████████▊| 68692/70000 [06:28<00:05, 219.79it/s]
Convert + check images:  98%|█████████▊| 68715/70000 [06:28<00:06, 200.77it/s]
Convert + check images:  98%|█████████▊| 68741/70000 [06:28<00:05, 213.16it/s]
Convert + check images:  98%|█████████▊| 68765/70000 [06:28<00:05, 217.37it/s]
Convert + check images:  98%|█████████▊| 68792/70000 [06:28<00:05, 225.62it/s]
Convert + check images:  98%|█████████▊| 68815/70000 [06:29<00:07, 157.83it/s]
Convert + check images:  98%|█████████▊| 68838/70000 [06:29<00:06, 171.44it/s]
Convert + check images:  98%|█████████▊| 68865/70000 [06:29<00:05, 194.40it/s]
Convert + check images:  98%|█████████▊| 68890/70000 [06:29<00:05, 208.25it/s]
Convert + check images:  98%|█████████▊| 68916/70000 [06:29<00:04, 218.55it/s]
Convert + check images:  98%|█████████▊| 68940/70000 [06:29<00:04, 218.98it/s]
Convert + check images:  99%|█████████▊| 68963/70000 [06:29<00:04, 216.72it/s]
Convert + check images:  99%|█████████▊| 68986/70000 [06:29<00:05, 183.63it/s]
Convert + check images:  99%|█████████▊| 69007/70000 [06:29<00:05, 187.45it/s]
Convert + check images:  99%|█████████▊| 69027/70000 [06:30<00:05, 188.60it/s]
Convert + check images:  99%|█████████▊| 69060/70000 [06:30<00:04, 225.79it/s]
Convert + check images:  99%|█████████▊| 69087/70000 [06:30<00:03, 229.76it/s]
Convert + check images:  99%|█████████▊| 69111/70000 [06:30<00:04, 189.70it/s]
Convert + check images:  99%|█████████▉| 69132/70000 [06:30<00:04, 194.39it/s]
Convert + check images:  99%|█████████▉| 69153/70000 [06:30<00:04, 198.21it/s]
Convert + check images:  99%|█████████▉| 69175/70000 [06:30<00:04, 201.62it/s]
Convert + check images:  99%|█████████▉| 69196/70000 [06:30<00:04, 185.39it/s]
Convert + check images:  99%|█████████▉| 69221/70000 [06:31<00:03, 200.89it/s]
Convert + check images:  99%|█████████▉| 69242/70000 [06:31<00:03, 202.79it/s]
Convert + check images:  99%|█████████▉| 69263/70000 [06:31<00:03, 198.60it/s]
Convert + check images:  99%|█████████▉| 69291/70000 [06:31<00:03, 213.46it/s]
Convert + check images:  99%|█████████▉| 69313/70000 [06:31<00:03, 186.25it/s]
Convert + check images:  99%|█████████▉| 69339/70000 [06:31<00:03, 204.95it/s]
Convert + check images:  99%|█████████▉| 69361/70000 [06:31<00:03, 203.36it/s]
Convert + check images:  99%|█████████▉| 69382/70000 [06:31<00:03, 187.63it/s]
Convert + check images:  99%|█████████▉| 69402/70000 [06:32<00:04, 139.17it/s]
Convert + check images:  99%|█████████▉| 69433/70000 [06:32<00:03, 170.50it/s]
Convert + check images:  99%|█████████▉| 69458/70000 [06:32<00:02, 188.40it/s]
Convert + check images:  99%|█████████▉| 69481/70000 [06:32<00:02, 197.78it/s]
Convert + check images:  99%|█████████▉| 69505/70000 [06:32<00:02, 205.15it/s]
Convert + check images:  99%|█████████▉| 69537/70000 [06:32<00:01, 232.76it/s]
Convert + check images:  99%|█████████▉| 69562/70000 [06:32<00:01, 220.84it/s]
Convert + check images:  99%|█████████▉| 69587/70000 [06:32<00:01, 216.38it/s]
Convert + check images:  99%|█████████▉| 69610/70000 [06:32<00:01, 209.61it/s]
Convert + check images:  99%|█████████▉| 69638/70000 [06:33<00:01, 225.33it/s]
Convert + check images: 100%|█████████▉| 69661/70000 [06:33<00:01, 225.12it/s]
Convert + check images: 100%|█████████▉| 69684/70000 [06:33<00:01, 222.47it/s]
Convert + check images: 100%|█████████▉| 69708/70000 [06:33<00:01, 224.58it/s]
Convert + check images: 100%|█████████▉| 69734/70000 [06:33<00:01, 233.71it/s]
Convert + check images: 100%|█████████▉| 69770/70000 [06:33<00:00, 265.60it/s]
Convert + check images: 100%|█████████▉| 69797/70000 [06:33<00:00, 254.67it/s]
Convert + check images: 100%|█████████▉| 69823/70000 [06:33<00:00, 208.69it/s]
Convert + check images: 100%|█████████▉| 69846/70000 [06:34<00:00, 211.88it/s]
Convert + check images: 100%|█████████▉| 69869/70000 [06:34<00:00, 205.94it/s]
Convert + check images: 100%|█████████▉| 69901/70000 [06:34<00:00, 226.79it/s]
Convert + check images: 100%|█████████▉| 69925/70000 [06:34<00:00, 200.75it/s]
Convert + check images: 100%|█████████▉| 69951/70000 [06:34<00:00, 210.80it/s]
Convert + check images: 100%|█████████▉| 69974/70000 [06:34<00:00, 204.23it/s]
Convert + check images: 100%|█████████▉| 69997/70000 [06:34<00:00, 209.75it/s]
Convert + check images: 100%|██████████| 70000/70000 [06:34<00:00, 177.33it/s]

Convert + check images:   0%|          | 0/10000 [00:00<?, ?it/s]
Convert + check images:   0%|          | 20/10000 [00:00<00:52, 188.34it/s]
Convert + check images:   0%|          | 43/10000 [00:00<00:49, 202.74it/s]
Convert + check images:   1%|          | 72/10000 [00:00<00:41, 239.55it/s]
Convert + check images:   1%|          | 101/10000 [00:00<00:40, 246.98it/s]
Convert + check images:   1%|▏         | 126/10000 [00:00<00:43, 227.57it/s]
Convert + check images:   2%|▏         | 154/10000 [00:00<00:40, 242.21it/s]
Convert + check images:   2%|▏         | 179/10000 [00:00<00:49, 198.83it/s]
Convert + check images:   2%|▏         | 210/10000 [00:00<00:47, 205.72it/s]
Convert + check images:   2%|▏         | 235/10000 [00:01<00:45, 216.88it/s]
Convert + check images:   3%|▎         | 258/10000 [00:01<00:45, 215.62it/s]
Convert + check images:   3%|▎         | 281/10000 [00:01<00:44, 216.53it/s]
Convert + check images:   3%|▎         | 308/10000 [00:01<00:42, 228.76it/s]
Convert + check images:   3%|▎         | 334/10000 [00:01<00:40, 235.92it/s]
Convert + check images:   4%|▎         | 366/10000 [00:01<00:37, 255.84it/s]
Convert + check images:   4%|▍         | 392/10000 [00:01<00:38, 250.23it/s]
Convert + check images:   4%|▍         | 418/10000 [00:01<00:39, 239.71it/s]
Convert + check images:   4%|▍         | 443/10000 [00:01<00:44, 214.72it/s]
Convert + check images:   5%|▍         | 469/10000 [00:02<00:43, 221.34it/s]
Convert + check images:   5%|▍         | 492/10000 [00:02<00:43, 220.62it/s]
Convert + check images:   5%|▌         | 519/10000 [00:02<00:41, 230.97it/s]
Convert + check images:   5%|▌         | 543/10000 [00:02<00:43, 219.03it/s]
Convert + check images:   6%|▌         | 568/10000 [00:02<00:41, 227.31it/s]
Convert + check images:   6%|▌         | 599/10000 [00:02<00:37, 247.76it/s]
Convert + check images:   6%|▋         | 625/10000 [00:02<00:38, 241.88it/s]
Convert + check images:   7%|▋         | 652/10000 [00:02<00:38, 245.34it/s]
Convert + check images:   7%|▋         | 677/10000 [00:02<00:38, 239.60it/s]
Convert + check images:   7%|▋         | 702/10000 [00:03<00:39, 236.00it/s]
Convert + check images:   7%|▋         | 726/10000 [00:03<00:43, 215.11it/s]
Convert + check images:   7%|▋         | 748/10000 [00:03<00:44, 207.10it/s]
Convert + check images:   8%|▊         | 772/10000 [00:03<00:43, 214.33it/s]
Convert + check images:   8%|▊         | 800/10000 [00:03<00:41, 224.05it/s]
Convert + check images:   8%|▊         | 829/10000 [00:03<00:38, 241.23it/s]
Convert + check images:   9%|▊         | 854/10000 [00:03<00:39, 229.29it/s]
Convert + check images:   9%|▉         | 878/10000 [00:03<00:39, 228.54it/s]
Convert + check images:   9%|▉         | 904/10000 [00:03<00:38, 236.16it/s]
Convert + check images:   9%|▉         | 930/10000 [00:04<00:37, 240.03it/s]
Convert + check images:  10%|▉         | 958/10000 [00:04<00:36, 249.11it/s]
Convert + check images:  10%|▉         | 984/10000 [00:04<00:36, 249.31it/s]
Convert + check images:  10%|█         | 1011/10000 [00:04<00:35, 250.63it/s]
Convert + check images:  10%|█         | 1037/10000 [00:04<00:41, 218.25it/s]
Convert + check images:  11%|█         | 1065/10000 [00:04<00:39, 228.79it/s]
Convert + check images:  11%|█         | 1099/10000 [00:04<00:34, 257.11it/s]
Convert + check images:  11%|█▏        | 1127/10000 [00:04<00:34, 260.68it/s]
Convert + check images:  12%|█▏        | 1154/10000 [00:04<00:33, 262.90it/s]
Convert + check images:  12%|█▏        | 1181/10000 [00:05<00:33, 263.92it/s]
Convert + check images:  12%|█▏        | 1208/10000 [00:05<00:33, 259.37it/s]
Convert + check images:  12%|█▏        | 1235/10000 [00:05<00:33, 261.30it/s]
Convert + check images:  13%|█▎        | 1262/10000 [00:05<00:36, 237.48it/s]
Convert + check images:  13%|█▎        | 1290/10000 [00:05<00:34, 249.00it/s]
Convert + check images:  13%|█▎        | 1316/10000 [00:05<00:55, 156.80it/s]
Convert + check images:  13%|█▎        | 1340/10000 [00:05<00:49, 173.34it/s]
Convert + check images:  14%|█▎        | 1367/10000 [00:06<00:44, 194.69it/s]
Convert + check images:  14%|█▍        | 1391/10000 [00:06<00:45, 187.35it/s]
Convert + check images:  14%|█▍        | 1414/10000 [00:06<00:44, 194.07it/s]
Convert + check images:  14%|█▍        | 1436/10000 [00:06<00:48, 177.95it/s]
Convert + check images:  15%|█▍        | 1460/10000 [00:06<00:45, 189.07it/s]
Convert + check images:  15%|█▍        | 1481/10000 [00:06<00:49, 170.72it/s]
Convert + check images:  15%|█▌        | 1509/10000 [00:06<00:45, 188.54it/s]
Convert + check images:  15%|█▌        | 1529/10000 [00:06<00:44, 188.65it/s]
Convert + check images:  15%|█▌        | 1549/10000 [00:07<00:44, 187.82it/s]
Convert + check images:  16%|█▌        | 1575/10000 [00:07<00:40, 206.18it/s]
Convert + check images:  16%|█▌        | 1601/10000 [00:07<00:38, 219.60it/s]
Convert + check images:  16%|█▋        | 1625/10000 [00:07<00:38, 218.43it/s]
Convert + check images:  16%|█▋        | 1648/10000 [00:07<00:40, 204.97it/s]
Convert + check images:  17%|█▋        | 1676/10000 [00:07<00:37, 222.61it/s]
Convert + check images:  17%|█▋        | 1702/10000 [00:07<00:35, 232.46it/s]
Convert + check images:  17%|█▋        | 1727/10000 [00:07<00:35, 233.47it/s]
Convert + check images:  18%|█▊        | 1755/10000 [00:07<00:33, 246.21it/s]
Convert + check images:  18%|█▊        | 1780/10000 [00:07<00:34, 236.69it/s]
Convert + check images:  18%|█▊        | 1806/10000 [00:08<00:34, 239.55it/s]
Convert + check images:  18%|█▊        | 1831/10000 [00:08<00:33, 240.90it/s]
Convert + check images:  19%|█▊        | 1856/10000 [00:08<00:33, 243.43it/s]
Convert + check images:  19%|█▉        | 1881/10000 [00:08<00:35, 229.05it/s]
Convert + check images:  19%|█▉        | 1907/10000 [00:08<00:34, 235.12it/s]
Convert + check images:  19%|█▉        | 1931/10000 [00:08<00:35, 228.05it/s]
Convert + check images:  20%|█▉        | 1955/10000 [00:08<00:34, 230.96it/s]
Convert + check images:  20%|█▉        | 1984/10000 [00:08<00:33, 238.10it/s]
Convert + check images:  20%|██        | 2008/10000 [00:08<00:33, 238.15it/s]
Convert + check images:  20%|██        | 2035/10000 [00:09<00:32, 244.09it/s]
Convert + check images:  21%|██        | 2060/10000 [00:09<00:33, 239.64it/s]
Convert + check images:  21%|██        | 2084/10000 [00:09<00:33, 233.14it/s]
Convert + check images:  21%|██        | 2108/10000 [00:09<00:34, 229.39it/s]
Convert + check images:  21%|██▏       | 2132/10000 [00:09<00:34, 230.54it/s]
Convert + check images:  22%|██▏       | 2162/10000 [00:09<00:31, 249.37it/s]
Convert + check images:  22%|██▏       | 2188/10000 [00:09<00:31, 246.12it/s]
Convert + check images:  22%|██▏       | 2213/10000 [00:09<00:37, 207.29it/s]
Convert + check images:  22%|██▏       | 2236/10000 [00:09<00:36, 212.04it/s]
Convert + check images:  23%|██▎       | 2261/10000 [00:10<00:35, 220.14it/s]
Convert + check images:  23%|██▎       | 2284/10000 [00:10<00:34, 221.62it/s]
Convert + check images:  23%|██▎       | 2307/10000 [00:10<00:34, 221.72it/s]
Convert + check images:  23%|██▎       | 2331/10000 [00:10<00:33, 226.89it/s]
Convert + check images:  24%|██▎       | 2354/10000 [00:10<00:33, 226.55it/s]
Convert + check images:  24%|██▍       | 2380/10000 [00:10<00:32, 233.09it/s]
Convert + check images:  24%|██▍       | 2404/10000 [00:10<00:33, 229.76it/s]
Convert + check images:  24%|██▍       | 2428/10000 [00:10<00:33, 224.42it/s]
Convert + check images:  25%|██▍       | 2456/10000 [00:10<00:31, 237.10it/s]
Convert + check images:  25%|██▍       | 2482/10000 [00:11<00:31, 238.26it/s]
Convert + check images:  25%|██▌       | 2506/10000 [00:11<00:33, 224.72it/s]
Convert + check images:  25%|██▌       | 2530/10000 [00:11<00:32, 227.70it/s]
Convert + check images:  26%|██▌       | 2554/10000 [00:11<00:32, 228.55it/s]
Convert + check images:  26%|██▌       | 2578/10000 [00:11<00:32, 231.26it/s]
Convert + check images:  26%|██▌       | 2602/10000 [00:11<00:31, 232.31it/s]
Convert + check images:  26%|██▋       | 2626/10000 [00:11<00:31, 234.45it/s]
Convert + check images:  27%|██▋       | 2655/10000 [00:11<00:29, 246.78it/s]
Convert + check images:  27%|██▋       | 2685/10000 [00:11<00:28, 260.95it/s]
Convert + check images:  27%|██▋       | 2714/10000 [00:11<00:27, 260.60it/s]
Convert + check images:  27%|██▋       | 2741/10000 [00:12<00:28, 256.56it/s]
Convert + check images:  28%|██▊       | 2767/10000 [00:12<00:29, 249.01it/s]
Convert + check images:  28%|██▊       | 2792/10000 [00:12<00:28, 248.87it/s]
Convert + check images:  28%|██▊       | 2822/10000 [00:12<00:27, 262.58it/s]
Convert + check images:  28%|██▊       | 2849/10000 [00:12<00:27, 259.40it/s]
Convert + check images:  29%|██▉       | 2877/10000 [00:12<00:27, 261.79it/s]
Convert + check images:  29%|██▉       | 2904/10000 [00:12<00:27, 260.47it/s]
Convert + check images:  29%|██▉       | 2931/10000 [00:12<00:26, 262.18it/s]
Convert + check images:  30%|██▉       | 2964/10000 [00:12<00:25, 279.90it/s]
Convert + check images:  30%|██▉       | 2993/10000 [00:13<00:27, 259.31it/s]
Convert + check images:  30%|███       | 3020/10000 [00:13<00:28, 245.64it/s]
Convert + check images:  30%|███       | 3046/10000 [00:13<00:28, 245.92it/s]
Convert + check images:  31%|███       | 3072/10000 [00:13<00:27, 249.42it/s]
Convert + check images:  31%|███       | 3098/10000 [00:13<00:27, 251.36it/s]
Convert + check images:  31%|███▏      | 3127/10000 [00:13<00:26, 259.79it/s]
Convert + check images:  32%|███▏      | 3154/10000 [00:13<00:26, 255.55it/s]
Convert + check images:  32%|███▏      | 3180/10000 [00:13<00:26, 256.44it/s]
Convert + check images:  32%|███▏      | 3207/10000 [00:13<00:26, 251.67it/s]
Convert + check images:  32%|███▏      | 3233/10000 [00:13<00:26, 253.35it/s]
Convert + check images:  33%|███▎      | 3259/10000 [00:14<00:26, 254.53it/s]
Convert + check images:  33%|███▎      | 3285/10000 [00:14<00:27, 246.57it/s]
Convert + check images:  33%|███▎      | 3314/10000 [00:14<00:25, 257.54it/s]
Convert + check images:  33%|███▎      | 3340/10000 [00:14<00:27, 243.84it/s]
Convert + check images:  34%|███▎      | 3365/10000 [00:14<00:27, 245.00it/s]
Convert + check images:  34%|███▍      | 3390/10000 [00:14<00:26, 245.46it/s]
Convert + check images:  34%|███▍      | 3415/10000 [00:14<00:27, 240.16it/s]
Convert + check images:  34%|███▍      | 3440/10000 [00:14<00:27, 236.94it/s]
Convert + check images:  35%|███▍      | 3466/10000 [00:14<00:26, 242.67it/s]
Convert + check images:  35%|███▍      | 3497/10000 [00:15<00:25, 256.52it/s]
Convert + check images:  35%|███▌      | 3523/10000 [00:15<00:25, 249.71it/s]
Convert + check images:  35%|███▌      | 3549/10000 [00:15<00:25, 248.14it/s]
Convert + check images:  36%|███▌      | 3580/10000 [00:15<00:24, 264.99it/s]
Convert + check images:  36%|███▌      | 3607/10000 [00:15<00:26, 242.30it/s]
Convert + check images:  36%|███▋      | 3632/10000 [00:15<00:27, 233.92it/s]
Convert + check images:  37%|███▋      | 3657/10000 [00:15<00:26, 236.64it/s]
Convert + check images:  37%|███▋      | 3682/10000 [00:15<00:26, 237.01it/s]
Convert + check images:  37%|███▋      | 3710/10000 [00:15<00:25, 245.70it/s]
Convert + check images:  37%|███▋      | 3735/10000 [00:16<00:25, 242.68it/s]
Convert + check images:  38%|███▊      | 3764/10000 [00:16<00:24, 253.74it/s]
Convert + check images:  38%|███▊      | 3791/10000 [00:16<00:24, 257.84it/s]
Convert + check images:  38%|███▊      | 3820/10000 [00:16<00:23, 266.91it/s]
Convert + check images:  38%|███▊      | 3847/10000 [00:16<00:23, 267.18it/s]
Convert + check images:  39%|███▊      | 3874/10000 [00:16<00:22, 267.62it/s]
Convert + check images:  39%|███▉      | 3906/10000 [00:16<00:21, 280.73it/s]
Convert + check images:  39%|███▉      | 3935/10000 [00:16<00:22, 266.03it/s]
Convert + check images:  40%|███▉      | 3962/10000 [00:16<00:24, 251.28it/s]
Convert + check images:  40%|███▉      | 3996/10000 [00:17<00:21, 275.59it/s]
Convert + check images:  40%|████      | 4024/10000 [00:17<00:23, 257.99it/s]
Convert + check images:  41%|████      | 4051/10000 [00:17<00:24, 245.21it/s]
Convert + check images:  41%|████      | 4076/10000 [00:17<00:24, 246.43it/s]
Convert + check images:  41%|████      | 4103/10000 [00:17<00:23, 250.28it/s]
Convert + check images:  41%|████▏     | 4132/10000 [00:17<00:22, 260.30it/s]
Convert + check images:  42%|████▏     | 4159/10000 [00:17<00:24, 237.02it/s]
Convert + check images:  42%|████▏     | 4184/10000 [00:17<00:26, 223.20it/s]
Convert + check images:  42%|████▏     | 4207/10000 [00:17<00:26, 216.40it/s]
Convert + check images:  42%|████▏     | 4237/10000 [00:18<00:24, 234.61it/s]
Convert + check images:  43%|████▎     | 4261/10000 [00:18<00:25, 225.32it/s]
Convert + check images:  43%|████▎     | 4291/10000 [00:18<00:23, 245.45it/s]
Convert + check images:  43%|████▎     | 4325/10000 [00:18<00:21, 267.24it/s]
Convert + check images:  44%|████▎     | 4353/10000 [00:18<00:20, 269.33it/s]
Convert + check images:  44%|████▍     | 4381/10000 [00:18<00:21, 266.42it/s]
Convert + check images:  44%|████▍     | 4413/10000 [00:18<00:20, 279.11it/s]
Convert + check images:  44%|████▍     | 4442/10000 [00:18<00:20, 270.10it/s]
Convert + check images:  45%|████▍     | 4470/10000 [00:18<00:21, 258.24it/s]
Convert + check images:  45%|████▍     | 4497/10000 [00:19<00:21, 251.24it/s]
Convert + check images:  45%|████▌     | 4523/10000 [00:19<00:21, 250.30it/s]
Convert + check images:  45%|████▌     | 4549/10000 [00:19<00:23, 235.45it/s]
Convert + check images:  46%|████▌     | 4576/10000 [00:19<00:22, 241.46it/s]
Convert + check images:  46%|████▌     | 4602/10000 [00:19<00:22, 243.67it/s]
Convert + check images:  46%|████▋     | 4627/10000 [00:19<00:21, 245.30it/s]
Convert + check images:  47%|████▋     | 4652/10000 [00:19<00:22, 242.10it/s]
Convert + check images:  47%|████▋     | 4680/10000 [00:19<00:21, 251.67it/s]
Convert + check images:  47%|████▋     | 4706/10000 [00:19<00:21, 244.96it/s]
Convert + check images:  47%|████▋     | 4731/10000 [00:19<00:21, 245.43it/s]
Convert + check images:  48%|████▊     | 4756/10000 [00:20<00:22, 235.80it/s]
Convert + check images:  48%|████▊     | 4782/10000 [00:20<00:21, 242.35it/s]
Convert + check images:  48%|████▊     | 4808/10000 [00:20<00:21, 246.18it/s]
Convert + check images:  48%|████▊     | 4838/10000 [00:20<00:20, 251.93it/s]
Convert + check images:  49%|████▊     | 4864/10000 [00:20<00:20, 250.10it/s]
Convert + check images:  49%|████▉     | 4892/10000 [00:20<00:20, 248.88it/s]
Convert + check images:  49%|████▉     | 4920/10000 [00:20<00:19, 254.85it/s]
Convert + check images:  49%|████▉     | 4948/10000 [00:20<00:19, 259.14it/s]
Convert + check images:  50%|████▉     | 4974/10000 [00:20<00:19, 251.72it/s]
Convert + check images:  50%|█████     | 5005/10000 [00:21<00:19, 258.64it/s]
Convert + check images:  50%|█████     | 5031/10000 [00:21<00:19, 255.91it/s]
Convert + check images:  51%|█████     | 5060/10000 [00:21<00:18, 261.17it/s]
Convert + check images:  51%|█████     | 5087/10000 [00:21<00:19, 254.98it/s]
Convert + check images:  51%|█████     | 5119/10000 [00:21<00:18, 265.24it/s]
Convert + check images:  51%|█████▏    | 5146/10000 [00:21<00:18, 258.41it/s]
Convert + check images:  52%|█████▏    | 5173/10000 [00:21<00:18, 256.98it/s]
Convert + check images:  52%|█████▏    | 5199/10000 [00:21<00:19, 248.12it/s]
Convert + check images:  52%|█████▏    | 5225/10000 [00:21<00:19, 250.56it/s]
Convert + check images:  53%|█████▎    | 5251/10000 [00:22<00:19, 248.22it/s]
Convert + check images:  53%|█████▎    | 5277/10000 [00:22<00:18, 251.22it/s]
Convert + check images:  53%|█████▎    | 5304/10000 [00:22<00:18, 255.00it/s]
Convert + check images:  53%|█████▎    | 5333/10000 [00:22<00:17, 262.93it/s]
Convert + check images:  54%|█████▎    | 5360/10000 [00:22<00:17, 261.27it/s]
Convert + check images:  54%|█████▍    | 5387/10000 [00:22<00:18, 250.60it/s]
Convert + check images:  54%|█████▍    | 5416/10000 [00:22<00:17, 260.13it/s]
Convert + check images:  54%|█████▍    | 5443/10000 [00:22<00:20, 226.79it/s]
Convert + check images:  55%|█████▍    | 5467/10000 [00:22<00:20, 220.44it/s]
Convert + check images:  55%|█████▍    | 5490/10000 [00:23<00:20, 222.36it/s]
Convert + check images:  55%|█████▌    | 5517/10000 [00:23<00:19, 231.59it/s]
Convert + check images:  55%|█████▌    | 5545/10000 [00:23<00:18, 244.98it/s]
Convert + check images:  56%|█████▌    | 5570/10000 [00:23<00:19, 231.46it/s]
Convert + check images:  56%|█████▌    | 5602/10000 [00:23<00:17, 255.06it/s]
Convert + check images:  56%|█████▋    | 5628/10000 [00:23<00:17, 245.59it/s]
Convert + check images:  57%|█████▋    | 5658/10000 [00:23<00:16, 260.00it/s]
Convert + check images:  57%|█████▋    | 5685/10000 [00:23<00:17, 252.75it/s]
Convert + check images:  57%|█████▋    | 5711/10000 [00:23<00:18, 237.38it/s]
Convert + check images:  57%|█████▋    | 5736/10000 [00:24<00:17, 238.51it/s]
Convert + check images:  58%|█████▊    | 5761/10000 [00:24<00:17, 239.67it/s]
Convert + check images:  58%|█████▊    | 5787/10000 [00:24<00:17, 244.64it/s]
Convert + check images:  58%|█████▊    | 5813/10000 [00:24<00:16, 246.78it/s]
Convert + check images:  58%|█████▊    | 5839/10000 [00:24<00:17, 244.61it/s]
Convert + check images:  59%|█████▊    | 5864/10000 [00:24<00:17, 239.44it/s]
Convert + check images:  59%|█████▉    | 5889/10000 [00:24<00:17, 238.33it/s]
Convert + check images:  59%|█████▉    | 5919/10000 [00:24<00:15, 255.67it/s]
Convert + check images:  59%|█████▉    | 5947/10000 [00:24<00:15, 260.41it/s]
Convert + check images:  60%|█████▉    | 5977/10000 [00:24<00:15, 266.79it/s]
Convert + check images:  60%|██████    | 6007/10000 [00:25<00:14, 274.26it/s]
Convert + check images:  60%|██████    | 6038/10000 [00:25<00:14, 281.39it/s]
Convert + check images:  61%|██████    | 6067/10000 [00:25<00:13, 283.17it/s]
Convert + check images:  61%|██████    | 6096/10000 [00:25<00:15, 251.30it/s]
Convert + check images:  61%|██████    | 6122/10000 [00:25<00:15, 251.50it/s]
Convert + check images:  61%|██████▏   | 6149/10000 [00:25<00:15, 256.41it/s]
Convert + check images:  62%|██████▏   | 6176/10000 [00:25<00:14, 256.37it/s]
Convert + check images:  62%|██████▏   | 6202/10000 [00:25<00:16, 234.46it/s]
Convert + check images:  62%|██████▏   | 6231/10000 [00:25<00:15, 246.61it/s]
Convert + check images:  63%|██████▎   | 6259/10000 [00:26<00:14, 250.85it/s]
Convert + check images:  63%|██████▎   | 6288/10000 [00:26<00:14, 259.96it/s]
Convert + check images:  63%|██████▎   | 6316/10000 [00:26<00:14, 262.88it/s]
Convert + check images:  63%|██████▎   | 6343/10000 [00:26<00:14, 259.33it/s]
Convert + check images:  64%|██████▎   | 6372/10000 [00:26<00:13, 266.69it/s]
Convert + check images:  64%|██████▍   | 6399/10000 [00:26<00:13, 266.51it/s]
Convert + check images:  64%|██████▍   | 6429/10000 [00:26<00:13, 266.40it/s]
Convert + check images:  65%|██████▍   | 6456/10000 [00:26<00:13, 258.57it/s]
Convert + check images:  65%|██████▍   | 6485/10000 [00:26<00:13, 262.49it/s]
Convert + check images:  65%|██████▌   | 6519/10000 [00:27<00:12, 282.88it/s]
Convert + check images:  65%|██████▌   | 6548/10000 [00:27<00:12, 274.92it/s]
Convert + check images:  66%|██████▌   | 6579/10000 [00:27<00:12, 281.89it/s]
Convert + check images:  66%|██████▌   | 6608/10000 [00:27<00:12, 266.07it/s]
Convert + check images:  66%|██████▋   | 6635/10000 [00:27<00:12, 265.94it/s]
Convert + check images:  67%|██████▋   | 6664/10000 [00:27<00:12, 268.03it/s]
Convert + check images:  67%|██████▋   | 6692/10000 [00:27<00:12, 264.23it/s]
Convert + check images:  67%|██████▋   | 6720/10000 [00:27<00:12, 263.08it/s]
Convert + check images:  67%|██████▋   | 6748/10000 [00:27<00:12, 266.99it/s]
Convert + check images:  68%|██████▊   | 6778/10000 [00:28<00:11, 270.20it/s]
Convert + check images:  68%|██████▊   | 6806/10000 [00:28<00:11, 267.04it/s]
Convert + check images:  68%|██████▊   | 6833/10000 [00:28<00:12, 256.33it/s]
Convert + check images:  69%|██████▊   | 6859/10000 [00:28<00:12, 256.87it/s]
Convert + check images:  69%|██████▉   | 6888/10000 [00:28<00:11, 265.85it/s]
Convert + check images:  69%|██████▉   | 6915/10000 [00:28<00:11, 266.16it/s]
Convert + check images:  69%|██████▉   | 6942/10000 [00:28<00:11, 264.40it/s]
Convert + check images:  70%|██████▉   | 6969/10000 [00:28<00:12, 244.00it/s]
Convert + check images:  70%|███████   | 7002/10000 [00:28<00:11, 265.86it/s]
Convert + check images:  70%|███████   | 7029/10000 [00:29<00:11, 254.89it/s]
Convert + check images:  71%|███████   | 7055/10000 [00:29<00:12, 244.15it/s]
Convert + check images:  71%|███████   | 7083/10000 [00:29<00:11, 251.84it/s]
Convert + check images:  71%|███████   | 7113/10000 [00:29<00:11, 261.77it/s]
Convert + check images:  71%|███████▏  | 7140/10000 [00:29<00:10, 261.71it/s]
Convert + check images:  72%|███████▏  | 7167/10000 [00:29<00:11, 252.54it/s]
Convert + check images:  72%|███████▏  | 7193/10000 [00:29<00:11, 244.50it/s]
Convert + check images:  72%|███████▏  | 7218/10000 [00:29<00:11, 239.25it/s]
Convert + check images:  72%|███████▏  | 7243/10000 [00:29<00:11, 242.04it/s]
Convert + check images:  73%|███████▎  | 7270/10000 [00:29<00:10, 248.23it/s]
Convert + check images:  73%|███████▎  | 7297/10000 [00:30<00:10, 252.14it/s]
Convert + check images:  73%|███████▎  | 7323/10000 [00:30<00:10, 247.80it/s]
Convert + check images:  74%|███████▎  | 7352/10000 [00:30<00:10, 258.06it/s]
Convert + check images:  74%|███████▍  | 7378/10000 [00:30<00:10, 258.41it/s]
Convert + check images:  74%|███████▍  | 7405/10000 [00:30<00:10, 258.03it/s]
Convert + check images:  74%|███████▍  | 7431/10000 [00:30<00:10, 252.54it/s]
Convert + check images:  75%|███████▍  | 7457/10000 [00:30<00:10, 247.83it/s]
Convert + check images:  75%|███████▍  | 7486/10000 [00:30<00:09, 254.10it/s]
Convert + check images:  75%|███████▌  | 7512/10000 [00:30<00:09, 251.74it/s]
Convert + check images:  75%|███████▌  | 7539/10000 [00:31<00:09, 252.96it/s]
Convert + check images:  76%|███████▌  | 7566/10000 [00:31<00:09, 257.12it/s]
Convert + check images:  76%|███████▌  | 7592/10000 [00:31<00:10, 227.82it/s]
Convert + check images:  76%|███████▌  | 7617/10000 [00:31<00:10, 228.75it/s]
Convert + check images:  76%|███████▋  | 7648/10000 [00:31<00:09, 249.38it/s]
Convert + check images:  77%|███████▋  | 7674/10000 [00:31<00:09, 239.03it/s]
Convert + check images:  77%|███████▋  | 7701/10000 [00:31<00:09, 245.26it/s]
Convert + check images:  77%|███████▋  | 7733/10000 [00:31<00:08, 265.68it/s]
Convert + check images:  78%|███████▊  | 7760/10000 [00:31<00:08, 262.74it/s]
Convert + check images:  78%|███████▊  | 7790/10000 [00:32<00:08, 266.28it/s]
Convert + check images:  78%|███████▊  | 7817/10000 [00:32<00:08, 249.56it/s]
Convert + check images:  78%|███████▊  | 7843/10000 [00:32<00:08, 249.99it/s]
Convert + check images:  79%|███████▊  | 7870/10000 [00:32<00:08, 255.44it/s]
Convert + check images:  79%|███████▉  | 7896/10000 [00:32<00:08, 251.62it/s]
Convert + check images:  79%|███████▉  | 7924/10000 [00:32<00:08, 256.82it/s]
Convert + check images:  80%|███████▉  | 7951/10000 [00:32<00:07, 260.08it/s]
Convert + check images:  80%|███████▉  | 7978/10000 [00:32<00:07, 261.14it/s]
Convert + check images:  80%|████████  | 8008/10000 [00:32<00:07, 269.19it/s]
Convert + check images:  80%|████████  | 8035/10000 [00:32<00:07, 260.68it/s]
Convert + check images:  81%|████████  | 8062/10000 [00:33<00:07, 257.75it/s]
Convert + check images:  81%|████████  | 8089/10000 [00:33<00:07, 260.30it/s]
Convert + check images:  81%|████████  | 8116/10000 [00:33<00:07, 243.40it/s]
Convert + check images:  81%|████████▏ | 8142/10000 [00:33<00:07, 244.52it/s]
Convert + check images:  82%|████████▏ | 8167/10000 [00:33<00:07, 243.32it/s]
Convert + check images:  82%|████████▏ | 8193/10000 [00:33<00:07, 244.16it/s]
Convert + check images:  82%|████████▏ | 8218/10000 [00:33<00:07, 231.34it/s]
Convert + check images:  82%|████████▏ | 8245/10000 [00:33<00:07, 241.67it/s]
Convert + check images:  83%|████████▎ | 8275/10000 [00:33<00:06, 253.34it/s]
Convert + check images:  83%|████████▎ | 8305/10000 [00:34<00:06, 263.91it/s]
Convert + check images:  83%|████████▎ | 8332/10000 [00:34<00:06, 253.04it/s]
Convert + check images:  84%|████████▎ | 8358/10000 [00:34<00:06, 240.66it/s]
Convert + check images:  84%|████████▍ | 8386/10000 [00:34<00:06, 243.40it/s]
Convert + check images:  84%|████████▍ | 8411/10000 [00:34<00:06, 235.52it/s]
Convert + check images:  84%|████████▍ | 8435/10000 [00:34<00:06, 231.15it/s]
Convert + check images:  85%|████████▍ | 8464/10000 [00:34<00:06, 241.54it/s]
Convert + check images:  85%|████████▍ | 8490/10000 [00:34<00:06, 245.52it/s]
Convert + check images:  85%|████████▌ | 8518/10000 [00:34<00:05, 251.15it/s]
Convert + check images:  85%|████████▌ | 8545/10000 [00:35<00:05, 252.96it/s]
Convert + check images:  86%|████████▌ | 8571/10000 [00:35<00:05, 245.31it/s]
Convert + check images:  86%|████████▌ | 8597/10000 [00:35<00:05, 247.41it/s]
Convert + check images:  86%|████████▋ | 8627/10000 [00:35<00:05, 253.07it/s]
Convert + check images:  87%|████████▋ | 8654/10000 [00:35<00:05, 252.72it/s]
Convert + check images:  87%|████████▋ | 8680/10000 [00:35<00:05, 250.41it/s]
Convert + check images:  87%|████████▋ | 8711/10000 [00:35<00:04, 264.00it/s]
Convert + check images:  87%|████████▋ | 8738/10000 [00:35<00:04, 261.89it/s]
Convert + check images:  88%|████████▊ | 8765/10000 [00:35<00:05, 236.66it/s]
Convert + check images:  88%|████████▊ | 8790/10000 [00:36<00:05, 207.98it/s]
Convert + check images:  88%|████████▊ | 8820/10000 [00:36<00:05, 226.28it/s]
Convert + check images:  88%|████████▊ | 8844/10000 [00:36<00:05, 227.24it/s]
Convert + check images:  89%|████████▊ | 8871/10000 [00:36<00:04, 236.48it/s]
Convert + check images:  89%|████████▉ | 8896/10000 [00:36<00:04, 226.30it/s]
Convert + check images:  89%|████████▉ | 8923/10000 [00:36<00:04, 236.96it/s]
Convert + check images:  90%|████████▉ | 8951/10000 [00:36<00:04, 247.39it/s]
Convert + check images:  90%|████████▉ | 8981/10000 [00:36<00:03, 259.68it/s]
Convert + check images:  90%|█████████ | 9010/10000 [00:36<00:03, 266.59it/s]
Convert + check images:  90%|█████████ | 9039/10000 [00:37<00:03, 270.89it/s]
Convert + check images:  91%|█████████ | 9067/10000 [00:37<00:03, 261.59it/s]
Convert + check images:  91%|█████████ | 9094/10000 [00:37<00:03, 259.68it/s]
Convert + check images:  91%|█████████ | 9122/10000 [00:37<00:03, 263.44it/s]
Convert + check images:  92%|█████████▏| 9150/10000 [00:37<00:03, 267.29it/s]
Convert + check images:  92%|█████████▏| 9192/10000 [00:37<00:02, 299.84it/s]
Convert + check images:  92%|█████████▏| 9222/10000 [00:37<00:02, 268.91it/s]
Convert + check images:  92%|█████████▎| 9250/10000 [00:37<00:02, 262.94it/s]
Convert + check images:  93%|█████████▎| 9277/10000 [00:37<00:02, 241.63it/s]
Convert + check images:  93%|█████████▎| 9305/10000 [00:38<00:02, 248.63it/s]
Convert + check images:  93%|█████████▎| 9331/10000 [00:38<00:02, 246.12it/s]
Convert + check images:  94%|█████████▎| 9356/10000 [00:38<00:02, 219.79it/s]
Convert + check images:  94%|█████████▍| 9384/10000 [00:38<00:02, 232.68it/s]
Convert + check images:  94%|█████████▍| 9413/10000 [00:38<00:02, 247.67it/s]
Convert + check images:  94%|█████████▍| 9439/10000 [00:38<00:02, 238.69it/s]
Convert + check images:  95%|█████████▍| 9464/10000 [00:38<00:02, 235.41it/s]
Convert + check images:  95%|█████████▍| 9488/10000 [00:38<00:02, 233.23it/s]
Convert + check images:  95%|█████████▌| 9512/10000 [00:39<00:02, 223.23it/s]
Convert + check images:  95%|█████████▌| 9535/10000 [00:39<00:02, 217.67it/s]
Convert + check images:  96%|█████████▌| 9557/10000 [00:39<00:02, 212.67it/s]
Convert + check images:  96%|█████████▌| 9580/10000 [00:39<00:01, 212.93it/s]
Convert + check images:  96%|█████████▌| 9603/10000 [00:39<00:01, 217.41it/s]
Convert + check images:  96%|█████████▋| 9631/10000 [00:39<00:01, 233.82it/s]
Convert + check images:  97%|█████████▋| 9656/10000 [00:39<00:01, 234.12it/s]
Convert + check images:  97%|█████████▋| 9680/10000 [00:39<00:01, 232.57it/s]
Convert + check images:  97%|█████████▋| 9704/10000 [00:39<00:01, 221.10it/s]
Convert + check images:  97%|█████████▋| 9727/10000 [00:39<00:01, 220.72it/s]
Convert + check images:  98%|█████████▊| 9754/10000 [00:40<00:01, 233.95it/s]
Convert + check images:  98%|█████████▊| 9778/10000 [00:40<00:00, 233.81it/s]
Convert + check images:  98%|█████████▊| 9803/10000 [00:40<00:00, 233.58it/s]
Convert + check images:  98%|█████████▊| 9827/10000 [00:40<00:00, 235.03it/s]
Convert + check images:  99%|█████████▊| 9853/10000 [00:40<00:00, 233.07it/s]
Convert + check images:  99%|█████████▉| 9877/10000 [00:40<00:00, 230.07it/s]
Convert + check images:  99%|█████████▉| 9903/10000 [00:40<00:00, 233.48it/s]
Convert + check images:  99%|█████████▉| 9929/10000 [00:40<00:00, 240.46it/s]
Convert + check images: 100%|█████████▉| 9957/10000 [00:40<00:00, 247.63it/s]
Convert + check images: 100%|█████████▉| 9984/10000 [00:41<00:00, 244.17it/s]
Convert + check images: 100%|██████████| 10000/10000 [00:41<00:00, 243.18it/s]
