LABELS train 10000/70000
LABELS train 20000/70000
LABELS train 30000/70000
LABELS train 40000/70000
LABELS train 50000/70000
LABELS train 60000/70000
LABELS train 70000/70000
LABELS val 10000/10000
{
  "train": {
    "frames": 70000,
    "empty_images": 0,
    "box_counts": {
      "traffic light": 186301,
      "traffic sign": 239961,
      "car": 714121,
      "pedestrian": 91435,
      "bus": 11688,
      "truck": 30012,
      "rider": 4522,
      "bicycle": 7227,
      "motorcycle": 3002,
      "train": 136
    },
    "non_box_objects_excluded": 654799,
    "single_pixel_dimension_boxes": [
      {
        "file": "100k/train/007aeb45-f9f5ac8c.json",
        "label_id": 32,
        "box": {
          "x1": 300.606818,
          "y1": 521.437142,
          "x2": 320.856806,
          "y2": 521.437142
        }
      },
      {
        "file": "100k/train/00d15d58-9197cde5.json",
        "label_id": 16,
        "box": {
          "x1": 653.877854,
          "y1": 432.000194,
          "x2": 670.408475,
          "y2": 432.000194
        }
      },
      {
        "file": "100k/train/01853f47-6975b587.json",
        "label_id": 23,
        "box": {
          "x1": 506.481678,
          "y1": 406.012223,
          "x2": 519.981669,
          "y2": 406.012223
        }
      },
      {
        "file": "100k/train/024b275b-33674b72.json",
        "label_id": 49,
        "box": {
          "x1": 219.791281,
          "y1": 468.084379,
          "x2": 219.791281,
          "y2": 480.072995
        }
      },
      {
        "file": "100k/train/025f49ef-0f6366f3.json",
        "label_id": 13,
        "box": {
          "x1": 709.539767,
          "y1": 385.207243,
          "x2": 722.513068,
          "y2": 385.207243
        }
      },
      {
        "file": "100k/train/029ad1d1-8c9b02b1.json",
        "label_id": 11,
        "box": {
          "x1": 601.417449,
          "y1": 413.006588,
          "x2": 638.850071,
          "y2": 413.006588
        }
      },
      {
        "file": "100k/train/02e98692-41d62ff5.json",
        "label_id": 5,
        "box": {
          "x1": 621.381512,
          "y1": 626.372529,
          "x2": 631.363547,
          "y2": 626.372529
        }
      },
      {
        "file": "100k/train/0309d328-edcdbab5.json",
        "label_id": 1,
        "box": {
          "x1": 773.106496,
          "y1": 347.962255,
          "x2": 786.606485,
          "y2": 347.962255
        }
      },
      {
        "file": "100k/train/03f8899f-569acc1a.json",
        "label_id": 8,
        "box": {
          "x1": 778.398058,
          "y1": 294.394137,
          "x2": 778.398058,
          "y2": 303.375652
        }
      },
      {
        "file": "100k/train/04095551-efe2622a.json",
        "label_id": 4,
        "box": {
          "x1": 477.205452,
          "y1": 121.268501,
          "x2": 492.479729,
          "y2": 121.268501
        }
      },
      {
        "file": "100k/train/047671d6-83485ddb.json",
        "label_id": 45,
        "box": {
          "x1": 423.900851,
          "y1": 179.749569,
          "x2": 433.694307,
          "y2": 179.749569
        }
      },
      {
        "file": "100k/train/0570f82d-5376271e.json",
        "label_id": 27,
        "box": {
          "x1": 918.608539,
          "y1": 491.167621,
          "x2": 918.608539,
          "y2": 499.977289
        }
      },
      {
        "file": "100k/train/07075bd4-07406294.json",
        "label_id": 3,
        "box": {
          "x1": 904.45916,
          "y1": 435.344385,
          "x2": 913.268828,
          "y2": 435.344385
        }
      },
      {
        "file": "100k/train/094f8e7d-6ce79636.json",
        "label_id": 27,
        "box": {
          "x1": 721.576254,
          "y1": 338.899006,
          "x2": 1160.889807,
          "y2": 338.899006
        }
      },
      {
        "file": "100k/train/098cb40b-d772f705.json",
        "label_id": 1,
        "box": {
          "x1": 403.336494,
          "y1": 252.670195,
          "x2": 413.318528,
          "y2": 252.670195
        }
      },
      {
        "file": "100k/train/0a70b8c5-8c3ef863.json",
        "label_id": 5,
        "box": {
          "x1": 428.85673,
          "y1": 232.87484,
          "x2": 428.85673,
          "y2": 246.374832
        }
      },
      {
        "file": "100k/train/0a851459-1da95e63.json",
        "label_id": 20,
        "box": {
          "x1": 514.074666,
          "y1": 499.101618,
          "x2": 529.047712,
          "y2": 499.101618
        }
      },
      {
        "file": "100k/train/0acec6f7-40ab585c.json",
        "label_id": 35,
        "box": {
          "x1": 290.295237,
          "y1": 145.303736,
          "x2": 290.295237,
          "y2": 157.455629
        }
      },
      {
        "file": "100k/train/0bd143f9-c7d0cfdd.json",
        "label_id": 19,
        "box": {
          "x1": 141.757441,
          "y1": 135.289433,
          "x2": 149.842466,
          "y2": 135.289433
        }
      },
      {
        "file": "100k/train/0bf1c902-ee543be5.json",
        "label_id": 25,
        "box": {
          "x1": 626.510486,
          "y1": 534.490035,
          "x2": 626.510486,
          "y2": 557.632903
        }
      },
      {
        "file": "100k/train/0c140522-681c508d.json",
        "label_id": 27,
        "box": {
          "x1": 139.484719,
          "y1": 296.542318,
          "x2": 152.664378,
          "y2": 296.542318
        }
      },
      {
        "file": "100k/train/0c5089c9-3d8afad9.json",
        "label_id": 6,
        "box": {
          "x1": 700.097442,
          "y1": 229.160257,
          "x2": 711.684196,
          "y2": 229.160257
        }
      },
      {
        "file": "100k/train/0c665e73-cd1db64b.json",
        "label_id": 49,
        "box": {
          "x1": 804.610361,
          "y1": 209.784342,
          "x2": 804.610361,
          "y2": 230.762776
        }
      },
      {
        "file": "100k/train/0c7c9049-172ccd0f.json",
        "label_id": 17,
        "box": {
          "x1": 650.231674,
          "y1": 497.199314,
          "x2": 657.549951,
          "y2": 497.199314
        }
      },
      {
        "file": "100k/train/0c8b070e-10eef439.json",
        "label_id": 25,
        "box": {
          "x1": 928.604195,
          "y1": 517.48638,
          "x2": 945.244677,
          "y2": 517.48638
        }
      },
      {
        "file": "100k/train/0cd03801-6a226ab9.json",
        "label_id": 23,
        "box": {
          "x1": 534.03873,
          "y1": 520.313435,
          "x2": 546.516271,
          "y2": 520.313435
        }
      },
      {
        "file": "100k/train/0d151623-8729f4ec.json",
        "label_id": 27,
        "box": {
          "x1": 525.243684,
          "y1": 658.204909,
          "x2": 545.142902,
          "y2": 658.204909
        }
      },
      {
        "file": "100k/train/0d3a8582-d018e1f6.json",
        "label_id": 20,
        "box": {
          "x1": 275.776205,
          "y1": 464.377644,
          "x2": 292.741288,
          "y2": 464.377644
        }
      },
      {
        "file": "100k/train/0d9712e9-fbd0f8eb.json",
        "label_id": 25,
        "box": {
          "x1": 164.747523,
          "y1": 332.787545,
          "x2": 164.747523,
          "y2": 341.797975
        }
      },
      {
        "file": "100k/train/0dba4072-d32e04d0.json",
        "label_id": 5,
        "box": {
          "x1": 226.799921,
          "y1": 523.799817,
          "x2": 240.299916,
          "y2": 523.799817
        }
      },
      {
        "file": "100k/train/0e33b229-013662d9.json",
        "label_id": 40,
        "box": {
          "x1": 726.192852,
          "y1": 275.753644,
          "x2": 746.156917,
          "y2": 275.753644
        }
      },
      {
        "file": "100k/train/0e5ec65d-55885a2d.json",
        "label_id": 10,
        "box": {
          "x1": 504.887632,
          "y1": 504.362985,
          "x2": 515.905272,
          "y2": 504.362985
        }
      },
      {
        "file": "100k/train/0e78c3ba-f603fddd.json",
        "label_id": 13,
        "box": {
          "x1": 468.498838,
          "y1": 285.407339,
          "x2": 554.659546,
          "y2": 285.407339
        }
      },
      {
        "file": "100k/train/0e78c3ba-f603fddd.json",
        "label_id": 14,
        "box": {
          "x1": 527.734322,
          "y1": 312.332559,
          "x2": 608.509985,
          "y2": 312.332559
        }
      },
      {
        "file": "100k/train/0ead45b1-cc3c9a49.json",
        "label_id": 11,
        "box": {
          "x1": 1096.935079,
          "y1": 522.231051,
          "x2": 1096.935079,
          "y2": 532.225904
        }
      },
      {
        "file": "100k/train/0ee5f306-ce195427.json",
        "label_id": 12,
        "box": {
          "x1": 348.857286,
          "y1": 538.427535,
          "x2": 357.673616,
          "y2": 538.427535
        }
      },
      {
        "file": "100k/train/0f2c8ad9-ea740728.json",
        "label_id": 1,
        "box": {
          "x1": 219.162392,
          "y1": 547.503523,
          "x2": 328.960296,
          "y2": 547.503523
        }
      },
      {
        "file": "100k/train/0f442be6-8a323c27.json",
        "label_id": 1,
        "box": {
          "x1": 260.796594,
          "y1": 536.347582,
          "x2": 260.796594,
          "y2": 544.331152
        }
      },
      {
        "file": "100k/train/106b57e4-a9cc6de7.json",
        "label_id": 16,
        "box": {
          "x1": 442.581634,
          "y1": 557.903664,
          "x2": 456.809677,
          "y2": 557.903664
        }
      },
      {
        "file": "100k/train/11d03216-6317db9e.json",
        "label_id": 25,
        "box": {
          "x1": 145.973158,
          "y1": 293.869549,
          "x2": 159.435769,
          "y2": 293.869549
        }
      },
      {
        "file": "100k/train/121213f4-8f1700b5.json",
        "label_id": 7,
        "box": {
          "x1": 703.305093,
          "y1": 310.785489,
          "x2": 709.178204,
          "y2": 310.785489
        }
      },
      {
        "file": "100k/train/126956a8-513d04c2.json",
        "label_id": 2,
        "box": {
          "x1": 728.785846,
          "y1": 479.439228,
          "x2": 736.772694,
          "y2": 479.439228
        }
      },
      {
        "file": "100k/train/134b1055-ab8226f8.json",
        "label_id": 30,
        "box": {
          "x1": 736.776477,
          "y1": 547.051016,
          "x2": 776.704607,
          "y2": 547.051016
        }
      },
      {
        "file": "100k/train/138bcb6c-90a3bc06.json",
        "label_id": 27,
        "box": {
          "x1": 523.707798,
          "y1": 341.473277,
          "x2": 535.689318,
          "y2": 341.473277
        }
      },
      {
        "file": "100k/train/1393894e-c421dad2.json",
        "label_id": 19,
        "box": {
          "x1": 1067.498409,
          "y1": 669.225629,
          "x2": 1077.084207,
          "y2": 669.225629
        }
      },
      {
        "file": "100k/train/13b306b9-5607ee3d.json",
        "label_id": 9,
        "box": {
          "x1": 446.126371,
          "y1": 558.049297,
          "x2": 454.942701,
          "y2": 558.049297
        }
      },
      {
        "file": "100k/train/13f868fc-02ad5206.json",
        "label_id": 20,
        "box": {
          "x1": 673.347241,
          "y1": 610.530886,
          "x2": 686.571737,
          "y2": 610.530886
        }
      },
      {
        "file": "100k/train/14020ffa-5b61de09.json",
        "label_id": 10,
        "box": {
          "x1": 884.076618,
          "y1": 358.912365,
          "x2": 891.907433,
          "y2": 358.912365
        }
      },
      {
        "file": "100k/train/149176bb-32ca4b1b.json",
        "label_id": 0,
        "box": {
          "x1": 391.06786,
          "y1": 542.558874,
          "x2": 391.06786,
          "y2": 554.843226
        }
      },
      {
        "file": "100k/train/150dd10e-be09713c.json",
        "label_id": 23,
        "box": {
          "x1": 217.869754,
          "y1": 514.720859,
          "x2": 231.855378,
          "y2": 514.720859
        }
      },
      {
        "file": "100k/train/15377521-644e0348.json",
        "label_id": 11,
        "box": {
          "x1": 475.700035,
          "y1": 380.934411,
          "x2": 486.500033,
          "y2": 380.934411
        }
      },
      {
        "file": "100k/train/15ae7b39-b1b74a10.json",
        "label_id": 7,
        "box": {
          "x1": 202.90479,
          "y1": 492.369762,
          "x2": 207.39555,
          "y2": 492.369762
        }
      },
      {
        "file": "100k/train/162995f1-0e43ba5e.json",
        "label_id": 9,
        "box": {
          "x1": 810.635294,
          "y1": 446.726766,
          "x2": 817.95357,
          "y2": 446.726766
        }
      },
      {
        "file": "100k/train/162995f1-0e43ba5e.json",
        "label_id": 14,
        "box": {
          "x1": 537.228076,
          "y1": 450.406698,
          "x2": 537.228076,
          "y2": 460.386166
        }
      },
      {
        "file": "100k/train/176348dc-1dd4779c.json",
        "label_id": 14,
        "box": {
          "x1": 1096.031258,
          "y1": 388.264884,
          "x2": 1117.021277,
          "y2": 388.264884
        }
      },
      {
        "file": "100k/train/177bceb5-468c8116.json",
        "label_id": 4,
        "box": {
          "x1": 446.211327,
          "y1": 529.897781,
          "x2": 454.997767,
          "y2": 529.897781
        }
      },
      {
        "file": "100k/train/17ed74cb-8d3df3ea.json",
        "label_id": 15,
        "box": {
          "x1": 1150.189458,
          "y1": 529.172643,
          "x2": 1150.189458,
          "y2": 538.14997
        }
      },
      {
        "file": "100k/train/1812c350-cc47cd78.json",
        "label_id": 3,
        "box": {
          "x1": 400.839854,
          "y1": 572.628364,
          "x2": 408.181244,
          "y2": 572.628364
        }
      },
      {
        "file": "100k/train/1861ecd9-d2be3118.json",
        "label_id": 12,
        "box": {
          "x1": 988.171661,
          "y1": 552.4321,
          "x2": 1002.157283,
          "y2": 552.4321
        }
      },
      {
        "file": "100k/train/18d5e663-a0f97139.json",
        "label_id": 11,
        "box": {
          "x1": 427.302747,
          "y1": 548.15535,
          "x2": 546.323207,
          "y2": 548.15535
        }
      },
      {
        "file": "100k/train/1971cbf3-a25b0310.json",
        "label_id": 1,
        "box": {
          "x1": 122.279896,
          "y1": 297.215009,
          "x2": 132.261929,
          "y2": 297.215009
        }
      },
      {
        "file": "100k/train/19e19f18-f4b8a4e5.json",
        "label_id": 3,
        "box": {
          "x1": 380.319052,
          "y1": 372.113489,
          "x2": 392.603404,
          "y2": 372.113489
        }
      },
      {
        "file": "100k/train/1ac141cf-7c4ac16f.json",
        "label_id": 15,
        "box": {
          "x1": 297.894078,
          "y1": 526.406289,
          "x2": 297.894078,
          "y2": 533.013538
        }
      },
      {
        "file": "100k/train/1b8f494a-cd5185ec.json",
        "label_id": 31,
        "box": {
          "x1": 693.999478,
          "y1": 544.769342,
          "x2": 699.508295,
          "y2": 544.769342
        }
      },
      {
        "file": "100k/train/1be30f36-d6303ceb.json",
        "label_id": 6,
        "box": {
          "x1": 709.539767,
          "y1": 341.29761,
          "x2": 709.539767,
          "y2": 359.260642
        }
      },
      {
        "file": "100k/train/1c20ca7a-b710bbdb.json",
        "label_id": 6,
        "box": {
          "x1": 550.366925,
          "y1": 446.443579,
          "x2": 556.513962,
          "y2": 446.443579
        }
      },
      {
        "file": "100k/train/1c70b4f2-eb00f092.json",
        "label_id": 12,
        "box": {
          "x1": 600.171706,
          "y1": 482.253283,
          "x2": 611.192119,
          "y2": 482.253283
        }
      },
      {
        "file": "100k/train/1caed018-666cb4bc.json",
        "label_id": 14,
        "box": {
          "x1": 1055.461251,
          "y1": 382.048909,
          "x2": 1082.31208,
          "y2": 382.048909
        }
      },
      {
        "file": "100k/train/1d1b0182-64e5b103.json",
        "label_id": 18,
        "box": {
          "x1": 410.826966,
          "y1": 422.864926,
          "x2": 421.072028,
          "y2": 422.864926
        }
      },
      {
        "file": "100k/train/1d3267d3-d7402915.json",
        "label_id": 0,
        "box": {
          "x1": 415.433819,
          "y1": 281.715201,
          "x2": 427.515174,
          "y2": 281.715201
        }
      },
      {
        "file": "100k/train/1d801775-867a8fc6.json",
        "label_id": 30,
        "box": {
          "x1": 546.673612,
          "y1": 451.865317,
          "x2": 558.919285,
          "y2": 451.865317
        }
      },
      {
        "file": "100k/train/1de6d5ff-8aba6383.json",
        "label_id": 22,
        "box": {
          "x1": 580.262269,
          "y1": 94.262013,
          "x2": 591.279907,
          "y2": 94.262013
        }
      },
      {
        "file": "100k/train/1e9ffa51-fe1ea9be.json",
        "label_id": 10,
        "box": {
          "x1": 269.542934,
          "y1": 604.512741,
          "x2": 284.822257,
          "y2": 604.512741
        }
      },
      {
        "file": "100k/train/1f6c987d-75076c41.json",
        "label_id": 15,
        "box": {
          "x1": 566.480336,
          "y1": 545.268518,
          "x2": 577.710123,
          "y2": 545.268518
        }
      },
      {
        "file": "100k/train/1f8f289b-3ae59c8a.json",
        "label_id": 6,
        "box": {
          "x1": 808.72993,
          "y1": 331.688074,
          "x2": 818.614675,
          "y2": 331.688074
        }
      },
      {
        "file": "100k/train/203fb7bc-cbb4be86.json",
        "label_id": 10,
        "box": {
          "x1": 48.294077,
          "y1": 540.444422,
          "x2": 62.2797,
          "y2": 540.444422
        }
      },
      {
        "file": "100k/train/20b07991-0e8a9622.json",
        "label_id": 1,
        "box": {
          "x1": 215.556385,
          "y1": 418.139468,
          "x2": 225.535847,
          "y2": 418.139468
        }
      },
      {
        "file": "100k/train/2147a42b-f9e45cc6.json",
        "label_id": 12,
        "box": {
          "x1": 485.436893,
          "y1": 554.141419,
          "x2": 485.436893,
          "y2": 568.783367
        }
      },
      {
        "file": "100k/train/224cedaf-adcd9614.json",
        "label_id": 32,
        "box": {
          "x1": 793.291965,
          "y1": 272.579546,
          "x2": 805.273482,
          "y2": 272.579546
        }
      },
      {
        "file": "100k/train/22a623d9-7f9be79e.json",
        "label_id": 7,
        "box": {
          "x1": 330.589768,
          "y1": 395.389756,
          "x2": 343.769423,
          "y2": 395.389756
        }
      },
      {
        "file": "100k/train/23112889-a8ce8bc7.json",
        "label_id": 8,
        "box": {
          "x1": 569.204524,
          "y1": 359.6745,
          "x2": 569.204524,
          "y2": 366.063979
        }
      },
      {
        "file": "100k/train/23ef1ac8-2c4b1a6d.json",
        "label_id": 2,
        "box": {
          "x1": 286.98343,
          "y1": 703.73328,
          "x2": 296.965462,
          "y2": 703.73328
        }
      },
      {
        "file": "100k/train/24ea2bbd-eae6f66c.json",
        "label_id": 15,
        "box": {
          "x1": 314.434019,
          "y1": 396.785786,
          "x2": 325.663806,
          "y2": 396.785786
        }
      },
      {
        "file": "100k/train/25472b9d-1ee06ba8.json",
        "label_id": 15,
        "box": {
          "x1": 658.900092,
          "y1": 503.380114,
          "x2": 658.900092,
          "y2": 513.679451
        }
      },
      {
        "file": "100k/train/254769e3-07e4686d.json",
        "label_id": 8,
        "box": {
          "x1": 710.025562,
          "y1": 7.345091,
          "x2": 710.025562,
          "y2": 24.483639
        }
      },
      {
        "file": "100k/train/2616b90f-3aa2ffe4.json",
        "label_id": 23,
        "box": {
          "x1": 395.674492,
          "y1": 585.554106,
          "x2": 407.958844,
          "y2": 585.554106
        }
      },
      {
        "file": "100k/train/2641883b-9e0c13ba.json",
        "label_id": 24,
        "box": {
          "x1": 458.770561,
          "y1": 439.209423,
          "x2": 474.991363,
          "y2": 439.209423
        }
      },
      {
        "file": "100k/train/26ac4dfd-598e7321.json",
        "label_id": 25,
        "box": {
          "x1": 1167.21882,
          "y1": 422.564322,
          "x2": 1167.21882,
          "y2": 431.772745
        }
      },
      {
        "file": "100k/train/26bd4851-4397afde.json",
        "label_id": 30,
        "box": {
          "x1": 400.040962,
          "y1": 396.130276,
          "x2": 400.040962,
          "y2": 408.252731
        }
      },
      {
        "file": "100k/train/2756268d-a374ced3.json",
        "label_id": 6,
        "box": {
          "x1": 449.822829,
          "y1": 334.382593,
          "x2": 458.983996,
          "y2": 334.382593
        }
      },
      {
        "file": "100k/train/277bcefd-eccd38ea.json",
        "label_id": 16,
        "box": {
          "x1": 281.86094,
          "y1": 578.608034,
          "x2": 294.106611,
          "y2": 578.608034
        }
      },
      {
        "file": "100k/train/286d6d9d-a5a9e2b7.json",
        "label_id": 0,
        "box": {
          "x1": 336.980209,
          "y1": 99.746139,
          "x2": 336.980209,
          "y2": 126.405023
        }
      },
      {
        "file": "100k/train/28eed470-3d4bfc5d.json",
        "label_id": 11,
        "box": {
          "x1": 571.783289,
          "y1": 558.369934,
          "x2": 581.765322,
          "y2": 558.369934
        }
      },
      {
        "file": "100k/train/2aa7c61a-ef091eed.json",
        "label_id": 7,
        "box": {
          "x1": 667.562864,
          "y1": 210.90585,
          "x2": 667.562864,
          "y2": 225.577561
        }
      },
      {
        "file": "100k/train/2b0952f1-30b789d6.json",
        "label_id": 20,
        "box": {
          "x1": 516.141328,
          "y1": 153.192276,
          "x2": 528.122848,
          "y2": 153.192276
        }
      },
      {
        "file": "100k/train/2b590735-a3bf6ea0.json",
        "label_id": 7,
        "box": {
          "x1": 522.693745,
          "y1": 231.018653,
          "x2": 522.693745,
          "y2": 245.995549
        }
      },
      {
        "file": "100k/train/2be8e67c-dda39cbd.json",
        "label_id": 28,
        "box": {
          "x1": 881.655665,
          "y1": 605.066685,
          "x2": 899.627941,
          "y2": 605.066685
        }
      },
      {
        "file": "100k/train/2d0bc026-78bd666d.json",
        "label_id": 20,
        "box": {
          "x1": 1072.245106,
          "y1": 137.80294,
          "x2": 1072.245106,
          "y2": 147.687684
        }
      },
      {
        "file": "100k/train/2d7505c5-18eb4535.json",
        "label_id": 20,
        "box": {
          "x1": 668.732627,
          "y1": 509.977625,
          "x2": 679.965292,
          "y2": 509.977625
        }
      },
      {
        "file": "100k/train/2e08313c-47316728.json",
        "label_id": 42,
        "box": {
          "x1": 1146.901358,
          "y1": 199.887124,
          "x2": 1146.901358,
          "y2": 208.705673
        }
      },
      {
        "file": "100k/train/2ea1118b-c446e4a3.json",
        "label_id": 40,
        "box": {
          "x1": 245.137866,
          "y1": 292.451272,
          "x2": 257.875771,
          "y2": 292.451272
        }
      },
      {
        "file": "100k/train/2ea5f89d-9fed14ac.json",
        "label_id": 3,
        "box": {
          "x1": 620.660277,
          "y1": 312.16641,
          "x2": 620.660277,
          "y2": 336.65005
        }
      },
      {
        "file": "100k/train/2fa3d5f3-60a764a1.json",
        "label_id": 41,
        "box": {
          "x1": 686.299125,
          "y1": 342.680645,
          "x2": 686.299125,
          "y2": 352.786508
        }
      },
      {
        "file": "100k/train/2fa619b6-4effd428.json",
        "label_id": 4,
        "box": {
          "x1": 445.544901,
          "y1": 595.401011,
          "x2": 453.62043,
          "y2": 595.401011
        }
      },
      {
        "file": "100k/train/304aec91-49ecdbbf.json",
        "label_id": 28,
        "box": {
          "x1": 0,
          "y1": 470.293866,
          "x2": 0,
          "y2": 539.401926
        }
      },
      {
        "file": "100k/train/305a40c9-2407c885.json",
        "label_id": 19,
        "box": {
          "x1": 720.681047,
          "y1": 284.129161,
          "x2": 720.681047,
          "y2": 287.189614
        }
      },
      {
        "file": "100k/train/308dbb84-fc776e13.json",
        "label_id": 21,
        "box": {
          "x1": 248.666794,
          "y1": 415.731926,
          "x2": 280.400774,
          "y2": 415.731926
        }
      },
      {
        "file": "100k/train/30a97306-fd5abd71.json",
        "label_id": 17,
        "box": {
          "x1": 405.600144,
          "y1": 546.687717,
          "x2": 417.600148,
          "y2": 546.687717
        }
      },
      {
        "file": "100k/train/30cd9edd-95b33775.json",
        "label_id": 35,
        "box": {
          "x1": 660.904959,
          "y1": 329.766039,
          "x2": 660.904959,
          "y2": 338.552478
        }
      },
      {
        "file": "100k/train/30dbe391-2411b4b8.json",
        "label_id": 36,
        "box": {
          "x1": 688.596349,
          "y1": 620.070662,
          "x2": 693.918729,
          "y2": 620.070662
        }
      },
      {
        "file": "100k/train/3103aaf8-9b46f263.json",
        "label_id": 8,
        "box": {
          "x1": 1093.731274,
          "y1": 563.962107,
          "x2": 1108.918764,
          "y2": 563.962107
        }
      },
      {
        "file": "100k/train/327504fd-63a26997.json",
        "label_id": 12,
        "box": {
          "x1": 569.244282,
          "y1": 311.554129,
          "x2": 569.244282,
          "y2": 316.450854
        }
      },
      {
        "file": "100k/train/33164552-4907b087.json",
        "label_id": 3,
        "box": {
          "x1": 630.115792,
          "y1": 172.190058,
          "x2": 642.593332,
          "y2": 172.190058
        }
      },
      {
        "file": "100k/train/343faeb4-0dbcf983.json",
        "label_id": 17,
        "box": {
          "x1": 576.767,
          "y1": 605.354266,
          "x2": 592.368913,
          "y2": 605.354266
        }
      },
      {
        "file": "100k/train/349fef54-5771ac05.json",
        "label_id": 22,
        "box": {
          "x1": 606.408465,
          "y1": 296.965463,
          "x2": 606.408465,
          "y2": 316.929528
        }
      },
      {
        "file": "100k/train/34bf1a6f-00ba09f0.json",
        "label_id": 6,
        "box": {
          "x1": 889.368862,
          "y1": 552.703851,
          "x2": 901.491318,
          "y2": 552.703851
        }
      },
      {
        "file": "100k/train/355572e4-185d3e72.json",
        "label_id": 12,
        "box": {
          "x1": 703.214667,
          "y1": 502.440159,
          "x2": 703.214667,
          "y2": 511.226598
        }
      },
      {
        "file": "100k/train/35be9492-e5fb62e8.json",
        "label_id": 11,
        "box": {
          "x1": 146.698095,
          "y1": 501.966952,
          "x2": 160.669342,
          "y2": 501.966952
        }
      },
      {
        "file": "100k/train/35c5b360-13ff1878.json",
        "label_id": 1,
        "box": {
          "x1": 509.856675,
          "y1": 307.462285,
          "x2": 530.106662,
          "y2": 307.462285
        }
      },
      {
        "file": "100k/train/35dd5b30-1c62f72d.json",
        "label_id": 32,
        "box": {
          "x1": 129.937411,
          "y1": 241.312334,
          "x2": 172.124882,
          "y2": 241.312334
        }
      },
      {
        "file": "100k/train/3627e147-b4db5a6e.json",
        "label_id": 0,
        "box": {
          "x1": 96.710381,
          "y1": 362.357872,
          "x2": 96.710381,
          "y2": 375.823871
        }
      },
      {
        "file": "100k/train/365f48a8-d111c8ef.json",
        "label_id": 19,
        "box": {
          "x1": 601.958736,
          "y1": 369.250033,
          "x2": 606.449495,
          "y2": 369.250033
        }
      },
      {
        "file": "100k/train/36c22c84-d99d8e51.json",
        "label_id": 27,
        "box": {
          "x1": 542.081485,
          "y1": 505.133997,
          "x2": 557.388577,
          "y2": 505.133997
        }
      },
      {
        "file": "100k/train/375d2f26-fbd9470e.json",
        "label_id": 9,
        "box": {
          "x1": 258.401193,
          "y1": 383.823231,
          "x2": 258.401193,
          "y2": 410.182548
        }
      },
      {
        "file": "100k/train/3789d9db-6f929af2.json",
        "label_id": 15,
        "box": {
          "x1": 799.87445,
          "y1": 521.999644,
          "x2": 813.374443,
          "y2": 521.999644
        }
      },
      {
        "file": "100k/train/383aa5ac-c7603c6f.json",
        "label_id": 19,
        "box": {
          "x1": 1082.45464,
          "y1": 716.376688,
          "x2": 1155.670234,
          "y2": 716.376688
        }
      },
      {
        "file": "100k/train/38ebbd50-e1deb318.json",
        "label_id": 0,
        "box": {
          "x1": 433.16491,
          "y1": 557.004971,
          "x2": 433.16491,
          "y2": 566.79349
        }
      },
      {
        "file": "100k/train/3902161e-202708f1.json",
        "label_id": 22,
        "box": {
          "x1": 74.272372,
          "y1": 288.209098,
          "x2": 74.272372,
          "y2": 318.886819
        }
      },
      {
        "file": "100k/train/3979fced-16db6dc2.json",
        "label_id": 19,
        "box": {
          "x1": 442.832548,
          "y1": 492.739949,
          "x2": 442.832548,
          "y2": 506.219157
        }
      },
      {
        "file": "100k/train/39c3e66d-8075a5f8.json",
        "label_id": 18,
        "box": {
          "x1": 632.114356,
          "y1": 509.277747,
          "x2": 655.220364,
          "y2": 509.277747
        }
      },
      {
        "file": "100k/train/39e6b633-3e857cb6.json",
        "label_id": 6,
        "box": {
          "x1": 782.252298,
          "y1": 503.138804,
          "x2": 793.269936,
          "y2": 503.138804
        }
      },
      {
        "file": "100k/train/3a209be1-b107916b.json",
        "label_id": 13,
        "box": {
          "x1": 806.639932,
          "y1": 655.098695,
          "x2": 817.439931,
          "y2": 655.098695
        }
      },
      {
        "file": "100k/train/3c151a55-a606ed16.json",
        "label_id": 28,
        "box": {
          "x1": 167.122055,
          "y1": 596.675441,
          "x2": 173.988614,
          "y2": 596.675441
        }
      },
      {
        "file": "100k/train/3c71cf91-1ee28f20.json",
        "label_id": 0,
        "box": {
          "x1": 121.696846,
          "y1": 203.405336,
          "x2": 121.696846,
          "y2": 233.003018
        }
      },
      {
        "file": "100k/train/3c90ec71-edb4d611.json",
        "label_id": 20,
        "box": {
          "x1": 678.228824,
          "y1": 520.899209,
          "x2": 678.228824,
          "y2": 527.28869
        }
      },
      {
        "file": "100k/train/3d0c57ab-4982deb7.json",
        "label_id": 10,
        "box": {
          "x1": 953.099925,
          "y1": 428.219967,
          "x2": 961.739923,
          "y2": 428.219967
        }
      },
      {
        "file": "100k/train/3e7aa3b6-db321949.json",
        "label_id": 19,
        "box": {
          "x1": 539.707008,
          "y1": 206.92064,
          "x2": 560.574802,
          "y2": 206.92064
        }
      },
      {
        "file": "100k/train/3f9256d7-e279b16a.json",
        "label_id": 12,
        "box": {
          "x1": 611.39948,
          "y1": 254.541825,
          "x2": 611.39948,
          "y2": 278.249152
        }
      },
      {
        "file": "100k/train/3fb6052b-9da63df9.json",
        "label_id": 9,
        "box": {
          "x1": 349.45013,
          "y1": 504.353443,
          "x2": 349.45013,
          "y2": 510.226555
        }
      },
      {
        "file": "100k/train/4015e0e1-1b20e835.json",
        "label_id": 22,
        "box": {
          "x1": 784.62246,
          "y1": 317.190182,
          "x2": 791.362059,
          "y2": 317.190182
        }
      },
      {
        "file": "100k/train/406836b8-c32d53c4.json",
        "label_id": 3,
        "box": {
          "x1": 520.092855,
          "y1": 419.282161,
          "x2": 530.635149,
          "y2": 419.282161
        }
      },
      {
        "file": "100k/train/41b2faa3-a9e00f4d.json",
        "label_id": 4,
        "box": {
          "x1": 1143.581972,
          "y1": 119.001472,
          "x2": 1151.666998,
          "y2": 119.001472
        }
      },
      {
        "file": "100k/train/42d96d42-28391e56.json",
        "label_id": 11,
        "box": {
          "x1": 89.325278,
          "y1": 250.639675,
          "x2": 104.604599,
          "y2": 250.639675
        }
      },
      {
        "file": "100k/train/4366b774-94359b30.json",
        "label_id": 2,
        "box": {
          "x1": 832.083838,
          "y1": 365.580037,
          "x2": 841.983841,
          "y2": 365.580037
        }
      },
      {
        "file": "100k/train/44243aea-af3b0720.json",
        "label_id": 26,
        "box": {
          "x1": 610.244422,
          "y1": 441.840912,
          "x2": 612.240316,
          "y2": 441.840912
        }
      },
      {
        "file": "100k/train/443181a5-6f281f9d.json",
        "label_id": 4,
        "box": {
          "x1": 409.007356,
          "y1": 406.705266,
          "x2": 419.238935,
          "y2": 406.705266
        }
      },
      {
        "file": "100k/train/443c160b-ed9ab45c.json",
        "label_id": 21,
        "box": {
          "x1": 627.981593,
          "y1": 648.674554,
          "x2": 643.169083,
          "y2": 648.674554
        }
      },
      {
        "file": "100k/train/444d4acb-624d57d7.json",
        "label_id": 3,
        "box": {
          "x1": 893.840434,
          "y1": 591.192293,
          "x2": 893.840434,
          "y2": 601.770287
        }
      },
      {
        "file": "100k/train/45c34ebc-636fcd1e.json",
        "label_id": 8,
        "box": {
          "x1": 205.070133,
          "y1": 620.536183,
          "x2": 216.946426,
          "y2": 620.536183
        }
      },
      {
        "file": "100k/train/45e380e0-3cd71496.json",
        "label_id": 16,
        "box": {
          "x1": 1178.884331,
          "y1": 621.897238,
          "x2": 1189.651702,
          "y2": 621.897238
        }
      },
      {
        "file": "100k/train/4618f5db-7f0463bd.json",
        "label_id": 14,
        "box": {
          "x1": 424.127146,
          "y1": 418.139469,
          "x2": 432.110717,
          "y2": 418.139469
        }
      },
      {
        "file": "100k/train/466c25b9-769342bc.json",
        "label_id": 7,
        "box": {
          "x1": 379.929576,
          "y1": 302.533342,
          "x2": 379.929576,
          "y2": 316.012551
        }
      },
      {
        "file": "100k/train/4706200c-8bdc494e.json",
        "label_id": 10,
        "box": {
          "x1": 893.161873,
          "y1": 379.219566,
          "x2": 893.161873,
          "y2": 391.194921
        }
      },
      {
        "file": "100k/train/47241cdb-e52bc3f2.json",
        "label_id": 15,
        "box": {
          "x1": 465.718629,
          "y1": 462.381752,
          "x2": 474.700145,
          "y2": 462.381752
        }
      },
      {
        "file": "100k/train/47521983-d3057e1a.json",
        "label_id": 7,
        "box": {
          "x1": 759.395492,
          "y1": 563.407331,
          "x2": 759.395492,
          "y2": 571.246042
        }
      },
      {
        "file": "100k/train/4781d4e3-f40f9e8b.json",
        "label_id": 16,
        "box": {
          "x1": 744.056996,
          "y1": 308.753152,
          "x2": 744.056996,
          "y2": 324.000221
        }
      },
      {
        "file": "100k/train/478cd859-a8dd9fe6.json",
        "label_id": 2,
        "box": {
          "x1": 492.909501,
          "y1": 360.389033,
          "x2": 492.909501,
          "y2": 370.307406
        }
      },
      {
        "file": "100k/train/47921c8e-8f89dd4c.json",
        "label_id": 8,
        "box": {
          "x1": 278.197012,
          "y1": 467.416033,
          "x2": 288.333745,
          "y2": 467.416033
        }
      },
      {
        "file": "100k/train/479bbab2-8cf0140d.json",
        "label_id": 9,
        "box": {
          "x1": 1260.231582,
          "y1": 542.773009,
          "x2": 1260.231582,
          "y2": 552.755041
        }
      },
      {
        "file": "100k/train/4822e47b-66242940.json",
        "label_id": 16,
        "box": {
          "x1": 622.513454,
          "y1": 485.489708,
          "x2": 637.622262,
          "y2": 485.489708
        }
      },
      {
        "file": "100k/train/48e4a0aa-55897943.json",
        "label_id": 49,
        "box": {
          "x1": 1125.239356,
          "y1": 280.13348,
          "x2": 1125.239356,
          "y2": 285.030205
        }
      },
      {
        "file": "100k/train/494ccbdd-06b1160e.json",
        "label_id": 7,
        "box": {
          "x1": 750.35762,
          "y1": 305.778104,
          "x2": 766.08335,
          "y2": 305.778104
        }
      },
      {
        "file": "100k/train/49766ebe-e46d268c.json",
        "label_id": 18,
        "box": {
          "x1": 612.98847,
          "y1": 323.584064,
          "x2": 658.395023,
          "y2": 323.584064
        }
      },
      {
        "file": "100k/train/4a8c9647-7cc86864.json",
        "label_id": 3,
        "box": {
          "x1": 214.933913,
          "y1": 203.18643,
          "x2": 223.171201,
          "y2": 203.18643
        }
      },
      {
        "file": "100k/train/4aa3ce1a-aa546662.json",
        "label_id": 8,
        "box": {
          "x1": 202.183937,
          "y1": 440.858416,
          "x2": 249.303074,
          "y2": 440.858416
        }
      },
      {
        "file": "100k/train/4b0b1443-ca98f96c.json",
        "label_id": 7,
        "box": {
          "x1": 123.745332,
          "y1": 315.351008,
          "x2": 132.726848,
          "y2": 315.351008
        }
      },
      {
        "file": "100k/train/4b4ca271-0fda736a.json",
        "label_id": 10,
        "box": {
          "x1": 669.559889,
          "y1": 551.194754,
          "x2": 676.746575,
          "y2": 551.194754
        }
      },
      {
        "file": "100k/train/4b94bae4-48184270.json",
        "label_id": 3,
        "box": {
          "x1": 89.087269,
          "y1": 313.795363,
          "x2": 89.087269,
          "y2": 332.470008
        }
      },
      {
        "file": "100k/train/4b94bae4-48184270.json",
        "label_id": 4,
        "box": {
          "x1": 90.924121,
          "y1": 471.458396,
          "x2": 90.924121,
          "y2": 507.583142
        }
      },
      {
        "file": "100k/train/4bb769f4-5e275529.json",
        "label_id": 24,
        "box": {
          "x1": 498.30247,
          "y1": 595.997176,
          "x2": 506.14118,
          "y2": 595.997176
        }
      },
      {
        "file": "100k/train/4bfac9ce-e9f106e0.json",
        "label_id": 8,
        "box": {
          "x1": 634.536844,
          "y1": 122.810565,
          "x2": 646.518363,
          "y2": 122.810565
        }
      },
      {
        "file": "100k/train/4ca1c26c-1aa27cd0.json",
        "label_id": 25,
        "box": {
          "x1": 125.387383,
          "y1": 545.504965,
          "x2": 148.273819,
          "y2": 545.504965
        }
      },
      {
        "file": "100k/train/4cc4e7db-2791fa35.json",
        "label_id": 13,
        "box": {
          "x1": 383.168928,
          "y1": 488.767413,
          "x2": 394.186566,
          "y2": 488.767413
        }
      },
      {
        "file": "100k/train/4d4a590b-4332c5ab.json",
        "label_id": 11,
        "box": {
          "x1": 320.659847,
          "y1": 567.092877,
          "x2": 339.958819,
          "y2": 567.092877
        }
      },
      {
        "file": "100k/train/4d9f7e83-b6e9438a.json",
        "label_id": 23,
        "box": {
          "x1": 97.778956,
          "y1": 566.615737,
          "x2": 110.063308,
          "y2": 566.615737
        }
      },
      {
        "file": "100k/train/4e7fe87b-6e19e8f7.json",
        "label_id": 5,
        "box": {
          "x1": 931.727181,
          "y1": 294.07508,
          "x2": 931.727181,
          "y2": 302.884749
        }
      },
      {
        "file": "100k/train/4e8e9c77-8d9462a6.json",
        "label_id": 29,
        "box": {
          "x1": 647.597333,
          "y1": 547.764025,
          "x2": 647.597333,
          "y2": 558.993813
        }
      },
      {
        "file": "100k/train/4f018ad6-d6b8c885.json",
        "label_id": 33,
        "box": {
          "x1": 592.780059,
          "y1": 590.784166,
          "x2": 600.763628,
          "y2": 590.784166
        }
      },
      {
        "file": "100k/train/4f062853-5973090b.json",
        "label_id": 0,
        "box": {
          "x1": 592.68317,
          "y1": 461.668996,
          "x2": 592.68317,
          "y2": 472.898782
        }
      },
      {
        "file": "100k/train/4f2c67cc-2117eb45.json",
        "label_id": 5,
        "box": {
          "x1": 355.291565,
          "y1": 507.742108,
          "x2": 369.359986,
          "y2": 507.742108
        }
      },
      {
        "file": "100k/train/4f48f702-4e227992.json",
        "label_id": 1,
        "box": {
          "x1": 478.813888,
          "y1": 495.449827,
          "x2": 492.313883,
          "y2": 495.449827
        }
      },
      {
        "file": "100k/train/4f6bba37-73a3d59e.json",
        "label_id": 4,
        "box": {
          "x1": 497.419901,
          "y1": 294.076168,
          "x2": 504.02715,
          "y2": 294.076168
        }
      },
      {
        "file": "100k/train/4f9f459b-3659354d.json",
        "label_id": 17,
        "box": {
          "x1": 1109.930513,
          "y1": 446.281618,
          "x2": 1109.930513,
          "y2": 458.43636
        }
      },
      {
        "file": "100k/train/4fbf88c7-b1d26ed6.json",
        "label_id": 9,
        "box": {
          "x1": 316.046808,
          "y1": 298.794543,
          "x2": 316.046808,
          "y2": 305.40179
        }
      },
      {
        "file": "100k/train/4fe01f25-c13b468d.json",
        "label_id": 10,
        "box": {
          "x1": 550.620761,
          "y1": 224.825592,
          "x2": 550.620761,
          "y2": 247.712029
        }
      },
      {
        "file": "100k/train/4ff1d7e0-997e5244.json",
        "label_id": 5,
        "box": {
          "x1": 848.970981,
          "y1": 478.008598,
          "x2": 862.956604,
          "y2": 478.008598
        }
      },
      {
        "file": "100k/train/50a73a8f-f1bdaa97.json",
        "label_id": 11,
        "box": {
          "x1": 718.706329,
          "y1": 436.713915,
          "x2": 729.936115,
          "y2": 436.713915
        }
      },
      {
        "file": "100k/train/5134da4a-ce7d8ef3.json",
        "label_id": 14,
        "box": {
          "x1": 1012.416952,
          "y1": 543.888046,
          "x2": 1012.416952,
          "y2": 548.877779
        }
      },
      {
        "file": "100k/train/5179fae8-dffc4bfb.json",
        "label_id": 1,
        "box": {
          "x1": 476.206799,
          "y1": 321.959866,
          "x2": 530.070808,
          "y2": 321.959866
        }
      },
      {
        "file": "100k/train/528d8b9e-2e79ab5b.json",
        "label_id": 10,
        "box": {
          "x1": 918.908873,
          "y1": 450.472921,
          "x2": 934.27727,
          "y2": 450.472921
        }
      },
      {
        "file": "100k/train/53422df7-ecceac0e.json",
        "label_id": 3,
        "box": {
          "x1": 164.661127,
          "y1": 599.765681,
          "x2": 181.626213,
          "y2": 599.765681
        }
      },
      {
        "file": "100k/train/53abe3bb-40d56cc1.json",
        "label_id": 2,
        "box": {
          "x1": 556.498302,
          "y1": 516.570175,
          "x2": 581.453384,
          "y2": 516.570175
        }
      },
      {
        "file": "100k/train/5432f7e3-dc6f0aef.json",
        "label_id": 14,
        "box": {
          "x1": 469.356704,
          "y1": 530.21213,
          "x2": 469.356704,
          "y2": 543.712121
        }
      },
      {
        "file": "100k/train/54d7e29b-5ba1f4c9.json",
        "label_id": 19,
        "box": {
          "x1": 220.118981,
          "y1": 359.926693,
          "x2": 228.935311,
          "y2": 359.926693
        }
      },
      {
        "file": "100k/train/555ab205-a789b4c1.json",
        "label_id": 23,
        "box": {
          "x1": 1221.486181,
          "y1": 372.233943,
          "x2": 1230.467697,
          "y2": 372.233943
        }
      },
      {
        "file": "100k/train/5615435d-a2e3f787.json",
        "label_id": 15,
        "box": {
          "x1": 786.318383,
          "y1": 484.385041,
          "x2": 786.318383,
          "y2": 505.375059
        }
      },
      {
        "file": "100k/train/56a36f2b-d721b27a.json",
        "label_id": 12,
        "box": {
          "x1": 703.044131,
          "y1": 331.845135,
          "x2": 713.322075,
          "y2": 331.845135
        }
      },
      {
        "file": "100k/train/582c5336-a96b2581.json",
        "label_id": 30,
        "box": {
          "x1": 784.837294,
          "y1": 426.731884,
          "x2": 784.837294,
          "y2": 440.457178
        }
      },
      {
        "file": "100k/train/58431f5c-07e633b1.json",
        "label_id": 4,
        "box": {
          "x1": 104.247728,
          "y1": 479.39272,
          "x2": 113.057396,
          "y2": 479.39272
        }
      },
      {
        "file": "100k/train/584a1c52-fe3c4b04.json",
        "label_id": 17,
        "box": {
          "x1": 600.981613,
          "y1": 479.24967,
          "x2": 638.106586,
          "y2": 479.24967
        }
      },
      {
        "file": "100k/train/591f89a5-47629782.json",
        "label_id": 1,
        "box": {
          "x1": 496.356685,
          "y1": 341.21226,
          "x2": 519.98167,
          "y2": 341.21226
        }
      },
      {
        "file": "100k/train/5ab4b4dd-99980fd8.json",
        "label_id": 1,
        "box": {
          "x1": 1036.081057,
          "y1": 91.246625,
          "x2": 1036.081057,
          "y2": 100.229987
        }
      },
      {
        "file": "100k/train/5b85f948-5185c9c3.json",
        "label_id": 23,
        "box": {
          "x1": 834.715963,
          "y1": 261.353459,
          "x2": 847.930463,
          "y2": 261.353459
        }
      },
      {
        "file": "100k/train/5c812edf-b03eef7e.json",
        "label_id": 10,
        "box": {
          "x1": 107.417885,
          "y1": 463.730877,
          "x2": 107.417885,
          "y2": 493.074299
        }
      },
      {
        "file": "100k/train/5d3b6a9d-0d514c65.json",
        "label_id": 1,
        "box": {
          "x1": 860.34032,
          "y1": 327.220191,
          "x2": 869.926117,
          "y2": 327.220191
        }
      },
      {
        "file": "100k/train/5deaf28b-e02c65ee.json",
        "label_id": 4,
        "box": {
          "x1": 398.033541,
          "y1": 434.218406,
          "x2": 408.015572,
          "y2": 434.218406
        }
      },
      {
        "file": "100k/train/5eb295ee-925a32da.json",
        "label_id": 13,
        "box": {
          "x1": 124.821683,
          "y1": 233.210259,
          "x2": 140.555511,
          "y2": 233.210259
        }
      },
      {
        "file": "100k/train/5f9655fb-a5823aa5.json",
        "label_id": 15,
        "box": {
          "x1": 533.901231,
          "y1": 396.184652,
          "x2": 545.876586,
          "y2": 396.184652
        }
      },
      {
        "file": "100k/train/5f96c2c4-2a9bef21.json",
        "label_id": 13,
        "box": {
          "x1": 647.6671,
          "y1": 212.562546,
          "x2": 655.650671,
          "y2": 212.562546
        }
      },
      {
        "file": "100k/train/6224b490-9f3436d8.json",
        "label_id": 11,
        "box": {
          "x1": 496.606109,
          "y1": 471.651027,
          "x2": 506.588141,
          "y2": 471.651027
        }
      },
      {
        "file": "100k/train/635dacee-af1dd825.json",
        "label_id": 3,
        "box": {
          "x1": 0,
          "y1": 122.849907,
          "x2": 0,
          "y2": 148.499896
        }
      },
      {
        "file": "100k/train/6390c4d6-d500e558.json",
        "label_id": 2,
        "box": {
          "x1": 1009.43302,
          "y1": 277.001397,
          "x2": 1021.91056,
          "y2": 277.001397
        }
      },
      {
        "file": "100k/train/641d1337-af06cf4e.json",
        "label_id": 6,
        "box": {
          "x1": 1056.494546,
          "y1": 557.410865,
          "x2": 1079.754004,
          "y2": 557.410865
        }
      },
      {
        "file": "100k/train/6442b96c-a94df118.json",
        "label_id": 1,
        "box": {
          "x1": 616.390497,
          "y1": 207.127171,
          "x2": 631.363547,
          "y2": 207.127171
        }
      },
      {
        "file": "100k/train/64505e49-4e571fa6.json",
        "label_id": 5,
        "box": {
          "x1": 859.041201,
          "y1": 149.877618,
          "x2": 859.041201,
          "y2": 162.000072
        }
      },
      {
        "file": "100k/train/6478fd43-fb9ea371.json",
        "label_id": 34,
        "box": {
          "x1": 777.038831,
          "y1": 569.599721,
          "x2": 789.516372,
          "y2": 569.599721
        }
      },
      {
        "file": "100k/train/65ab45c2-651dc117.json",
        "label_id": 20,
        "box": {
          "x1": 854.197385,
          "y1": 544.65945,
          "x2": 860.18814,
          "y2": 544.65945
        }
      },
      {
        "file": "100k/train/65ed9ba6-9d1ca2e1.json",
        "label_id": 22,
        "box": {
          "x1": 30.752537,
          "y1": 252.244025,
          "x2": 30.752537,
          "y2": 282.264353
        }
      },
      {
        "file": "100k/train/6647baa5-5776970b.json",
        "label_id": 9,
        "box": {
          "x1": 268.905195,
          "y1": 531.464005,
          "x2": 280.781485,
          "y2": 531.464005
        }
      },
      {
        "file": "100k/train/669a6859-7a9f282a.json",
        "label_id": 34,
        "box": {
          "x1": 4.802595,
          "y1": 183.68509,
          "x2": 4.802595,
          "y2": 197.461472
        }
      },
      {
        "file": "100k/train/66e6fdb1-d09b15b6.json",
        "label_id": 17,
        "box": {
          "x1": 736.823696,
          "y1": 633.73281,
          "x2": 869.369122,
          "y2": 633.73281
        }
      },
      {
        "file": "100k/train/67ac4b4f-35064f6b.json",
        "label_id": 5,
        "box": {
          "x1": 284.8499,
          "y1": 373.949869,
          "x2": 284.8499,
          "y2": 388.799864
        }
      },
      {
        "file": "100k/train/67b489f4-6d838093.json",
        "label_id": 24,
        "box": {
          "x1": 251.658445,
          "y1": 463.871211,
          "x2": 251.658445,
          "y2": 478.716574
        }
      },
      {
        "file": "100k/train/69d65ed2-be9ef489.json",
        "label_id": 20,
        "box": {
          "x1": 540.886855,
          "y1": 689.580843,
          "x2": 548.870425,
          "y2": 689.580843
        }
      },
      {
        "file": "100k/train/69f7f79c-0c43d3cc.json",
        "label_id": 8,
        "box": {
          "x1": 477.713049,
          "y1": 597.702421,
          "x2": 485.482145,
          "y2": 597.702421
        }
      },
      {
        "file": "100k/train/6ab40d86-db1c2ff2.json",
        "label_id": 9,
        "box": {
          "x1": 137.452423,
          "y1": 453.533758,
          "x2": 137.452423,
          "y2": 469.267583
        }
      },
      {
        "file": "100k/train/6ae8b116-f900d5a1.json",
        "label_id": 20,
        "box": {
          "x1": 531.156054,
          "y1": 446.967055,
          "x2": 544.932435,
          "y2": 446.967055
        }
      },
      {
        "file": "100k/train/6b7c4760-0a7720b8.json",
        "label_id": 32,
        "box": {
          "x1": 253.356853,
          "y1": 610.874581,
          "x2": 266.856844,
          "y2": 610.874581
        }
      },
      {
        "file": "100k/train/6c344b74-45740a8a.json",
        "label_id": 9,
        "box": {
          "x1": 1125.474147,
          "y1": 420.74266,
          "x2": 1135.456178,
          "y2": 420.74266
        }
      },
      {
        "file": "100k/train/6cbab453-42d653f1.json",
        "label_id": 30,
        "box": {
          "x1": 712.589232,
          "y1": 619.953413,
          "x2": 712.589232,
          "y2": 636.616264
        }
      },
      {
        "file": "100k/train/6d7c9671-e63ef2b9.json",
        "label_id": 17,
        "box": {
          "x1": 858.266115,
          "y1": 498.804207,
          "x2": 874.596016,
          "y2": 498.804207
        }
      },
      {
        "file": "100k/train/6dabce6c-9b729d64.json",
        "label_id": 1,
        "box": {
          "x1": 360.934276,
          "y1": 409.157953,
          "x2": 371.911686,
          "y2": 409.157953
        }
      },
      {
        "file": "100k/train/6e0065c8-32cbf664.json",
        "label_id": 9,
        "box": {
          "x1": 804.079168,
          "y1": 337.454913,
          "x2": 804.079168,
          "y2": 450.478087
        }
      },
      {
        "file": "100k/train/6e5ce403-2f55b3c5.json",
        "label_id": 19,
        "box": {
          "x1": 241.518739,
          "y1": 486.01573,
          "x2": 241.518739,
          "y2": 492.00341
        }
      },
      {
        "file": "100k/train/6ed4b723-f0671037.json",
        "label_id": 1,
        "box": {
          "x1": 1116.947903,
          "y1": 229.761873,
          "x2": 1116.947903,
          "y2": 244.570746
        }
      },
      {
        "file": "100k/train/6f33b8cb-aab53f82.json",
        "label_id": 13,
        "box": {
          "x1": 323.012319,
          "y1": 266.451643,
          "x2": 330.995887,
          "y2": 266.451643
        }
      },
      {
        "file": "100k/train/6fb7db1f-11ab3f57.json",
        "label_id": 9,
        "box": {
          "x1": 382.509644,
          "y1": 397.00289,
          "x2": 391.296082,
          "y2": 397.00289
        }
      },
      {
        "file": "100k/train/70624428-0f757414.json",
        "label_id": 19,
        "box": {
          "x1": 1026.687082,
          "y1": 652.656831,
          "x2": 1036.666543,
          "y2": 652.656831
        }
      },
      {
        "file": "100k/train/7062d718-b4c56f32.json",
        "label_id": 13,
        "box": {
          "x1": 493.098794,
          "y1": 584.730871,
          "x2": 511.467304,
          "y2": 584.730871
        }
      },
      {
        "file": "100k/train/711fdf3f-68a60e57.json",
        "label_id": 16,
        "box": {
          "x1": 334.356795,
          "y1": 563.624613,
          "x2": 347.856787,
          "y2": 563.624613
        }
      },
      {
        "file": "100k/train/714b559b-fc2f2d2a.json",
        "label_id": 34,
        "box": {
          "x1": 339.573893,
          "y1": 544.348481,
          "x2": 348.555409,
          "y2": 544.348481
        }
      },
      {
        "file": "100k/train/71838d22-e86dbb55.json",
        "label_id": 24,
        "box": {
          "x1": 92.373131,
          "y1": 588.592098,
          "x2": 104.35465,
          "y2": 588.592098
        }
      },
      {
        "file": "100k/train/71f3dd79-a9df2df8.json",
        "label_id": 7,
        "box": {
          "x1": 532.813869,
          "y1": 519.749818,
          "x2": 544.963865,
          "y2": 519.749818
        }
      },
      {
        "file": "100k/train/72430348-cb4426cc.json",
        "label_id": 1,
        "box": {
          "x1": 228.529684,
          "y1": 380.217511,
          "x2": 237.511201,
          "y2": 380.217511
        }
      },
      {
        "file": "100k/train/72b5a4d6-8f23f02c.json",
        "label_id": 20,
        "box": {
          "x1": 675.450867,
          "y1": 419.245359,
          "x2": 689.17616,
          "y2": 419.245359
        }
      },
      {
        "file": "100k/train/72d1eba1-77e72a96.json",
        "label_id": 2,
        "box": {
          "x1": 284.348334,
          "y1": 558.850259,
          "x2": 289.670719,
          "y2": 558.850259
        }
      },
      {
        "file": "100k/train/72d1eba1-77e72a96.json",
        "label_id": 56,
        "box": {
          "x1": 497.878449,
          "y1": 567.055596,
          "x2": 508.523216,
          "y2": 567.055596
        }
      },
      {
        "file": "100k/train/72f22fa5-8af4615c.json",
        "label_id": 1,
        "box": {
          "x1": 225.452046,
          "y1": 245.436817,
          "x2": 245.221534,
          "y2": 245.436817
        }
      },
      {
        "file": "100k/train/72f22fa5-8af4615c.json",
        "label_id": 6,
        "box": {
          "x1": 687.838398,
          "y1": 510.128293,
          "x2": 696.624838,
          "y2": 510.128293
        }
      },
      {
        "file": "100k/train/7327dd41-383710e6.json",
        "label_id": 19,
        "box": {
          "x1": 1009.625925,
          "y1": 528.605774,
          "x2": 1017.925736,
          "y2": 528.605774
        }
      },
      {
        "file": "100k/train/73580c00-25e86c3e.json",
        "label_id": 17,
        "box": {
          "x1": 1061.668796,
          "y1": 494.774655,
          "x2": 1076.856286,
          "y2": 494.774655
        }
      },
      {
        "file": "100k/train/736e39e8-ddd3924c.json",
        "label_id": 10,
        "box": {
          "x1": 992.207358,
          "y1": 496.231582,
          "x2": 1003.717886,
          "y2": 496.231582
        }
      },
      {
        "file": "100k/train/736f3abd-22ca625c.json",
        "label_id": 6,
        "box": {
          "x1": 416.441978,
          "y1": 679.128977,
          "x2": 429.802806,
          "y2": 679.128977
        }
      },
      {
        "file": "100k/train/73cc2a01-233170fd.json",
        "label_id": 20,
        "box": {
          "x1": 347.062269,
          "y1": 486.56217,
          "x2": 536.06214,
          "y2": 486.56217
        }
      },
      {
        "file": "100k/train/73d9d38b-01442ec3.json",
        "label_id": 10,
        "box": {
          "x1": 550.356647,
          "y1": 568.687109,
          "x2": 568.919135,
          "y2": 568.687109
        }
      },
      {
        "file": "100k/train/73e6f5ba-3183b5d9.json",
        "label_id": 11,
        "box": {
          "x1": 416.130508,
          "y1": 552.705649,
          "x2": 416.130508,
          "y2": 559.095131
        }
      },
      {
        "file": "100k/train/7404f2fb-bf3b0455.json",
        "label_id": 11,
        "box": {
          "x1": 80.475803,
          "y1": 451.918135,
          "x2": 123.309694,
          "y2": 451.918135
        }
      },
      {
        "file": "100k/train/7445d2ce-0dbec5c3.json",
        "label_id": 18,
        "box": {
          "x1": 359.696056,
          "y1": 543.594716,
          "x2": 371.84795,
          "y2": 543.594716
        }
      },
      {
        "file": "100k/train/74b36c56-dd8ba7d7.json",
        "label_id": 8,
        "box": {
          "x1": 314.654844,
          "y1": 446.214742,
          "x2": 314.654844,
          "y2": 460.256462
        }
      },
      {
        "file": "100k/train/7559c118-e97b44ef.json",
        "label_id": 9,
        "box": {
          "x1": 289.819245,
          "y1": 292.559331,
          "x2": 301.049029,
          "y2": 292.559331
        }
      },
      {
        "file": "100k/train/7579f9ad-07eff2f0.json",
        "label_id": 17,
        "box": {
          "x1": 393.408783,
          "y1": 527.186815,
          "x2": 406.887994,
          "y2": 527.186815
        }
      },
      {
        "file": "100k/train/7586638a-2f7f7fc3.json",
        "label_id": 20,
        "box": {
          "x1": 1116.870023,
          "y1": 387.135928,
          "x2": 1122.743135,
          "y2": 387.135928
        }
      },
      {
        "file": "100k/train/75d17890-d171e2d8.json",
        "label_id": 3,
        "box": {
          "x1": 586.613533,
          "y1": 485.930979,
          "x2": 598.291904,
          "y2": 485.930979
        }
      },
      {
        "file": "100k/train/7649d494-39581922.json",
        "label_id": 1,
        "box": {
          "x1": 155.876313,
          "y1": 520.577401,
          "x2": 155.876313,
          "y2": 535.422765
        }
      },
      {
        "file": "100k/train/7682a046-c5424cd8.json",
        "label_id": 1,
        "box": {
          "x1": 278.086669,
          "y1": 182.718157,
          "x2": 290.068187,
          "y2": 182.718157
        }
      },
      {
        "file": "100k/train/773755d0-1e715c77.json",
        "label_id": 10,
        "box": {
          "x1": 437.961668,
          "y1": 469.15552,
          "x2": 449.191455,
          "y2": 469.15552
        }
      },
      {
        "file": "100k/train/77f382a8-169bf0ea.json",
        "label_id": 14,
        "box": {
          "x1": 647.700394,
          "y1": 366.452265,
          "x2": 656.683755,
          "y2": 366.452265
        }
      },
      {
        "file": "100k/train/780a017c-7fc20574.json",
        "label_id": 14,
        "box": {
          "x1": 277.137445,
          "y1": 507.289999,
          "x2": 283.010556,
          "y2": 507.289999
        }
      },
      {
        "file": "100k/train/7894db56-7cf87478.json",
        "label_id": 2,
        "box": {
          "x1": 770.946245,
          "y1": 258.241971,
          "x2": 770.946245,
          "y2": 261.912664
        }
      },
      {
        "file": "100k/train/78e17790-68405e9e.json",
        "label_id": 21,
        "box": {
          "x1": 393.698372,
          "y1": 371.350035,
          "x2": 393.698372,
          "y2": 384.207982
        }
      },
      {
        "file": "100k/train/78ef6a0e-3542aa14.json",
        "label_id": 3,
        "box": {
          "x1": 801.769505,
          "y1": 531.453652,
          "x2": 801.769505,
          "y2": 566.167974
        }
      },
      {
        "file": "100k/train/796ac6da-7c0b98d0.json",
        "label_id": 10,
        "box": {
          "x1": 677.530444,
          "y1": 353.114394,
          "x2": 690.007985,
          "y2": 353.114394
        }
      },
      {
        "file": "100k/train/79d012b5-253ffb7a.json",
        "label_id": 7,
        "box": {
          "x1": 470.916149,
          "y1": 574.293459,
          "x2": 483.200501,
          "y2": 574.293459
        }
      },
      {
        "file": "100k/train/79dc660a-1c757996.json",
        "label_id": 9,
        "box": {
          "x1": 269.563961,
          "y1": 564.299802,
          "x2": 281.713957,
          "y2": 564.299802
        }
      },
      {
        "file": "100k/train/7a53506f-9c59128b.json",
        "label_id": 6,
        "box": {
          "x1": 592.650193,
          "y1": 135.000044,
          "x2": 592.650193,
          "y2": 140.400044
        }
      },
      {
        "file": "100k/train/7a63357e-3b260064.json",
        "label_id": 19,
        "box": {
          "x1": 960.648143,
          "y1": 352.599644,
          "x2": 964.698141,
          "y2": 352.599644
        }
      },
      {
        "file": "100k/train/7a63357e-3b260064.json",
        "label_id": 37,
        "box": {
          "x1": 6.771095,
          "y1": 441.492231,
          "x2": 6.771095,
          "y2": 445.542231
        }
      },
      {
        "file": "100k/train/7b4f29aa-9a91d9b6.json",
        "label_id": 1,
        "box": {
          "x1": 641.726379,
          "y1": 380.291858,
          "x2": 641.726379,
          "y2": 399.628732
        }
      },
      {
        "file": "100k/train/7bc6abdd-6a5c7b75.json",
        "label_id": 48,
        "box": {
          "x1": 530.96949,
          "y1": 299.863194,
          "x2": 530.96949,
          "y2": 302.311557
        }
      },
      {
        "file": "100k/train/7c013dd7-55bee3c2.json",
        "label_id": 14,
        "box": {
          "x1": 514.074667,
          "y1": 452.934717,
          "x2": 514.074667,
          "y2": 466.660011
        }
      },
      {
        "file": "100k/train/7c1cda36-8912fa54.json",
        "label_id": 11,
        "box": {
          "x1": 454.292054,
          "y1": 407.329374,
          "x2": 454.292054,
          "y2": 413.718855
        }
      },
      {
        "file": "100k/train/7c681733-f032205a.json",
        "label_id": 18,
        "box": {
          "x1": 333.013939,
          "y1": 475.199834,
          "x2": 345.163935,
          "y2": 475.199834
        }
      },
      {
        "file": "100k/train/7d765d07-75938312.json",
        "label_id": 8,
        "box": {
          "x1": 740.630111,
          "y1": 357.461144,
          "x2": 782.252299,
          "y2": 357.461144
        }
      },
      {
        "file": "100k/train/7e29aed5-4a93542c.json",
        "label_id": 14,
        "box": {
          "x1": 491.98749,
          "y1": 495.979275,
          "x2": 502.964898,
          "y2": 495.979275
        }
      },
      {
        "file": "100k/train/7e29aed5-4a93542c.json",
        "label_id": 19,
        "box": {
          "x1": 622.518844,
          "y1": 516.936145,
          "x2": 622.518844,
          "y2": 532.903285
        }
      },
      {
        "file": "100k/train/7e50ce9f-79059078.json",
        "label_id": 16,
        "box": {
          "x1": 858.215424,
          "y1": 476.664316,
          "x2": 858.215424,
          "y2": 492.040587
        }
      },
      {
        "file": "100k/train/7e8b11fe-cec88fbf.json",
        "label_id": 14,
        "box": {
          "x1": 832.985803,
          "y1": 542.361772,
          "x2": 842.904173,
          "y2": 542.361772
        }
      },
      {
        "file": "100k/train/7ec06584-04e1b490.json",
        "label_id": 4,
        "box": {
          "x1": 342.383683,
          "y1": 483.340503,
          "x2": 418.569341,
          "y2": 483.340503
        }
      },
      {
        "file": "100k/train/7ec1239d-e2cd8c18.json",
        "label_id": 6,
        "box": {
          "x1": 487.591275,
          "y1": 357.390233,
          "x2": 487.591275,
          "y2": 368.16032
        }
      },
      {
        "file": "100k/train/7f4fc765-ef1dd56e.json",
        "label_id": 11,
        "box": {
          "x1": 1155.283943,
          "y1": 633.453899,
          "x2": 1155.283943,
          "y2": 644.478478
        }
      },
      {
        "file": "100k/train/7ff24754-e2eaffcf.json",
        "label_id": 1,
        "box": {
          "x1": 567.231636,
          "y1": 347.624761,
          "x2": 567.231636,
          "y2": 361.124752
        }
      },
      {
        "file": "100k/train/81ae7cbb-6bc65ed2.json",
        "label_id": 13,
        "box": {
          "x1": 962.115072,
          "y1": 554.86362,
          "x2": 971.999814,
          "y2": 554.86362
        }
      },
      {
        "file": "100k/train/82a0421a-031e404f.json",
        "label_id": 8,
        "box": {
          "x1": 556.030376,
          "y1": 447.230692,
          "x2": 568.507919,
          "y2": 447.230692
        }
      },
      {
        "file": "100k/train/82a46c84-57b3c043.json",
        "label_id": 2,
        "box": {
          "x1": 650.574797,
          "y1": 323.999785,
          "x2": 650.574797,
          "y2": 337.819681
        }
      },
      {
        "file": "100k/train/82c9e9fc-aa3486d8.json",
        "label_id": 1,
        "box": {
          "x1": 0,
          "y1": 229.245489,
          "x2": 0,
          "y2": 249.419094
        }
      },
      {
        "file": "100k/train/82f55d27-6468eef7.json",
        "label_id": 20,
        "box": {
          "x1": 888.502976,
          "y1": 299.924182,
          "x2": 902.589936,
          "y2": 299.924182
        }
      },
      {
        "file": "100k/train/8332ccf7-07fbe331.json",
        "label_id": 8,
        "box": {
          "x1": 727.225738,
          "y1": 304.886052,
          "x2": 763.574787,
          "y2": 304.886052
        }
      },
      {
        "file": "100k/train/83a108ea-8379575a.json",
        "label_id": 0,
        "box": {
          "x1": 710.902802,
          "y1": 351.972391,
          "x2": 724.082461,
          "y2": 351.972391
        }
      },
      {
        "file": "100k/train/84c03d0e-ad11b776.json",
        "label_id": 17,
        "box": {
          "x1": 576.286818,
          "y1": 444.986074,
          "x2": 576.286818,
          "y2": 454.774593
        }
      },
      {
        "file": "100k/train/84fd068d-c90c06f4.json",
        "label_id": 20,
        "box": {
          "x1": 1102.024735,
          "y1": 474.994937,
          "x2": 1102.024735,
          "y2": 499.563641
        }
      },
      {
        "file": "100k/train/852a0582-aaec208b.json",
        "label_id": 21,
        "box": {
          "x1": 941.729836,
          "y1": 435.603608,
          "x2": 955.195839,
          "y2": 435.603608
        }
      },
      {
        "file": "100k/train/856244d2-263fc23d.json",
        "label_id": 21,
        "box": {
          "x1": 585.420188,
          "y1": 325.900723,
          "x2": 595.39965,
          "y2": 325.900723
        }
      },
      {
        "file": "100k/train/863c064e-28571271.json",
        "label_id": 23,
        "box": {
          "x1": 721.129829,
          "y1": 433.681491,
          "x2": 721.129829,
          "y2": 445.965843
        }
      },
      {
        "file": "100k/train/868d1625-f057e29b.json",
        "label_id": 11,
        "box": {
          "x1": 595.102275,
          "y1": 508.53849,
          "x2": 595.102275,
          "y2": 517.354817
        }
      },
      {
        "file": "100k/train/868ecec1-9de955c4.json",
        "label_id": 27,
        "box": {
          "x1": 485.274042,
          "y1": 214.02828,
          "x2": 485.274042,
          "y2": 224.007742
        }
      },
      {
        "file": "100k/train/86eb6c9c-c3a0cf9f.json",
        "label_id": 18,
        "box": {
          "x1": 1028.126264,
          "y1": 515.338722,
          "x2": 1028.126264,
          "y2": 530.645814
        }
      },
      {
        "file": "100k/train/874e5af9-c1de9f9d.json",
        "label_id": 39,
        "box": {
          "x1": 241.979421,
          "y1": 506.226888,
          "x2": 274.639221,
          "y2": 506.226888
        }
      },
      {
        "file": "100k/train/87780dd7-6cd9a7ec.json",
        "label_id": 10,
        "box": {
          "x1": 472.06389,
          "y1": 608.849787,
          "x2": 484.213887,
          "y2": 608.849787
        }
      },
      {
        "file": "100k/train/87ae2591-59fbaf05.json",
        "label_id": 11,
        "box": {
          "x1": 566.833834,
          "y1": 313.798869,
          "x2": 574.152111,
          "y2": 313.798869
        }
      },
      {
        "file": "100k/train/87b7276c-6d171908.json",
        "label_id": 9,
        "box": {
          "x1": 247.0553,
          "y1": 314.434019,
          "x2": 247.0553,
          "y2": 326.91156
        }
      },
      {
        "file": "100k/train/88478db2-c7b6fbc2.json",
        "label_id": 11,
        "box": {
          "x1": 170.253002,
          "y1": 614.052824,
          "x2": 182.23452,
          "y2": 614.052824
        }
      },
      {
        "file": "100k/train/88a97c7c-662fcf21.json",
        "label_id": 7,
        "box": {
          "x1": 791.076064,
          "y1": 477.889798,
          "x2": 801.058096,
          "y2": 477.889798
        }
      },
      {
        "file": "100k/train/88aa26b2-c8393dd1.json",
        "label_id": 4,
        "box": {
          "x1": 211.43201,
          "y1": 140.954674,
          "x2": 211.43201,
          "y2": 148.296064
        }
      },
      {
        "file": "100k/train/89fd83dd-b13b3835.json",
        "label_id": 14,
        "box": {
          "x1": 574.746688,
          "y1": 473.433525,
          "x2": 574.746688,
          "y2": 484.663313
        }
      },
      {
        "file": "100k/train/8a8eacf4-942de35f.json",
        "label_id": 7,
        "box": {
          "x1": 1238.046879,
          "y1": 276.691381,
          "x2": 1238.046879,
          "y2": 292.801877
        }
      },
      {
        "file": "100k/train/8b9b4cd4-ca9fd411.json",
        "label_id": 1,
        "box": {
          "x1": 70.903079,
          "y1": 405.224571,
          "x2": 70.903079,
          "y2": 415.994659
        }
      },
      {
        "file": "100k/train/8bde884e-0e8bbf7f.json",
        "label_id": 2,
        "box": {
          "x1": 548.670824,
          "y1": 378.22162,
          "x2": 561.644124,
          "y2": 378.22162
        }
      },
      {
        "file": "100k/train/8bf99f16-a213690f.json",
        "label_id": 14,
        "box": {
          "x1": 221.952818,
          "y1": 622.998599,
          "x2": 246.444162,
          "y2": 622.998599
        }
      },
      {
        "file": "100k/train/8c12e080-d93495ee.json",
        "label_id": 14,
        "box": {
          "x1": 551.01497,
          "y1": 356.201469,
          "x2": 559.118133,
          "y2": 356.201469
        }
      },
      {
        "file": "100k/train/8c40a8ab-6b0f13fa.json",
        "label_id": 5,
        "box": {
          "x1": 467.259362,
          "y1": 517.233626,
          "x2": 479.752928,
          "y2": 517.233626
        }
      },
      {
        "file": "100k/train/8d11b847-fc2f1c6e.json",
        "label_id": 30,
        "box": {
          "x1": 404.615518,
          "y1": 427.240597,
          "x2": 413.401957,
          "y2": 427.240597
        }
      },
      {
        "file": "100k/train/8da40698-f3c727f3.json",
        "label_id": 3,
        "box": {
          "x1": 610.199786,
          "y1": 240.299916,
          "x2": 645.299774,
          "y2": 240.299916
        }
      },
      {
        "file": "100k/train/8e58b19b-e62a02c0.json",
        "label_id": 1,
        "box": {
          "x1": 131.283128,
          "y1": 363.553279,
          "x2": 152.742872,
          "y2": 363.553279
        }
      },
      {
        "file": "100k/train/8ed1a7f8-e8a48ae9.json",
        "label_id": 54,
        "box": {
          "x1": 351.277072,
          "y1": 337.305825,
          "x2": 351.277072,
          "y2": 347.285287
        }
      },
      {
        "file": "100k/train/8f4d80ca-2c2c0996.json",
        "label_id": 10,
        "box": {
          "x1": 323.01736,
          "y1": 488.246878,
          "x2": 337.99426,
          "y2": 488.246878
        }
      },
      {
        "file": "100k/train/8fe4ca9c-ee5a7a4e.json",
        "label_id": 1,
        "box": {
          "x1": 811.39841,
          "y1": 505.775671,
          "x2": 811.39841,
          "y2": 515.363835
        }
      },
      {
        "file": "100k/train/902c76f4-39ebe859.json",
        "label_id": 33,
        "box": {
          "x1": 41.567017,
          "y1": 209.319623,
          "x2": 138.06188,
          "y2": 209.319623
        }
      },
      {
        "file": "100k/train/903440fd-224e682f.json",
        "label_id": 16,
        "box": {
          "x1": 447.656752,
          "y1": 507.088698,
          "x2": 447.656752,
          "y2": 514.757335
        }
      },
      {
        "file": "100k/train/912f23a7-1ffee102.json",
        "label_id": 6,
        "box": {
          "x1": 655.240871,
          "y1": 248.398704,
          "x2": 687.533207,
          "y2": 248.398704
        }
      },
      {
        "file": "100k/train/914e6f0a-c0187bb9.json",
        "label_id": 16,
        "box": {
          "x1": 1179.655028,
          "y1": 340.460037,
          "x2": 1179.655028,
          "y2": 352.155231
        }
      },
      {
        "file": "100k/train/91dcfcc6-78625b3f.json",
        "label_id": 4,
        "box": {
          "x1": 765.057241,
          "y1": 561.922347,
          "x2": 779.042864,
          "y2": 561.922347
        }
      },
      {
        "file": "100k/train/921c112b-9e5ff46d.json",
        "label_id": 6,
        "box": {
          "x1": 1172.153549,
          "y1": 309.717857,
          "x2": 1172.153549,
          "y2": 312.166219
        }
      },
      {
        "file": "100k/train/932ab3d2-0ef6d829.json",
        "label_id": 10,
        "box": {
          "x1": 846.145775,
          "y1": 461.811544,
          "x2": 853.630375,
          "y2": 461.811544
        }
      },
      {
        "file": "100k/train/9358b68c-df269862.json",
        "label_id": 19,
        "box": {
          "x1": 416.179344,
          "y1": 265.586229,
          "x2": 416.179344,
          "y2": 273.661757
        }
      },
      {
        "file": "100k/train/949b5ad1-108352c0.json",
        "label_id": 11,
        "box": {
          "x1": 96.944194,
          "y1": 450.189476,
          "x2": 107.175773,
          "y2": 450.189476
        }
      },
      {
        "file": "100k/train/94b2bbc8-afbc4017.json",
        "label_id": 1,
        "box": {
          "x1": 684.013816,
          "y1": 521.099818,
          "x2": 694.813814,
          "y2": 521.099818
        }
      },
      {
        "file": "100k/train/94b2bbc8-afbc4017.json",
        "label_id": 5,
        "box": {
          "x1": 693.463813,
          "y1": 529.199815,
          "x2": 706.963808,
          "y2": 529.199815
        }
      },
      {
        "file": "100k/train/94ea1da6-7206cda3.json",
        "label_id": 10,
        "box": {
          "x1": 569.171219,
          "y1": 497.319671,
          "x2": 592.923801,
          "y2": 497.319671
        }
      },
      {
        "file": "100k/train/954149ed-0b94f164.json",
        "label_id": 5,
        "box": {
          "x1": 471.030854,
          "y1": 227.531853,
          "x2": 477.018534,
          "y2": 227.531853
        }
      },
      {
        "file": "100k/train/95b248e8-5d7a137e.json",
        "label_id": 3,
        "box": {
          "x1": 592.310074,
          "y1": 446.422861,
          "x2": 592.310074,
          "y2": 457.00245
        }
      },
      {
        "file": "100k/train/96c628be-830e2590.json",
        "label_id": 30,
        "box": {
          "x1": 67.429227,
          "y1": 362.148434,
          "x2": 67.429227,
          "y2": 385.664566
        }
      },
      {
        "file": "100k/train/96fc04e6-6497197f.json",
        "label_id": 15,
        "box": {
          "x1": 331.412625,
          "y1": 631.262184,
          "x2": 345.759493,
          "y2": 631.262184
        }
      },
      {
        "file": "100k/train/9838acd6-0b193868.json",
        "label_id": 2,
        "box": {
          "x1": 524.056698,
          "y1": 616.390497,
          "x2": 540.277501,
          "y2": 616.390497
        }
      },
      {
        "file": "100k/train/98616cb1-c45d3bab.json",
        "label_id": 14,
        "box": {
          "x1": 642.387575,
          "y1": 409.719794,
          "x2": 656.163956,
          "y2": 409.719794
        }
      },
      {
        "file": "100k/train/99131a21-68b41c99.json",
        "label_id": 2,
        "box": {
          "x1": 375.573967,
          "y1": 544.27031,
          "x2": 390.547015,
          "y2": 544.27031
        }
      },
      {
        "file": "100k/train/9b9188bc-02390bc4.json",
        "label_id": 17,
        "box": {
          "x1": 431.722899,
          "y1": 517.817928,
          "x2": 442.952685,
          "y2": 517.817928
        }
      },
      {
        "file": "100k/train/9c972d01-7661d633.json",
        "label_id": 13,
        "box": {
          "x1": 957.675779,
          "y1": 514.136844,
          "x2": 957.675779,
          "y2": 529.484211
        }
      },
      {
        "file": "100k/train/9cb63a31-be1e4ead.json",
        "label_id": 3,
        "box": {
          "x1": 772.05673,
          "y1": 351.5273,
          "x2": 781.056729,
          "y2": 351.5273
        }
      },
      {
        "file": "100k/train/9cbc3c3c-cbce2a9a.json",
        "label_id": 2,
        "box": {
          "x1": 493.762172,
          "y1": 426.937206,
          "x2": 508.949661,
          "y2": 426.937206
        }
      },
      {
        "file": "100k/train/9ded8362-4eb14ec0.json",
        "label_id": 7,
        "box": {
          "x1": 182.905696,
          "y1": 527.957259,
          "x2": 198.639522,
          "y2": 527.957259
        }
      },
      {
        "file": "100k/train/9f68b0a6-b2c427e6.json",
        "label_id": 4,
        "box": {
          "x1": 1280,
          "y1": 438.147355,
          "x2": 1280,
          "y2": 458.978453
        }
      },
      {
        "file": "100k/train/9f6aa50a-bdbfa371.json",
        "label_id": 0,
        "box": {
          "x1": 753.299735,
          "y1": 395.549862,
          "x2": 764.099734,
          "y2": 395.549862
        }
      },
      {
        "file": "100k/train/9f7d0810-13f4cf99.json",
        "label_id": 1,
        "box": {
          "x1": 313.186265,
          "y1": 479.137553,
          "x2": 323.168296,
          "y2": 479.137553
        }
      },
      {
        "file": "100k/train/9fda770d-c9ead727.json",
        "label_id": 17,
        "box": {
          "x1": 397.799861,
          "y1": 424.799848,
          "x2": 397.799861,
          "y2": 439.649843
        }
      },
      {
        "file": "100k/train/9ff1eb06-cb44aeae.json",
        "label_id": 23,
        "box": {
          "x1": 369.335197,
          "y1": 570.223598,
          "x2": 381.812737,
          "y2": 570.223598
        }
      },
      {
        "file": "100k/train/a01af76d-46218955.json",
        "label_id": 3,
        "box": {
          "x1": 1042.706487,
          "y1": 360.600918,
          "x2": 1053.936273,
          "y2": 360.600918
        }
      },
      {
        "file": "100k/train/a0f99bf5-73754c0c.json",
        "label_id": 3,
        "box": {
          "x1": 455.856713,
          "y1": 484.649662,
          "x2": 469.356704,
          "y2": 484.649662
        }
      },
      {
        "file": "100k/train/a1597863-fe66afc5.json",
        "label_id": 0,
        "box": {
          "x1": 524.206628,
          "y1": 436.825865,
          "x2": 533.19276,
          "y2": 436.825865
        }
      },
      {
        "file": "100k/train/a179876b-4c48b230.json",
        "label_id": 9,
        "box": {
          "x1": 637.874561,
          "y1": 525.374629,
          "x2": 651.374551,
          "y2": 525.374629
        }
      },
      {
        "file": "100k/train/a2381659-ad6a99b4.json",
        "label_id": 15,
        "box": {
          "x1": 624.739774,
          "y1": 534.829757,
          "x2": 640.046865,
          "y2": 534.829757
        }
      },
      {
        "file": "100k/train/a26b5561-5d594b3b.json",
        "label_id": 7,
        "box": {
          "x1": 831.488953,
          "y1": 502.483438,
          "x2": 848.970982,
          "y2": 502.483438
        }
      },
      {
        "file": "100k/train/a27a785d-59ec046d.json",
        "label_id": 9,
        "box": {
          "x1": 660.044071,
          "y1": 464.062181,
          "x2": 660.044071,
          "y2": 480.937169
        }
      },
      {
        "file": "100k/train/a288a070-09816b70.json",
        "label_id": 23,
        "box": {
          "x1": 435.104865,
          "y1": 555.412253,
          "x2": 441.757844,
          "y2": 555.412253
        }
      },
      {
        "file": "100k/train/a2eb57b6-0a87ea9a.json",
        "label_id": 14,
        "box": {
          "x1": 337.71959,
          "y1": 490.777492,
          "x2": 626.379784,
          "y2": 490.777492
        }
      },
      {
        "file": "100k/train/a32543af-13371e54.json",
        "label_id": 8,
        "box": {
          "x1": 690.007985,
          "y1": 432.970653,
          "x2": 690.007985,
          "y2": 447.9437
        }
      },
      {
        "file": "100k/train/a32543af-5af81864.json",
        "label_id": 11,
        "box": {
          "x1": 799.810341,
          "y1": 576.462368,
          "x2": 812.287882,
          "y2": 576.462368
        }
      },
      {
        "file": "100k/train/a41389ac-6fbb229d.json",
        "label_id": 13,
        "box": {
          "x1": 496.606109,
          "y1": 511.579158,
          "x2": 517.817926,
          "y2": 511.579158
        }
      },
      {
        "file": "100k/train/a41bc92e-8e03342b.json",
        "label_id": 11,
        "box": {
          "x1": 576.731862,
          "y1": 609.493033,
          "x2": 584.816888,
          "y2": 609.493033
        }
      },
      {
        "file": "100k/train/a5de6d87-50bae249.json",
        "label_id": 2,
        "box": {
          "x1": 1277.709872,
          "y1": 418.251211,
          "x2": 1277.709872,
          "y2": 427.06976
        }
      },
      {
        "file": "100k/train/a629aa2c-e992ca2d.json",
        "label_id": 17,
        "box": {
          "x1": 596.085256,
          "y1": 605.763779,
          "x2": 596.085256,
          "y2": 612.951944
        }
      },
      {
        "file": "100k/train/a6370d59-ee1c603e.json",
        "label_id": 0,
        "box": {
          "x1": 732.25516,
          "y1": 71.718244,
          "x2": 758.112478,
          "y2": 71.718244
        }
      },
      {
        "file": "100k/train/a65d7ec1-c0257031.json",
        "label_id": 9,
        "box": {
          "x1": 357.264748,
          "y1": 510.948468,
          "x2": 357.264748,
          "y2": 530.907393
        }
      },
      {
        "file": "100k/train/a7ccc3b0-46c06697.json",
        "label_id": 27,
        "box": {
          "x1": 1057.823,
          "y1": 472.028564,
          "x2": 1068.800409,
          "y2": 472.028564
        }
      },
      {
        "file": "100k/train/a84a47c0-58285c04.json",
        "label_id": 9,
        "box": {
          "x1": 1062.812732,
          "y1": 539.888909,
          "x2": 1071.794248,
          "y2": 539.888909
        }
      },
      {
        "file": "100k/train/a8c1b364-20f9503e.json",
        "label_id": 8,
        "box": {
          "x1": 102.095044,
          "y1": 140.555508,
          "x2": 102.095044,
          "y2": 232.510977
        }
      },
      {
        "file": "100k/train/a8d417c6-08e9209d.json",
        "label_id": 17,
        "box": {
          "x1": 318.344846,
          "y1": 438.098395,
          "x2": 318.344846,
          "y2": 446.081961
        }
      },
      {
        "file": "100k/train/a8e575f1-fec3ad04.json",
        "label_id": 18,
        "box": {
          "x1": 976.263585,
          "y1": 374.697622,
          "x2": 985.2451,
          "y2": 374.697622
        }
      },
      {
        "file": "100k/train/a8e89101-c21fa9b7.json",
        "label_id": 20,
        "box": {
          "x1": 365.368977,
          "y1": 142.903306,
          "x2": 379.530567,
          "y2": 142.903306
        }
      },
      {
        "file": "100k/train/a93859c0-1ed665ee.json",
        "label_id": 2,
        "box": {
          "x1": 239.522847,
          "y1": 304.732439,
          "x2": 245.510528,
          "y2": 304.732439
        }
      },
      {
        "file": "100k/train/ab5914fc-66575892.json",
        "label_id": 14,
        "box": {
          "x1": 1059.46858,
          "y1": 343.404956,
          "x2": 1065.341695,
          "y2": 343.404956
        }
      },
      {
        "file": "100k/train/ab937857-583da1b8.json",
        "label_id": 23,
        "box": {
          "x1": 854.920509,
          "y1": 208.018945,
          "x2": 863.706948,
          "y2": 208.018945
        }
      },
      {
        "file": "100k/train/abfc562d-29e63b0d.json",
        "label_id": 13,
        "box": {
          "x1": 1044.7697,
          "y1": 446.540946,
          "x2": 1044.7697,
          "y2": 464.022975
        }
      },
      {
        "file": "100k/train/ac4debbc-f84f17fc.json",
        "label_id": 43,
        "box": {
          "x1": 700.312255,
          "y1": 613.574786,
          "x2": 742.162239,
          "y2": 613.574786
        }
      },
      {
        "file": "100k/train/ac7f08eb-31a9f4de.json",
        "label_id": 8,
        "box": {
          "x1": 1084.298263,
          "y1": 321.920543,
          "x2": 1096.775804,
          "y2": 321.920543
        }
      },
      {
        "file": "100k/train/aca55728-bd07617b.json",
        "label_id": 2,
        "box": {
          "x1": 604.755412,
          "y1": 350.279126,
          "x2": 612.738983,
          "y2": 350.279126
        }
      },
      {
        "file": "100k/train/ad6ff209-9075eaaf.json",
        "label_id": 8,
        "box": {
          "x1": 660.767653,
          "y1": 456.581026,
          "x2": 660.767653,
          "y2": 476.350517
        }
      },
      {
        "file": "100k/train/ae644473-67b90d32.json",
        "label_id": 36,
        "box": {
          "x1": 601.73608,
          "y1": 482.715619,
          "x2": 601.73608,
          "y2": 492.633986
        }
      },
      {
        "file": "100k/train/ae7030f5-17b72528.json",
        "label_id": 13,
        "box": {
          "x1": 59.697654,
          "y1": 362.778053,
          "x2": 93.373254,
          "y2": 362.778053
        }
      },
      {
        "file": "100k/train/ae8327a0-fb5837e1.json",
        "label_id": 8,
        "box": {
          "x1": 252.306796,
          "y1": 72.527337,
          "x2": 252.306796,
          "y2": 81.527333
        }
      },
      {
        "file": "100k/train/afa46e13-f0399402.json",
        "label_id": 1,
        "box": {
          "x1": 545.877791,
          "y1": 297.551153,
          "x2": 545.877791,
          "y2": 310.775649
        }
      },
      {
        "file": "100k/train/afb5b1be-13bc5e62.json",
        "label_id": 3,
        "box": {
          "x1": 842.699387,
          "y1": 435.443561,
          "x2": 852.584131,
          "y2": 435.443561
        }
      },
      {
        "file": "100k/train/b0a1dce9-f1edeea1.json",
        "label_id": 12,
        "box": {
          "x1": 689.491203,
          "y1": 154.541131,
          "x2": 689.491203,
          "y2": 173.771362
        }
      },
      {
        "file": "100k/train/b0d51837-42337bb1.json",
        "label_id": 11,
        "box": {
          "x1": 242.064283,
          "y1": 44.919146,
          "x2": 253.29407,
          "y2": 44.919146
        }
      },
      {
        "file": "100k/train/b0ec08d7-fc05d15b.json",
        "label_id": 3,
        "box": {
          "x1": 553.499619,
          "y1": 134.999907,
          "x2": 553.499619,
          "y2": 148.4999
        }
      },
      {
        "file": "100k/train/b196fdbf-7c5f7319.json",
        "label_id": 5,
        "box": {
          "x1": 161.999943,
          "y1": 256.49991,
          "x2": 161.999943,
          "y2": 268.649907
        }
      }
    ],
    "normalized_file": "data\\bdd100k\\labels\\official_raw\\det_train.json",
    "sha256": "68c9fda218894c0eebdb438412d33a1439d0a55536f078d91314c20b46c7853d"
  },
  "val": {
    "frames": 10000,
    "empty_images": 0,
    "box_counts": {
      "traffic sign": 34915,
      "traffic light": 26891,
      "car": 102540,
      "rider": 649,
      "motorcycle": 452,
      "pedestrian": 13265,
      "bus": 1597,
      "truck": 4247,
      "bicycle": 1007,
      "train": 15
    },
    "non_box_objects_excluded": 93711,
    "single_pixel_dimension_boxes": [
      {
        "file": "100k/val/b2505382-2905b23c.json",
        "label_id": 10,
        "box": {
          "x1": 697.203922,
          "y1": 542.56261,
          "x2": 697.203922,
          "y2": 551.349049
        }
      },
      {
        "file": "100k/val/b2715214-13e3dd85.json",
        "label_id": 3,
        "box": {
          "x1": 578.197078,
          "y1": 509.712984,
          "x2": 578.197078,
          "y2": 514.702718
        }
      },
      {
        "file": "100k/val/b2d9b817-9a617024.json",
        "label_id": 11,
        "box": {
          "x1": 899.332927,
          "y1": 593.231825,
          "x2": 917.759455,
          "y2": 593.231825
        }
      },
      {
        "file": "100k/val/b30b460d-0e26bd8a.json",
        "label_id": 20,
        "box": {
          "x1": 420.46799,
          "y1": 450.645487,
          "x2": 429.449505,
          "y2": 450.645487
        }
      },
      {
        "file": "100k/val/b3683422-cce330a8.json",
        "label_id": 3,
        "box": {
          "x1": 707.867251,
          "y1": 547.639316,
          "x2": 707.867251,
          "y2": 557.127384
        }
      },
      {
        "file": "100k/val/b4a23106-80491109.json",
        "label_id": 5,
        "box": {
          "x1": 596.426433,
          "y1": 640.097825,
          "x2": 606.408467,
          "y2": 640.097825
        }
      },
      {
        "file": "100k/val/b5115080-37a89b9c.json",
        "label_id": 11,
        "box": {
          "x1": 858.952727,
          "y1": 529.979469,
          "x2": 878.251701,
          "y2": 529.979469
        }
      },
      {
        "file": "100k/val/b5764fb7-c47fa3ec.json",
        "label_id": 21,
        "box": {
          "x1": 955.336932,
          "y1": 492.744382,
          "x2": 1006.912432,
          "y2": 492.744382
        }
      },
      {
        "file": "100k/val/b5d8894a-d99dbb00.json",
        "label_id": 3,
        "box": {
          "x1": 113.091082,
          "y1": 400.881336,
          "x2": 121.32837,
          "y2": 400.881336
        }
      },
      {
        "file": "100k/val/b66ecd35-8de7da84.json",
        "label_id": 8,
        "box": {
          "x1": 607.731608,
          "y1": 563.962107,
          "x2": 621.231599,
          "y2": 563.962107
        }
      },
      {
        "file": "100k/val/b6f77fda-46184a8c.json",
        "label_id": 21,
        "box": {
          "x1": 271.422675,
          "y1": 244.792526,
          "x2": 271.422675,
          "y2": 252.986418
        }
      },
      {
        "file": "100k/val/b738d22a-6ac5e1d6.json",
        "label_id": 22,
        "box": {
          "x1": 414.367533,
          "y1": 434.204278,
          "x2": 414.367533,
          "y2": 449.632855
        }
      },
      {
        "file": "100k/val/b7d13f97-74ae37ed.json",
        "label_id": 6,
        "box": {
          "x1": 645.08884,
          "y1": 531.543222,
          "x2": 645.08884,
          "y2": 541.525255
        }
      },
      {
        "file": "100k/val/b803d91d-ff86709c.json",
        "label_id": 8,
        "box": {
          "x1": 598.921941,
          "y1": 321.920543,
          "x2": 610.151727,
          "y2": 321.920543
        }
      },
      {
        "file": "100k/val/b839982e-68902593.json",
        "label_id": 5,
        "box": {
          "x1": 481.63306,
          "y1": 586.444399,
          "x2": 481.63306,
          "y2": 596.426431
        }
      },
      {
        "file": "100k/val/b8f5cc6a-32756cda.json",
        "label_id": 35,
        "box": {
          "x1": 181.157493,
          "y1": 490.246019,
          "x2": 181.157493,
          "y2": 509.47625
        }
      },
      {
        "file": "100k/val/b93d4555-02be04c1.json",
        "label_id": 1,
        "box": {
          "x1": 746.816802,
          "y1": 475.734516,
          "x2": 761.19018,
          "y2": 475.734516
        }
      },
      {
        "file": "100k/val/ba0a3619-e721c302.json",
        "label_id": 1,
        "box": {
          "x1": 503.452977,
          "y1": 156.400269,
          "x2": 503.452977,
          "y2": 171.083047
        }
      },
      {
        "file": "100k/val/ba41a907-c8e44897.json",
        "label_id": 5,
        "box": {
          "x1": 238.848187,
          "y1": 612.620217,
          "x2": 252.83381,
          "y2": 612.620217
        }
      },
      {
        "file": "100k/val/bb2f678a-9364842a.json",
        "label_id": 14,
        "box": {
          "x1": 1144.190456,
          "y1": 394.290278,
          "x2": 1155.420243,
          "y2": 394.290278
        }
      },
      {
        "file": "100k/val/bbda6802-894aa456.json",
        "label_id": 2,
        "box": {
          "x1": 267.60284,
          "y1": 452.302324,
          "x2": 281.082048,
          "y2": 452.302324
        }
      },
      {
        "file": "100k/val/bca3720a-93049dc4.json",
        "label_id": 5,
        "box": {
          "x1": 759.606501,
          "y1": 448.87469,
          "x2": 759.606501,
          "y2": 462.374681
        }
      },
      {
        "file": "100k/val/bd99cc57-f7a56498.json",
        "label_id": 11,
        "box": {
          "x1": 712.904494,
          "y1": 528.030406,
          "x2": 723.482488,
          "y2": 528.030406
        }
      },
      {
        "file": "100k/val/bdbfc024-03ba558f.json",
        "label_id": 3,
        "box": {
          "x1": 149.414004,
          "y1": 569.699802,
          "x2": 161.564,
          "y2": 569.699802
        }
      },
      {
        "file": "100k/val/be85bd88-4aad89d7.json",
        "label_id": 9,
        "box": {
          "x1": 1195.705068,
          "y1": 375.714657,
          "x2": 1205.10773,
          "y2": 375.714657
        }
      },
      {
        "file": "100k/val/bedbeb83-cfb5b8eb.json",
        "label_id": 2,
        "box": {
          "x1": 68.246302,
          "y1": 182.386459,
          "x2": 72.238088,
          "y2": 182.386459
        }
      },
      {
        "file": "100k/val/bf5d49a3-e2779858.json",
        "label_id": 11,
        "box": {
          "x1": 868.176454,
          "y1": 458.293084,
          "x2": 868.176454,
          "y2": 470.274602
        }
      },
      {
        "file": "100k/val/c05f6683-01c5215b.json",
        "label_id": 7,
        "box": {
          "x1": 980.383029,
          "y1": 308.964362,
          "x2": 987.701306,
          "y2": 308.964362
        }
      },
      {
        "file": "100k/val/c0775b6f-d6afcd0e.json",
        "label_id": 13,
        "box": {
          "x1": 423.146924,
          "y1": 530.996086,
          "x2": 431.933359,
          "y2": 530.996086
        }
      },
      {
        "file": "100k/val/c093f8be-ca74d5ff.json",
        "label_id": 9,
        "box": {
          "x1": 682.90672,
          "y1": 353.593799,
          "x2": 682.90672,
          "y2": 376.554435
        }
      },
      {
        "file": "100k/val/c0e6d0ec-17a4eb38.json",
        "label_id": 7,
        "box": {
          "x1": 726.355545,
          "y1": 330.772174,
          "x2": 726.355545,
          "y2": 343.700832
        }
      },
      {
        "file": "100k/val/c1356a63-e9e5a5f2.json",
        "label_id": 21,
        "box": {
          "x1": 473.199577,
          "y1": 450.02847,
          "x2": 486.975958,
          "y2": 450.02847
        }
      },
      {
        "file": "100k/val/c1b3582d-3eb61cdc.json",
        "label_id": 16,
        "box": {
          "x1": 502.965233,
          "y1": 374.562733,
          "x2": 509.618214,
          "y2": 374.562733
        }
      },
      {
        "file": "100k/val/c239dcd2-bbd38c33.json",
        "label_id": 3,
        "box": {
          "x1": 726.396754,
          "y1": 517.959416,
          "x2": 763.866158,
          "y2": 517.959416
        }
      },
      {
        "file": "100k/val/c338bae4-6f7b7153.json",
        "label_id": 14,
        "box": {
          "x1": 1052.317884,
          "y1": 415.657897,
          "x2": 1067.665253,
          "y2": 415.657897
        }
      },
      {
        "file": "100k/val/c4f59bdd-00356764.json",
        "label_id": 8,
        "box": {
          "x1": 487.394254,
          "y1": 509.455191,
          "x2": 487.394254,
          "y2": 519.999572
        }
      },
      {
        "file": "100k/val/c55ab634-b93da9ef.json",
        "label_id": 22,
        "box": {
          "x1": 1122.178144,
          "y1": 469.478954,
          "x2": 1134.159663,
          "y2": 469.478954
        }
      },
      {
        "file": "100k/val/c55ab634-b93da9ef.json",
        "label_id": 23,
        "box": {
          "x1": 1122.178144,
          "y1": 396.092153,
          "x2": 1147.63887,
          "y2": 396.092153
        }
      },
      {
        "file": "100k/val/c585c0c4-f0596352.json",
        "label_id": 3,
        "box": {
          "x1": 941.596557,
          "y1": 214.29927,
          "x2": 970.680028,
          "y2": 214.29927
        }
      },
      {
        "file": "100k/val/c5b2506d-1c31cee3.json",
        "label_id": 12,
        "box": {
          "x1": 556.299794,
          "y1": 401.04416,
          "x2": 556.299794,
          "y2": 411.150024
        }
      },
      {
        "file": "100k/val/c5c8a92c-ed6160d8.json",
        "label_id": 26,
        "box": {
          "x1": 495.513887,
          "y1": 324.665388,
          "x2": 502.166867,
          "y2": 324.665388
        }
      },
      {
        "file": "100k/val/c62dc284-926392bf.json",
        "label_id": 7,
        "box": {
          "x1": 612.794106,
          "y1": 408.374718,
          "x2": 612.794106,
          "y2": 421.874711
        }
      },
      {
        "file": "100k/val/c6549c4a-58a407e4.json",
        "label_id": 10,
        "box": {
          "x1": 857.289408,
          "y1": 180.014115,
          "x2": 857.289408,
          "y2": 187.359197
        }
      },
      {
        "file": "100k/val/c69d1519-dfb88cdf.json",
        "label_id": 10,
        "box": {
          "x1": 522.449817,
          "y1": 481.949831,
          "x2": 522.449817,
          "y2": 492.749828
        }
      },
      {
        "file": "100k/val/c7648772-cbd18adf.json",
        "label_id": 26,
        "box": {
          "x1": 232.840634,
          "y1": 349.260952,
          "x2": 232.840634,
          "y2": 377.5423
        }
      },
      {
        "file": "100k/val/c7cc0f8c-a9cabb69.json",
        "label_id": 15,
        "box": {
          "x1": 636.098165,
          "y1": 408.196753,
          "x2": 645.214222,
          "y2": 408.196753
        }
      },
      {
        "file": "100k/val/c8069625-0a547aca.json",
        "label_id": 9,
        "box": {
          "x1": 1163.243131,
          "y1": 520.5045,
          "x2": 1163.243131,
          "y2": 525.643474
        }
      },
      {
        "file": "100k/val/c8650e15-38bef9dc.json",
        "label_id": 13,
        "box": {
          "x1": 739.356519,
          "y1": 642.937058,
          "x2": 752.856511,
          "y2": 642.937058
        }
      },
      {
        "file": "100k/val/c92aeef7-a19d7070.json",
        "label_id": 9,
        "box": {
          "x1": 630.115792,
          "y1": 561.489319,
          "x2": 646.336594,
          "y2": 561.489319
        }
      },
      {
        "file": "100k/val/ca049e30-02338b16.json",
        "label_id": 6,
        "box": {
          "x1": 763.338168,
          "y1": 209.676574,
          "x2": 790.296585,
          "y2": 209.676574
        }
      },
      {
        "file": "100k/val/ca057c8b-e42f0882.json",
        "label_id": 9,
        "box": {
          "x1": 991.431703,
          "y1": 432.527289,
          "x2": 1000.431701,
          "y2": 432.527289
        }
      },
      {
        "file": "100k/val/ca3e6e3d-cc5275dd.json",
        "label_id": 19,
        "box": {
          "x1": 1142.991473,
          "y1": 225.535848,
          "x2": 1150.97504,
          "y2": 225.535848
        }
      }
    ],
    "normalized_file": "data\\bdd100k\\labels\\official_raw\\det_val.json",
    "sha256": "f30577cac8b43041871257255cdb6f68dd3c8b8a0450dc2141730ddef5e83a3c"
  }
}
